ROUTE,ORIGIN_AIRPORT,ORIGIN_AIRPORT_NAME,DESTINATION_AIRPORT,DESTINATION_AIRPORT_NAME,ORIGIN_LATITUDE,ORIGIN_LONGITUDE,DESTINATION_LATITUDE,DESTINATION_LONGITUDE,flights,delayed_flights,avg_arrival_delay,delayed_15_rate,delayed_15_pct,adjusted_delay_rate,adjusted_delay_pct,flights_normalized,avg_arrival_delay_positive,avg_delay_normalized,delay_impact_score,cluster,pca_1,pca_2
CLT-MIA,CLT,Charlotte Douglas International Airport,MIA,Miami International Airport,35.21401,-80.94313,25.79325,-80.29056,3232,694,11.995358910891088,0.2147277227722772,21.47,0.2138688736491081,21.39,21.90295473027921,11.995358910891088,3.1483881655882127,18.78,0,1.7249097477082902,0.825495667646014
IAH-PHX,IAH,George Bush Intercontinental Airport,PHX,Phoenix Sky Harbor International Airport,29.98047,-95.33972,33.43417,-112.00806,3535,718,13.34059405940594,0.2031117397454031,20.31,0.2026440404398426,20.26,23.956356736242885,13.34059405940594,3.5014682570619264,18.67,0,1.7339413621523807,1.00677302575925
LAS-SJC,LAS,McCarran International Airport,SJC,Norman Y. Mineta San José International Airport,36.08036,-115.15233,37.36186,-121.92901,3036,663,11.06949934123847,0.2183794466403162,21.84,0.2173504741705446,21.74,20.574681485497425,11.06949934123847,2.905380404524533,18.62,0,1.5991518430364273,0.7317061625685335
SAN-SJC,SAN,San Diego International Airport (Lindbergh Field),SJC,Norman Y. Mineta San José International Airport,32.73356,-117.18966,37.36186,-121.92901,3259,682,11.08837066584842,0.209266646210494,20.93,0.2085772810356737,20.86,22.08593114665221,11.08837066584842,2.910333508096698,18.47,0,1.4790056995133742,0.9618705171622042
OAK-SEA,OAK,Oakland International Airport,SEA,Seattle-Tacoma International Airport,37.72129,-122.22072,47.44898,-122.30931,3537,711,10.800113090189424,0.2010178117048346,20.1,0.2006079425347341,20.06,23.969910544863108,10.800113090189424,2.8346753517557546,18.45,0,1.3740271146194334,1.252218459691281
SEA-OAK,SEA,Seattle-Tacoma International Airport,OAK,Oakland International Airport,47.44898,-122.30931,37.72129,-122.22072,3552,710,10.730574324324325,0.1998873873873874,19.99,0.1995101552570723,19.95,24.07156410951477,10.730574324324325,2.816423707171739,18.41,0,1.3427776288629087,1.27632125825654
DFW-SAN,DFW,Dallas/Fort Worth International Airport,SAN,San Diego International Airport (Lindbergh Field),32.89595,-97.0372,32.73356,-117.18966,3541,703,12.971759390002823,0.1985314882801468,19.85,0.1981903562204966,19.82,23.99701816210355,12.971759390002823,3.4046612572185886,18.4,0,1.5627563838782803,1.0702418099612427
DEN-IAD,DEN,Denver International Airport,IAD,Washington Dulles International Airport,39.85841,-104.667,38.94453,-77.45581,3420,690,12.548538011695909,0.2017543859649122,20.18,0.2013099678973943,20.13,23.177012740580103,12.548538011695909,3.293579530628847,18.37,0,1.5346218637656839,0.9975382289715419
BWI-CLT,BWI,Baltimore-Washington International Airport,CLT,Charlotte Douglas International Airport,39.1754,-76.6682,35.21401,-80.94313,3639,711,11.211046990931576,0.1953833470733718,19.54,0.1951353535701599,19.51,24.661154784494443,11.211046990931576,2.942532018617211,18.31,0,1.3204095251751282,1.3234781947704133
ORD-GRR,ORD,Chicago O'Hare International Airport,GRR,Gerald R. Ford International Airport,41.9796,-87.90446,42.88082,-85.52277,3173,654,13.06366214938544,0.2061140876142451,20.61,0.20550292911666,20.55,21.50311737598265,13.06366214938544,3.428782716374131,18.22,0,1.5719563680865705,0.733268740610802
TUS-LAX,TUS,Tucson International Airport,LAX,Los Angeles International Airport,32.11608,-110.94103,33.94254,-118.40807,2813,606,12.64415215072876,0.2154283682900817,21.54,0.2144219316851452,21.44,19.06343182434264,12.64415215072876,3.318675105178152,18.13,0,1.5660209090029253,0.4300682254298717
SAN-OAK,SAN,San Diego International Airport (Lindbergh Field),OAK,Oakland International Airport,32.73356,-117.18966,37.72129,-122.22072,3771,713,10.19199151418722,0.1890745160434898,18.91,0.1889979558250654,18.9,25.555706153429117,10.19199151418722,2.675063389550451,18.13,0,1.0946689899287125,1.5500154294617148
LAX-MIA,LAX,Los Angeles International Airport,MIA,Miami International Airport,33.94254,-118.40807,25.79325,-80.29056,3280,665,11.103353658536586,0.2027439024390244,20.27,0.2022518008872272,20.23,22.228246137164543,11.103353658536586,2.91426605210934,18.13,0,1.3081137152139566,1.0158960248958218
MIA-IAH,MIA,Miami International Airport,IAH,George Bush Intercontinental Airport,25.79325,-80.29056,29.98047,-95.33972,3101,639,13.498548855207998,0.2060625604643663,20.61,0.2054392649168472,20.54,21.01518026565465,13.498548855207998,3.5429262087160103,18.11,0,1.5789967744621736,0.6375282217156989
CLT-DCA,CLT,Charlotte Douglas International Airport,DCA,Ronald Reagan Washington National Airport,35.21401,-80.94313,38.85208,-77.03772,2669,585,12.135256650430874,0.2191832146871487,21.92,0.2179888360414691,21.8,18.08755760368664,12.135256650430874,3.1851067323965547,18.08,0,1.5222624108290392,0.3364437975661264
AUS-DEN,AUS,Austin-Bergstrom International Airport,DEN,Denver International Airport,30.19453,-97.66987,39.85841,-104.667,3094,634,14.317388493859085,0.204912734324499,20.49,0.2043240723227389,20.43,20.967741935483872,14.317388493859085,3.7578447490443785,18.06,0,1.638781278410044,0.5642757076661166
BOS-CLT,BOS,Gen. Edward Lawrence Logan International Airport,CLT,Charlotte Douglas International Airport,42.36435,-71.00518,35.21401,-80.94313,3833,710,10.48134620401774,0.1852334985650926,18.52,0.1852558065087282,18.53,25.975874220656003,10.48134620401774,2.751009502366861,18.02,0,1.052653958055081,1.5897576400022173
DEN-MCO,DEN,Denver International Airport,MCO,Orlando International Airport,39.85841,-104.667,28.42889,-81.31603,3144,642,11.958651399491094,0.2041984732824427,20.42,0.2036409022807731,20.36,21.30658715098943,11.958651399491094,3.1387536481603924,18.01,0,1.3686889828979496,0.8234678127135201
DEN-DTW,DEN,Denver International Airport,DTW,Detroit Metropolitan Airport,39.85841,-104.667,42.21206,-83.34884,2928,612,13.567964480874316,0.2090163934426229,20.9,0.2082599362611717,20.83,19.84277582000542,13.567964480874316,3.561145533037878,17.99,0,1.5668816007855404,0.47725680594635383
SJC-SAN,SJC,Norman Y. Mineta San José International Airport,SAN,San Diego International Airport (Lindbergh Field),37.36186,-121.92901,32.73356,-117.18966,3255,652,10.642396313364054,0.2003072196620583,20.03,0.199884079582363,19.99,22.058823529411764,10.642396313364054,2.79327987227403,17.93,0,1.1698415511002616,1.0533022433663757
IAH-CLT,IAH,George Bush Intercontinental Airport,CLT,Charlotte Douglas International Airport,29.98047,-95.33972,35.21401,-80.94313,3666,679,11.34124386252046,0.185215493726132,18.52,0.18523926898535,18.52,24.844131200867444,11.34124386252046,2.9767044258583883,17.77,0,1.0580421949584806,1.3866379567436709
IAD-DEN,IAD,Washington Dulles International Airport,DEN,Denver International Airport,38.94453,-77.45581,39.85841,-104.667,3338,645,13.42989814260036,0.1932294787297783,19.32,0.1930224220473612,19.3,22.62130658715099,13.42989814260036,3.524907648976473,17.76,0,1.3460843573048547,0.9032348008990059
MCO-BWI,MCO,Orlando International Airport,BWI,Baltimore-Washington International Airport,28.42889,-81.31603,39.1754,-76.6682,3266,641,11.903551745254134,0.1962645437844458,19.63,0.1959628897798063,19.6,22.13336947682299,11.903551745254134,3.1242917966546284,17.76,0,1.2112823183106551,0.9696862968840455
ORD-MSN,ORD,Chicago O'Hare International Airport,MSN,Dane County Regional Airport,41.9796,-87.90446,43.13986,-89.33751,3336,646,11.543764988009592,0.1936450839328537,19.36,0.1934258111172375,19.34,22.607752778530767,11.543764988009592,3.029859576905405,17.71,0,1.1334326478624117,1.072261852548759
CLT-PHX,CLT,Charlotte Douglas International Airport,PHX,Phoenix Sky Harbor International Airport,35.21401,-80.94313,33.43417,-112.00806,3078,622,10.144899285250162,0.2020792722547108,20.21,0.2015768052230422,20.16,20.85931146652209,10.144899285250162,2.6627032244751083,17.71,0,1.0564043363025344,0.95114717379397
MCO-DCA,MCO,Orlando International Airport,DCA,Ronald Reagan Washington National Airport,28.42889,-81.31603,38.85208,-77.03772,3605,667,12.44244105409154,0.1850208044382801,18.5,0.1850502259106148,18.51,24.430740037950663,12.44244105409154,3.265732560129013,17.7,0,1.1490800847698843,1.2406866330099169
DFW-BOS,DFW,Dallas/Fort Worth International Airport,BOS,Gen. Edward Lawrence Logan International Airport,32.89595,-97.0372,42.36435,-71.00518,3302,638,12.356147789218657,0.1932162325863113,19.32,0.1930073741913075,19.3,22.377338031986987,12.356147789218657,3.243083409243742,17.66,0,1.1982725362371942,0.9742409796916839
DCA-DFW,DCA,Ronald Reagan Washington National Airport,DFW,Dallas/Fort Worth International Airport,38.85208,-77.03772,32.89595,-97.0372,3373,641,14.093685146753632,0.1900385413578416,19.0,0.1899254497549174,18.99,22.85849823800488,14.093685146753632,3.699129959777856,17.66,0,1.3540415597907636,0.8875378602510557
HOU-MSY,HOU,William P. Hobby Airport,MSY,Louis Armstrong New Orleans International Airport,29.64542,-95.27889,29.99339,-90.25803,3283,638,10.766676819981724,0.1943344501979896,19.43,0.194091364764655,19.41,22.248576850094874,10.766676819981724,2.8258994278167258,17.63,0,1.0305612943082056,1.0987371830723744
LAX-BOS,LAX,Los Angeles International Airport,BOS,Gen. Edward Lawrence Logan International Airport,33.94254,-118.40807,42.36435,-71.00518,4412,719,8.609020852221215,0.1629646418857661,16.3,0.1634776345298821,16.35,29.89970181621036,8.609020852221215,2.25958552551738,17.62,0,0.4990363907028683,2.2876616933919216
FLL-BWI,FLL,Fort Lauderdale-Hollywood International Airport,BWI,Baltimore-Washington International Airport,26.07258,-80.15275,39.1754,-76.6682,4203,697,10.790625743516536,0.1658339281465619,16.58,0.1663051561698415,16.63,28.48332881539712,10.790625743516536,2.832185234518776,17.52,0,0.7273699096158659,1.9261623655968565
DEN-PDX,DEN,Denver International Airport,PDX,Portland International Airport,39.85841,-104.667,45.58872,-122.5975,3789,672,11.389284771707574,0.1773555027711797,17.74,0.1775806343530028,17.76,25.677690431011115,11.389284771707574,2.9893135883746917,17.52,0,0.9068700993600123,1.513819564851152
IND-ORD,IND,Indianapolis International Airport,ORD,Chicago O'Hare International Airport,39.71733,-86.29438,41.9796,-87.90446,3271,624,13.67685723020483,0.1907673494344237,19.08,0.1906292159593082,19.06,22.167253998373543,13.67685723020483,3.589726307140375,17.52,0,1.2678750093121347,0.8441963068815413
ORD-CID,ORD,Chicago O'Hare International Airport,CID,The Eastern Iowa Airport,41.9796,-87.90446,41.88459,-91.71087,2975,595,12.538151260504202,0.2,20.0,0.1995483209752286,19.95,20.161290322580644,12.538151260504202,3.2908533492137018,17.5,0,1.2189918934849977,0.6658899766330645
DFW-CLT,DFW,Dallas/Fort Worth International Airport,CLT,Charlotte Douglas International Airport,32.89595,-97.0372,35.21401,-80.94313,4315,700,9.784704519119352,0.1622247972190034,16.22,0.1627658181197798,16.28,29.242342098129576,9.784704519119352,2.568163915779357,17.46,0,0.5632675162526108,2.114243640796244
DCA-MCO,DCA,Ronald Reagan Washington National Airport,MCO,Orlando International Airport,38.85208,-77.03772,28.42889,-81.31603,3615,650,11.836237897648688,0.1798063623789765,17.98,0.1799760664868985,18.0,24.498509081051772,11.836237897648688,3.1066241201177656,17.39,0,0.932743131283582,1.331964867487687
MSP-LAX,MSP,Minneapolis-Saint Paul International Airport,LAX,Los Angeles International Airport,44.88055,-93.21692,33.94254,-118.40807,3358,633,9.771888028588446,0.1885050625372245,18.85,0.1884358261997767,18.84,22.75684467335321,9.771888028588446,2.5648000075035293,17.38,0,0.7902050204926622,1.2808444525830505
PHX-SMF,PHX,Phoenix Sky Harbor International Airport,SMF,Sacramento International Airport,33.43417,-112.00806,38.69542,-121.59077,3451,640,9.96551724137931,0.1854534917415242,18.55,0.1854720042238322,18.55,23.387096774193548,9.96551724137931,2.6156213231966694,17.37,0,0.780703420154258,1.3497023660420802
STL-ORD,STL,St. Louis International Airport at Lambert Field,ORD,Chicago O'Hare International Airport,38.74769,-90.35999,41.9796,-87.90446,2971,584,14.283406260518344,0.1965668125210367,19.66,0.1962263389771501,19.62,20.1341827053402,14.283406260518344,3.748925527695104,17.37,0,1.3286855897503766,0.5247696191884212
OAK-BUR,OAK,Oakland International Airport,BUR,Bob Hope Airport (Hollywood Burbank Airport),37.72129,-122.22072,34.20062,-118.3585,3959,677,9.181611518060116,0.171002778479414,17.1,0.1713749906377994,17.14,26.829764163730008,9.181611518060116,2.4098717895170907,17.35,0,0.5548250160408797,1.872485051842144
LAS-SLC,LAS,McCarran International Airport,SLC,Salt Lake City International Airport,36.08036,-115.15233,40.78839,-111.97777,4083,679,10.272103845211854,0.1662992897379377,16.63,0.1667729110683309,16.68,27.67010029818379,10.272103845211854,2.696090248087101,17.33,0,0.6150703087814476,1.8849475796570812
EWR-MIA,EWR,Newark Liberty International Airport,MIA,Miami International Airport,40.6925,-74.16866,25.79325,-80.29056,2905,577,12.983476764199656,0.1986230636833046,19.86,0.1982066845254003,19.82,19.686907020872862,12.983476764199656,3.40773668351697,17.32,0,1.1924065502513381,0.5800170510274509
MDW-DEN,MDW,Chicago Midway International Airport,DEN,Denver International Airport,41.78598,-87.75242,39.85841,-104.667,2897,579,11.374525371073524,0.1998619261304798,19.99,0.1994030987650411,19.94,19.632691786391977,11.374525371073524,2.9854397299405573,17.32,0,1.0327532952454364,0.7129684116723954
MDW-LAS,MDW,Chicago Midway International Airport,LAS,McCarran International Airport,41.78598,-87.75242,36.08036,-115.15233,2977,586,12.365468592542827,0.1968424588511924,19.68,0.1964936909323458,19.65,20.174844131200867,12.365468592542827,3.2455298143157028,17.32,0,1.1121637957416124,0.7034519038268001
SEA-ORD,SEA,Seattle-Tacoma International Airport,ORD,Chicago O'Hare International Airport,47.44898,-122.30931,41.9796,-87.90446,4271,686,10.25778506204636,0.1606181222196206,16.06,0.1612013468311205,16.12,28.944158308484685,10.25778506204636,2.692332037282509,17.31,0,0.5475468439836008,2.0468189374506505
LAS-IAH,LAS,McCarran International Airport,IAH,George Bush Intercontinental Airport,36.08036,-115.15233,29.98047,-95.33972,3023,589,12.985114125041347,0.1948395633476679,19.48,0.1945600662820455,19.46,20.486581729465986,12.985114125041347,3.4081664370187266,17.31,0,1.1570947250455716,0.694401177820283
MCO-MIA,MCO,Orlando International Airport,MIA,Miami International Airport,28.42889,-81.31603,25.79325,-80.29056,3288,613,13.850973236009732,0.1864355231143552,18.64,0.1864259406726175,18.64,22.282461371645432,13.850973236009732,3.635426046196781,17.3,0,1.174296257942052,0.8668900617468409
EWR-CLT,EWR,Newark Liberty International Airport,CLT,Charlotte Douglas International Airport,40.6925,-74.16866,35.21401,-80.94313,4381,686,10.4215932435517,0.1565852545081031,15.66,0.1572441613476519,15.72,29.689617782596912,10.4215932435517,2.735326310643491,17.26,0,0.5059766767058996,2.1270477876136815
DFW-TUL,DFW,Dallas/Fort Worth International Airport,TUL,Tulsa International Airport,32.89595,-97.0372,36.19837,-95.88824,2812,563,12.996088193456616,0.2002133712660028,20.02,0.1997290820737733,19.97,19.05665492003253,12.996088193456616,3.411046769936119,17.26,0,1.183968565011209,0.4972816471547458
SEA-DFW,SEA,Seattle-Tacoma International Airport,DFW,Dallas/Fort Worth International Airport,47.44898,-122.30931,32.89595,-97.0372,3775,655,10.74092715231788,0.1735099337748344,17.35,0.173835119225504,17.38,25.58281377066956,10.74092715231788,2.8191409848603364,17.25,0,0.7100952768853928,1.583611798550429
LAS-RNO,LAS,McCarran International Airport,RNO,Reno/Tahoe International Airport,36.08036,-115.15233,39.49858,-119.76806,3482,635,9.898908673176336,0.1823664560597357,18.24,0.1824709902285952,18.25,23.597180807806996,9.898908673176336,2.5981387593638674,17.24,0,0.7019962322093348,1.3963688589521548
DFW-SEA,DFW,Dallas/Fort Worth International Airport,SEA,Seattle-Tacoma International Airport,32.89595,-97.0372,47.44898,-122.30931,3794,658,9.691618344754875,0.1734317343173431,17.34,0.1737573412939979,17.38,25.711574952561676,9.691618344754875,2.5437318490170275,17.24,0,0.5950359120063627,1.6937220142905542
MDW-DTW,MDW,Chicago Midway International Airport,DTW,Detroit Metropolitan Airport,41.78598,-87.75242,42.21206,-83.34884,2991,580,13.592778335005017,0.1939150785690404,19.39,0.1936625968938298,19.37,20.269720791542422,13.592778335005017,3.5676583556443613,17.22,0,1.184031250851549,0.6198315475160328
ATL-PBI,ATL,Hartsfield-Jackson Atlanta International Airport,PBI,Palm Beach International Airport,33.64044,-84.42694,26.68316,-80.09559,4563,691,9.167214551829936,0.1514354591277668,15.14,0.1521790879259764,15.22,30.923014367037137,9.167214551829936,2.4060930582230804,17.22,0,0.3017433497735257,2.3907545120229416
ATL-IND,ATL,Hartsfield-Jackson Atlanta International Airport,IND,Indianapolis International Airport,33.64044,-84.42694,39.71733,-86.29438,4153,674,9.672044305321457,0.1622923188056826,16.23,0.1628523599809142,16.29,28.14448359989157,9.672044305321457,2.5385943058586493,17.19,0,0.46461910995798594,2.0084919291771213
DFW-TPA,DFW,Dallas/Fort Worth International Airport,TPA,Tampa International Airport,32.89595,-97.0372,27.97547,-82.53325,2693,546,12.666542888971408,0.2027478648347567,20.27,0.2021521972784919,20.22,18.250203307129304,12.666542888971408,3.3245519393625744,17.19,0,1.1450752418798578,0.4182854695920888
LAX-RNO,LAX,Los Angeles International Airport,RNO,Reno/Tahoe International Airport,33.94254,-118.40807,39.49858,-119.76806,2050,454,12.632682926829268,0.2214634146341463,22.15,0.2198191102320131,21.98,13.892653835727838,12.632682926829268,3.315664810191409,17.16,0,1.2598192141787357,-0.2203062371406856
MDW-STL,MDW,Chicago Midway International Airport,STL,St. Louis International Airport at Lambert Field,41.78598,-87.75242,38.74769,-90.35999,2298,493,12.000435161009571,0.2145343777197563,21.45,0.2133490771471343,21.33,15.573326104635402,12.000435161009571,3.1497205147006757,17.16,0,1.1494783571678027,0.0873707178092405
ATL-RDU,ATL,Hartsfield-Jackson Atlanta International Airport,RDU,Raleigh-Durham International Airport,33.64044,-84.42694,35.87764,-78.78747,5143,692,7.907447015360685,0.1345518180050554,13.46,0.1355352063701751,13.55,34.8536188669016,7.907447015360685,2.075445410855823,17.15,0,-0.05614628029672462,2.962437200601356
SEA-SMF,SEA,Seattle-Tacoma International Airport,SMF,Sacramento International Airport,47.44898,-122.30931,38.69542,-121.59077,3815,654,9.272608125819136,0.1714285714285714,17.14,0.1718035982117057,17.18,25.853889943074005,9.272608125819136,2.4337554136008226,17.14,0,0.4982384505866372,1.7578711175355317
ATL-HOU,ATL,Hartsfield-Jackson Atlanta International Airport,HOU,William P. Hobby Airport,33.64044,-84.42694,29.64542,-95.27889,4376,677,9.883226691042047,0.1547074954296161,15.47,0.1554090900354844,15.54,29.65573326104635,9.883226691042047,2.594022753554343,17.13,0,0.3849677532856269,2.1811056766573222
DTW-MDW,DTW,Detroit Metropolitan Airport,MDW,Chicago Midway International Airport,42.21206,-83.34884,41.78598,-87.75242,2975,575,12.833949579831932,0.1932773109243697,19.33,0.1930442559345782,19.3,20.161290322580644,12.833949579831932,3.3684907033679616,17.13,0,1.066936434128518,0.6816813110426565
LAX-MDW,LAX,Los Angeles International Airport,MDW,Chicago Midway International Airport,33.94254,-118.40807,41.78598,-87.75242,2004,446,11.854291417165667,0.2225548902195608,22.26,0.2208227599804316,22.08,13.580916237462723,11.854291417165667,3.1113625766839026,17.11,0,1.167862515327908,-0.1944113890329025
TPA-ORD,TPA,Tampa International Airport,ORD,Chicago O'Hare International Airport,27.97547,-82.53325,41.9796,-87.90446,2591,526,14.480509455808567,0.2030104206869934,20.3,0.2023824180597651,20.24,17.558959067497966,14.480509455808567,3.8006586498185215,17.1,0,1.3064665752507632,0.17130439987714804
TPA-PHL,TPA,Tampa International Airport,PHL,Philadelphia International Airport,27.97547,-82.53325,39.87195,-75.24114,2527,516,14.170162247724576,0.2041946972694895,20.42,0.2035063140459947,20.35,17.125237191650854,14.170162247724576,3.71920268969149,17.05,0,1.264407630574592,0.14206057386963541
DAL-DCA,DAL,Dallas Love Field,DCA,Ronald Reagan Washington National Airport,32.84711,-96.85177,38.85208,-77.03772,2655,536,11.985310734463276,0.2018832391713747,20.19,0.2013107393825147,20.13,17.99268094334508,11.985310734463276,3.145750848940492,17.05,0,1.0180918385504292,0.4572103372550721
MCO-DEN,MCO,Orlando International Airport,DEN,Denver International Airport,28.42889,-81.31603,39.85841,-104.667,3117,582,14.405518126403594,0.1867179980750722,18.67,0.1866991255824768,18.67,21.123610734616427,14.405518126403594,3.780975886195169,17.05,0,1.1506568938323927,0.6858841576312199
LAS-SMF,LAS,McCarran International Airport,SMF,Sacramento International Airport,36.08036,-115.15233,38.69542,-121.59077,2712,544,11.05641592920354,0.2005899705014749,20.06,0.2000750665002945,20.01,18.378964489021417,11.05641592920354,2.9019464381111653,17.04,0,0.9067520393848897,0.5949862035861412
DFW-DTW,DFW,Dallas/Fort Worth International Airport,DTW,Detroit Metropolitan Airport,32.89595,-97.0372,42.21206,-83.34884,2844,551,13.957102672292546,0.1937412095639943,19.37,0.193482026833841,19.35,19.273515857956085,13.957102672292546,3.663281541284133,16.98,0,1.1370352225533196,0.476264551993019
SEA-SJC,SEA,Seattle-Tacoma International Airport,SJC,Norman Y. Mineta San José International Airport,47.44898,-122.30931,37.36186,-121.92901,4405,669,8.89489216799092,0.1518728717366629,15.19,0.152632871697853,15.26,29.852263486039572,8.89489216799092,2.3346173669267505,16.97,0,0.19865464668093652,2.303697209086647
DAL-STL,DAL,Dallas Love Field,STL,St. Louis International Airport at Lambert Field,32.84711,-96.85177,38.74769,-90.35999,2280,483,11.630263157894737,0.2118421052631579,21.18,0.2107609609238774,21.08,15.451341827053405,11.630263157894737,3.0525625086337893,16.97,0,1.0236215655108751,0.1267302204356279
DFW-DCA,DFW,Dallas/Fort Worth International Airport,DCA,Ronald Reagan Washington National Airport,32.89595,-97.0372,38.85208,-77.03772,3381,609,10.601892931085478,0.1801242236024844,18.01,0.1802962042513151,18.03,22.91271347248577,10.601892931085478,2.782649063277028,16.96,0,0.6625686343264249,1.2700530241613248
LAS-BUR,LAS,McCarran International Airport,BUR,Bob Hope Airport (Hollywood Burbank Airport),36.08036,-115.15233,34.20062,-118.3585,3350,606,9.679402985074628,0.1808955223880597,18.09,0.1810466918837183,18.1,22.702629438872325,9.679402985074628,2.5405257178673564,16.92,0,0.5579071700436072,1.327415044905998
DTW-DFW,DTW,Detroit Metropolitan Airport,DFW,Dallas/Fort Worth International Airport,42.21206,-83.34884,32.89595,-97.0372,2835,546,14.257495590828924,0.1925925925925926,19.26,0.1923717502551373,19.24,19.212523719165087,14.257495590828924,3.742124826989219,16.91,0,1.1359489335203117,0.4490600477127091
DEN-MDW,DEN,Denver International Airport,MDW,Chicago Midway International Airport,39.85841,-104.667,41.78598,-87.75242,2890,557,11.531487889273356,0.1927335640138408,19.27,0.1925120692303773,19.25,19.5852534562212,11.531487889273356,3.0266372412790963,16.9,0,0.8474572419966331,0.7398705618117646
LGA-CLE,LGA,LaGuardia Airport (Marine Air Terminal),CLE,Cleveland Hopkins International Airport,40.77724,-73.87261,41.41089,-81.8494,2651,524,14.31761599396454,0.1976612599019238,19.77,0.1972413984001556,19.72,17.965573326104636,14.31761599396454,3.757904460358148,16.89,0,1.175423082994998,0.2694389203818876
PHL-SFO,PHL,Philadelphia International Airport,SFO,San Francisco International Airport,39.87195,-75.24114,37.619,-122.37484,2245,470,13.951893095768376,0.2093541202672605,20.94,0.2083629368864938,20.84,15.214150176199512,13.951893095768376,3.661914198364403,16.86,0,1.2111668122704737,-0.09539936997773571
OAK-LAS,OAK,Oakland International Airport,LAS,McCarran International Airport,37.72129,-122.22072,36.08036,-115.15233,3789,633,9.412509897070468,0.1670625494853523,16.71,0.1675523494468573,16.76,25.677690431011115,9.412509897070468,2.470475038601173,16.85,0,0.37518375537969106,1.7479375716212824
LAX-AUS,LAX,Los Angeles International Airport,AUS,Austin-Bergstrom International Airport,33.94254,-118.40807,30.19453,-97.66987,2796,541,12.432761087267526,0.1934907010014306,19.35,0.1932358725824682,19.32,18.94822445107075,12.432761087267526,3.2631918864219225,16.82,0,0.9209243341208437,0.5808665583776457
GRR-ORD,GRR,Gerald R. Ford International Airport,ORD,Chicago O'Hare International Airport,42.88082,-85.52277,41.9796,-87.90446,2980,557,13.813758389261745,0.1869127516778523,18.69,0.186886716558061,18.69,20.1951748441312,13.813758389261745,3.625658369884973,16.81,0,1.00813025545203,0.6360690541044797
SFO-PSP,SFO,San Francisco International Airport,PSP,Palm Springs International Airport,37.619,-122.37484,33.82922,-116.50625,2324,480,13.24827882960413,0.2065404475043029,20.65,0.2056976431513317,20.57,15.749525616698293,13.24827882960413,3.4772385379538395,16.8,0,1.097268903945461,0.052006181979754276
DFW-MSP,DFW,Dallas/Fort Worth International Airport,MSP,Minneapolis-Saint Paul International Airport,32.89595,-97.0372,44.88055,-93.21692,2789,539,12.335962710648978,0.1932592326998924,19.33,0.1930117988919446,19.3,18.900786120899973,12.335962710648978,3.237785488359312,16.79,0,0.899347045062428,0.5855309338295376
JFK-CLT,JFK,John F. Kennedy International Airport (New York International Airport),CLT,Charlotte Douglas International Airport,40.63975,-73.77893,35.21401,-80.94313,2736,530,14.042763157894736,0.1937134502923976,19.37,0.1934453762337193,19.34,18.541610192464084,14.042763157894736,3.6857646083713216,16.79,0,1.0822263504216616,0.386370816630425
PHX-ELP,PHX,Phoenix Sky Harbor International Airport,ELP,El Paso International Airport,33.43417,-112.00806,31.80667,-106.37781,1554,359,11.392535392535391,0.231016731016731,23.1,0.2283017454648296,22.83,10.531309297912712,11.392535392535391,2.9901667696943286,16.78,0,1.049822268508973,-0.5830711375693949
FLL-DCA,FLL,Fort Lauderdale-Hollywood International Airport,DCA,Ronald Reagan Washington National Airport,26.07258,-80.15275,38.85208,-77.03772,2638,522,11.900303260045488,0.1978771796815769,19.79,0.197447438640916,19.74,17.877473570073192,11.900303260045488,3.1234391758649576,16.78,0,0.8864174547132446,0.4792631376525754
DFW-GRK,DFW,Dallas/Fort Worth International Airport,GRK,Killeen-Fort Hood Regional Airport,32.89595,-97.0372,31.0649,-97.8278,2736,532,12.01059941520468,0.1944444444444444,19.44,0.1941505948514908,19.42,18.541610192464084,12.01059941520468,3.1523882979539843,16.76,0,0.8631574663638919,0.5673887831635241
PHL-CLT,PHL,Philadelphia International Airport,CLT,Charlotte Douglas International Airport,39.87195,-75.24114,35.21401,-80.94313,3359,595,10.606728192914558,0.1771360523965466,17.71,0.1773955151774582,17.74,22.76362157766332,10.606728192914558,2.7839181608699626,16.75,0,0.5655922438744473,1.2707082506692615
SAT-DFW,SAT,San Antonio International Airport,DFW,Dallas/Fort Worth International Airport,29.53369,-98.46978,32.89595,-97.0372,4990,647,10.83366733466934,0.1296593186372745,12.97,0.1307683864437776,13.08,33.816752507454595,10.83366733466934,2.843482240070693,16.73,0,0.06510791877536366,2.608030620239965
ATL-GNV,ATL,Hartsfield-Jackson Atlanta International Airport,GNV,Gainesville Regional Airport,33.64044,-84.42694,29.69006,-82.27178,2248,468,12.400355871886122,0.2081850533807829,20.82,0.2072449263197735,20.72,15.234480889129845,12.400355871886122,3.254686580547538,16.73,0,0.9955790111411874,0.058175909249729874
MSN-ORD,MSN,Dane County Regional Airport,ORD,Chicago O'Hare International Airport,43.13986,-89.33751,41.9796,-87.90446,3317,587,12.186915887850468,0.1769671389810069,17.7,0.1772347342694843,17.72,22.478991596638657,12.186915887850468,3.1986655873623278,16.73,0,0.7245748844250622,1.0958625905944928
ORD-DAY,ORD,Chicago O'Hare International Airport,DAY,James M. Cox Dayton International Airport,41.9796,-87.90446,39.90238,-84.21938,2785,536,12.170915619389588,0.19245960502693,19.25,0.1922395448869421,19.22,18.873678503659526,12.170915619389588,3.194466041834537,16.73,0,0.854933783348837,0.6030873202595729
ORD-IND,ORD,Chicago O'Hare International Airport,IND,Indianapolis International Airport,41.9796,-87.90446,39.71733,-86.29438,3232,582,10.814356435643564,0.1800742574257425,18.01,0.1802554282709568,18.03,21.90295473027921,10.814356435643564,2.838413762636106,16.72,0,0.6037698637548409,1.1402010786213088
DFW-MSY,DFW,Dallas/Fort Worth International Airport,MSY,Louis Armstrong New Orleans International Airport,32.89595,-97.0372,29.99339,-90.25803,2811,538,12.43365350409107,0.191390964069726,19.14,0.1912095798690581,19.12,19.049878015722417,12.43365350409107,3.2634261165593363,16.72,0,0.8711539413434061,0.6056945130853237
PHL-LAX,PHL,Philadelphia International Airport,LAX,Los Angeles International Airport,39.87195,-75.24114,33.94254,-118.40807,2033,436,12.183472700442696,0.2144613871126414,21.45,0.2131322489445982,21.31,13.77744646245595,12.183472700442696,3.1977618636332537,16.71,0,1.0082725408871873,-0.13869403055160723
PHX-PDX,PHX,Phoenix Sky Harbor International Airport,PDX,Portland International Airport,33.43417,-112.00806,45.58872,-122.5975,3372,595,9.419335705812577,0.176453143534994,17.65,0.1767313038591094,17.67,22.85172133369477,9.419335705812577,2.4722665894521194,16.69,0,0.4135944039767973,1.3928349569201481
PHL-PHX,PHL,Philadelphia International Airport,PHX,Phoenix Sky Harbor International Airport,39.87195,-75.24114,33.43417,-112.00806,2598,513,11.558506543494996,0.197459584295612,19.75,0.1970389499625011,19.7,17.606397397668744,11.558506543494996,3.0337287515734896,16.68,0,0.8118097779700313,0.48283216611802265
PHX-OAK,PHX,Phoenix Sky Harbor International Airport,OAK,Oakland International Airport,33.43417,-112.00806,37.72129,-122.22072,2704,528,10.19637573964497,0.1952662721893491,19.53,0.1949397599853167,19.49,18.324749254540524,10.19637573964497,2.676214104893693,16.68,0,0.6518317654007969,0.7036266392463737
SJC-LAS,SJC,Norman Y. Mineta San José International Airport,LAS,McCarran International Airport,37.36186,-121.92901,36.08036,-115.15233,3039,562,10.811122079631458,0.1849292530437644,18.49,0.1849668961448958,18.5,20.59501219842776,10.811122079631458,2.8375648502969706,16.67,0,0.6295879269403677,0.9673980883450584
DTW-LAS,DTW,Detroit Metropolitan Airport,LAS,McCarran International Airport,42.21206,-83.34884,36.08036,-115.15233,3183,574,11.234684260131951,0.1803330191643104,18.03,0.1805090121836211,18.05,21.570886419083763,11.234684260131951,2.948736026281352,16.67,0,0.6323638713245426,1.0646724025793917
BOS-RIC,BOS,Gen. Edward Lawrence Logan International Airport,RIC,Richmond International Airport,42.36435,-71.00518,37.50517,-77.31967,2436,486,14.219622331691298,0.1995073891625615,19.95,0.1989791352519038,19.9,16.508538899430743,14.219622331691298,3.7321843390265874,16.63,0,1.0885558631925574,0.10045487915954403
BNA-BWI,BNA,Nashville International Airport,BWI,Baltimore-Washington International Airport,36.12448,-86.67818,39.1754,-76.6682,1985,425,12.509319899244332,0.2141057934508816,21.41,0.2127631112704212,21.28,13.452155055570616,12.509319899244332,3.283286062793788,16.62,0,1.008295304743304,-0.20384877465598092
PHL-TPA,PHL,Philadelphia International Airport,TPA,Tampa International Airport,39.87195,-75.24114,27.97547,-82.53325,2571,505,12.77168416958382,0.1964216258265266,19.64,0.1960355997749263,19.6,17.423420981295745,12.77168416958382,3.352148076006252,16.62,0,0.9104882627884648,0.3585785389497799
IAD-SFO,IAD,Washington Dulles International Airport,SFO,San Francisco International Airport,38.94453,-77.45581,37.619,-122.37484,3943,621,11.274663961450672,0.1574942936850114,15.75,0.1582020991834845,15.82,26.72133369476823,11.274663961450672,2.9592293862075256,16.62,0,0.39993426925797904,1.7358388916088816
MSP-MDW,MSP,Minneapolis-Saint Paul International Airport,MDW,Chicago Midway International Airport,44.88055,-93.21692,41.78598,-87.75242,3205,571,11.286427457098284,0.1781591263650546,17.82,0.1783997237515364,17.84,21.719978313906207,11.286427457098284,2.962316917873565,16.58,0,0.589794725334075,1.0886439261964118
LAS-MDW,LAS,McCarran International Airport,MDW,Chicago Midway International Airport,36.08036,-115.15233,41.78598,-87.75242,2938,547,10.56569094622192,0.1861810755616065,18.62,0.1861787646474088,18.62,19.910544863106534,10.56569094622192,2.773147229979507,16.57,0,0.5791290476228819,0.906425623896688
MDW-BWI,MDW,Chicago Midway International Airport,BWI,Baltimore-Washington International Airport,41.78598,-87.75242,39.1754,-76.6682,2108,440,13.168880455407969,0.2087286527514231,20.87,0.20770429664802,20.77,14.285714285714285,13.168880455407969,3.4563990696608844,16.55,0,1.0167325059656946,-0.12575158071708983
PHX-AUS,PHX,Phoenix Sky Harbor International Airport,AUS,Austin-Bergstrom International Airport,33.43417,-112.00806,30.19453,-97.66987,1710,379,12.071345029239763,0.2216374269005848,22.16,0.21967463370101,21.97,11.588506370290052,12.071345029239763,3.1683320286718546,16.55,0,0.9844507089897488,-0.4421101414370632
MSP-PHX,MSP,Minneapolis-Saint Paul International Airport,PHX,Phoenix Sky Harbor International Airport,44.88055,-93.21692,33.43417,-112.00806,4371,637,8.676961793639899,0.1457332418210935,14.57,0.1466363424287247,14.66,29.6218487394958,8.676961793639899,2.2774177936062725,16.54,0,-0.028719856718681592,2.3263453071636957
CVG-DFW,CVG,Cincinnati/Northern Kentucky International Airport,DFW,Dallas/Fort Worth International Airport,39.04614,-84.66217,32.89595,-97.0372,2212,454,13.511301989150091,0.2052441229656419,20.52,0.2044165601206004,20.44,14.990512333965844,13.511301989150091,3.546273487965903,16.54,0,1.0255154932955834,-0.04965224609741607
MGM-ATL,MGM,Montgomery Regional Airport,ATL,Hartsfield-Jackson Atlanta International Airport,32.30064,-86.39398,33.64044,-84.42694,2406,479,13.659600997506235,0.1990856192851205,19.91,0.1985678719069545,19.86,16.305231770127406,13.659600997506235,3.585197112206361,16.53,0,0.9929708391341281,0.13137034058428876
MDW-PHX,MDW,Chicago Midway International Airport,PHX,Phoenix Sky Harbor International Airport,41.78598,-87.75242,33.43417,-112.00806,2429,486,11.200494030465212,0.2000823384108686,20.01,0.1995298880975991,19.95,16.461100569259962,11.200494030465212,2.939762212720528,16.53,0,0.7417311355135677,0.36749463054050957
SAN-SMF,SAN,San Diego International Airport (Lindbergh Field),SMF,Sacramento International Airport,32.73356,-117.18966,38.69542,-121.59077,3024,556,9.375661375661377,0.1838624338624338,18.39,0.1839344068498169,18.39,20.49335863377609,9.375661375661377,2.460803510672277,16.53,0,0.4213210238053963,1.0945137923460313
MOB-ATL,MOB,Mobile Regional Airport,ATL,Hartsfield-Jackson Atlanta International Airport,30.69142,-88.24283,33.64044,-84.42694,2423,481,13.576145274453156,0.1985142385472554,19.85,0.1980226266344939,19.8,16.420439143399296,13.576145274453156,3.563292722953584,16.52,0,0.976405842488724,0.15662354329760206
JFK-SLC,JFK,John F. Kennedy International Airport (New York International Airport),SLC,Salt Lake City International Airport,40.63975,-73.77893,40.78839,-111.97777,1970,417,14.18984771573604,0.2116751269035533,21.17,0.2104401386467768,21.04,13.350501490918948,14.18984771573604,3.7243694791958113,16.52,0,1.132850956704854,-0.350277497757305
ONT-PHX,ONT,Ontario International Airport,PHX,Phoenix Sky Harbor International Airport,34.056,-117.60119,33.43417,-112.00806,3217,571,10.024246192104446,0.1774945601492073,17.75,0.1777543222788146,17.78,21.80130116562754,10.024246192104446,2.631035745959172,16.51,0,0.42801471995689055,1.2168783408060702
AGS-ATL,AGS,Augusta Regional Airport (Bush Field),ATL,Hartsfield-Jackson Atlanta International Airport,33.36996,-81.9645,33.64044,-84.42694,2567,499,13.089598753408648,0.1943903389170237,19.44,0.1940798976373558,19.41,17.3963133640553,13.089598753408648,3.4355902239917717,16.51,0,0.8909760241549852,0.3400048957692925
PHX-IAH,PHX,Phoenix Sky Harbor International Airport,IAH,George Bush Intercontinental Airport,33.43417,-112.00806,29.98047,-95.33972,3531,594,10.42707448314925,0.1682242990654205,16.82,0.168716906361561,16.87,23.92924911900244,10.42707448314925,2.736764956207152,16.51,0,0.38445139924945043,1.4629296987383176
SFO-EUG,SFO,San Francisco International Airport,EUG,Eugene Airport (Mahlon Sweet Field),37.619,-122.37484,44.12326,-123.21869,1996,422,13.02805611222445,0.2114228456913827,21.14,0.2102152132627997,21.02,13.52670100298184,13.02805611222445,3.4194372997964435,16.51,0,1.0047025088525443,-0.22115807985390298
PHX-MSP,PHX,Phoenix Sky Harbor International Airport,MSP,Minneapolis-Saint Paul International Airport,33.43417,-112.00806,44.88055,-93.21692,4376,634,8.622714808043876,0.1448811700182815,14.49,0.1458022982571108,14.58,29.65573326104635,8.622714808043876,2.263179739644062,16.5,0,-0.056632815057346325,2.3379573913142964
DEN-BOI,DEN,Denver International Airport,BOI,Boise Airport (Boise Air Terminal),39.85841,-104.667,43.56444,-116.22278,2115,440,12.609456264775414,0.2080378250591016,20.8,0.2070478948075973,20.7,14.333152615885064,12.609456264775414,3.309568573431867,16.5,0,0.9355451117176972,-0.06345178987730024
FLL-LAX,FLL,Fort Lauderdale-Hollywood International Airport,LAX,Los Angeles International Airport,26.07258,-80.15275,33.94254,-118.40807,1891,405,13.11158117398202,0.2141723955579058,21.42,0.2127629768954435,21.28,12.815126050420169,13.11158117398202,3.441359888184257,16.49,0,1.02468083960325,-0.33370191632314633
MDW-MCO,MDW,Chicago Midway International Airport,MCO,Orlando International Airport,41.78598,-87.75242,28.42889,-81.31603,2713,520,10.177663103575378,0.191669738297088,19.17,0.1914721247774007,19.15,18.385741393331525,10.177663103575378,2.671302651857055,16.49,0,0.556340922079839,0.736133370613909
LAS-DAL,LAS,McCarran International Airport,DAL,Dallas Love Field,36.08036,-115.15233,32.84711,-96.85177,1542,348,12.215304798962386,0.22568093385214,22.57,0.2232710639456931,22.33,10.44998644619138,12.215304798962386,3.2061167451344845,16.49,0,1.0014941110483517,-0.6237012875023192
MIA-TPA,MIA,Miami International Airport,TPA,Tampa International Airport,25.79325,-80.29056,27.97547,-82.53325,2171,448,11.890833717181025,0.2063565177337632,20.64,0.2054650317035791,20.55,14.712659257251287,11.890833717181025,3.120953731543576,16.48,0,0.8413329220019807,0.057978889698200343
DEN-IND,DEN,Denver International Airport,IND,Indianapolis International Airport,39.85841,-104.667,39.71733,-86.29438,2076,432,13.056840077071293,0.2080924855491329,20.81,0.2070823010104908,20.71,14.06885334779073,13.056840077071293,3.426992146212937,16.46,0,0.9682683469102763,-0.1357854445436795
OAK-ONT,OAK,Oakland International Airport,ONT,Ontario International Airport,37.72129,-122.22072,34.056,-117.60119,2329,471,10.55259768140833,0.2022327179046801,20.22,0.2015689942358288,20.16,15.783410138248849,10.55259768140833,2.7697106775349947,16.46,0,0.6646869275489978,0.3341375827862977
MSP-LGA,MSP,Minneapolis-Saint Paul International Airport,LGA,LaGuardia Airport (Marine Air Terminal),44.88055,-93.21692,40.77724,-73.87261,2302,464,12.529105125977413,0.2015638575152041,20.16,0.2009205191502198,20.09,15.600433721875849,12.529105125977413,3.288479035689609,16.45,0,0.8644959984179417,0.13699054615396872
SEA-HNL,SEA,Seattle-Tacoma International Airport,HNL,Honolulu International Airport,47.44898,-122.30931,21.31869,-157.92241,1880,404,11.104787234042552,0.2148936170212766,21.49,0.2134399429287011,21.34,12.740580103008943,11.104787234042552,2.9146423186463397,16.43,0,0.7979185277073532,-0.1638095067663444
MDW-MCI,MDW,Chicago Midway International Airport,MCI,Kansas City International Airport,41.78598,-87.75242,39.29761,-94.71391,2631,506,11.340174838464462,0.1923223109083998,19.23,0.1920948689120571,19.21,17.83003523990241,11.340174838464462,2.9764238421166564,16.43,0,0.6634386267047021,0.5634110989149603
DFW-BWI,DFW,Dallas/Fort Worth International Airport,BWI,Baltimore-Washington International Airport,32.89595,-97.0372,39.1754,-76.6682,1884,401,13.708067940552016,0.2128450106157112,21.28,0.2114975236889255,21.15,12.767687720249391,13.708067940552016,3.597918094633075,16.42,0,1.0542284552811434,-0.38282563419518767
PHX-SNA,PHX,Phoenix Sky Harbor International Airport,SNA,John Wayne Airport (Orange County Airport),33.43417,-112.00806,33.67566,-117.86822,4173,626,7.455787203450755,0.1500119817876827,15.0,0.15085679545959,15.09,28.280021686093797,7.455787203450755,1.9568995284647648,16.42,0,-0.14904707922537425,2.281990551792118
LAX-MSP,LAX,Los Angeles International Airport,MSP,Minneapolis-Saint Paul International Airport,33.94254,-118.40807,44.88055,-93.21692,3358,576,10.068790946992255,0.1715306730196545,17.15,0.1719523097162603,17.2,22.75684467335321,10.068790946992255,2.6427272826751333,16.41,0,0.3431066145727139,1.351687573315544
ATL-RSW,ATL,Hartsfield-Jackson Atlanta International Airport,RSW,Southwest Florida International Airport,33.64044,-84.42694,26.53617,-81.75517,4245,625,8.507420494699646,0.1472320376914016,14.72,0.1481268324508235,14.81,28.767958796421794,8.507420494699646,2.2329187650130304,16.41,0,-0.070429048928173,2.248366115007024
ORD-RIC,ORD,Chicago O'Hare International Airport,RIC,Richmond International Airport,41.9796,-87.90446,37.50517,-77.31967,2270,456,13.692511013215858,0.2008810572687224,20.09,0.2002578426155393,20.03,15.38357278395229,13.692511013215858,3.593834911605212,16.4,0,0.9651336125385425,0.01040330387055061
PHX-PHL,PHX,Phoenix Sky Harbor International Airport,PHL,Philadelphia International Airport,33.43417,-112.00806,39.87195,-75.24114,2640,507,10.600378787878787,0.1920454545454545,19.2,0.1918288638681854,19.18,17.891027378693416,10.600378787878787,2.7822516503618866,16.4,0,0.5727927725937992,0.6402537514916279
MCI-DEN,MCI,Kansas City International Airport,DEN,Denver International Airport,39.29761,-94.71391,39.85841,-104.667,2288,457,14.488636363636363,0.1997377622377622,19.97,0.1991671218588057,19.92,15.505557061534292,14.488636363636363,3.802791696492484,16.4,0,1.0390094378972532,-0.03962062973050986
IAH-BOS,IAH,George Bush Intercontinental Airport,BOS,Gen. Edward Lawrence Logan International Airport,29.98047,-95.33972,42.36435,-71.00518,1793,385,14.138315672058004,0.2147239263803681,21.47,0.2132124072893968,21.32,12.150989428029275,14.138315672058004,3.710844008414174,16.39,0,1.0995629326768415,-0.5088614637507382
CLT-TPA,CLT,Charlotte Douglas International Airport,TPA,Tampa International Airport,35.21401,-80.94313,27.97547,-82.53325,3099,554,9.918038076798968,0.1787673443046143,17.88,0.1789969012187646,17.9,21.001626457034423,9.918038076798968,2.6031596002097026,16.38,0,0.3848125590971466,1.1319217456430615
ORD-GRB,ORD,Chicago O'Hare International Airport,GRB,Green Bay-Austin Straubel International Airport,41.9796,-87.90446,44.48507,-88.12959,2896,532,11.229627071823204,0.1837016574585635,18.37,0.1837820717619586,18.38,19.625914882081865,11.229627071823204,2.9474086802685573,16.38,0,0.5642148155188978,0.8302946437781183
PHX-SJC,PHX,Phoenix Sky Harbor International Airport,SJC,Norman Y. Mineta San José International Airport,33.43417,-112.00806,37.36186,-121.92901,3375,577,9.520592592592592,0.1709629629629629,17.1,0.1713988739564973,17.14,22.8720520466251,9.520592592592592,2.498843200155536,16.38,0,0.2710333949868473,1.4172467727523756
LGA-MSP,LGA,LaGuardia Airport (Marine Air Terminal),MSP,Minneapolis-Saint Paul International Airport,40.77724,-73.87261,44.88055,-93.21692,2305,458,14.418655097613884,0.1986984815618221,19.87,0.1981750881492009,19.82,15.620764434806182,14.418655097613884,3.784423910134877,16.36,0,1.012054475211769,-0.012978489441185955
SEA-GEG,SEA,Seattle-Tacoma International Airport,GEG,Spokane International Airport,47.44898,-122.30931,47.61986,-117.53384,3419,579,9.720678560982744,0.169347762503656,16.93,0.1698241224776436,16.98,23.170235836269992,9.720678560982744,2.551359202357676,16.36,0,0.2710435155203455,1.440506157288636
BOS-DTW,BOS,Gen. Edward Lawrence Logan International Airport,DTW,Detroit Metropolitan Airport,42.36435,-71.00518,42.21206,-83.34884,3693,590,12.10804224207961,0.1597617113457893,15.98,0.1604563899285072,16.05,25.027107617240446,12.10804224207961,3.177963843065515,16.36,0,0.42997292370504825,1.4701790431802775
IAH-SEA,IAH,George Bush Intercontinental Airport,SEA,Seattle-Tacoma International Airport,29.98047,-95.33972,47.44898,-122.30931,2362,468,12.739627434377644,0.1981371718882303,19.81,0.1976486949629683,19.76,16.00704798048252,12.739627434377644,3.3437342347447894,16.36,0,0.8304597246739687,0.18940677848456247
ATL-AUS,ATL,Hartsfield-Jackson Atlanta International Airport,AUS,Austin-Bergstrom International Airport,33.64044,-84.42694,30.19453,-97.66987,3429,576,10.727034120734908,0.1679790026246719,16.8,0.168492798809529,16.85,23.2380048793711,10.727034120734908,2.8154945198779284,16.34,0,0.358004409305901,1.3628474211673993
LAX-CLT,LAX,Los Angeles International Airport,CLT,Charlotte Douglas International Airport,33.94254,-118.40807,35.21401,-80.94313,2126,440,9.311382878645343,0.2069614299153339,20.7,0.2060247470794376,20.6,14.407698563296286,9.311382878645343,2.4439325140801427,16.33,0,0.5235197683629254,0.25473937313611966
TUL-ORD,TUL,Tulsa International Airport,ORD,Chicago O'Hare International Airport,36.19837,-95.88824,41.9796,-87.90446,2227,444,15.661427929950609,0.1993713515940727,19.94,0.1988014984954139,19.88,15.092165898617512,15.661427929950609,4.11061100523638,16.32,0,1.1321985295192822,-0.1914248674006638
MEM-ORD,MEM,Memphis International Airport,ORD,Chicago O'Hare International Airport,35.04242,-89.97667,41.9796,-87.90446,2348,461,14.834327086882451,0.1963373083475298,19.63,0.1959195616825278,19.59,15.912171320140962,14.834327086882451,3.8935241697854206,16.32,0,1.022416072471501,-3.666583948532524e-05
SLC-IAH,SLC,Salt Lake City International Airport,IAH,George Bush Intercontinental Airport,40.78839,-111.97777,29.98047,-95.33972,2151,439,12.206415620641565,0.204091120409112,20.41,0.2032923531758454,20.33,14.577121171049065,12.206415620641565,3.203783627464977,16.32,0,0.8042044366527108,0.030709880405796565
RNO-LAS,RNO,Reno/Tahoe International Airport,LAS,McCarran International Airport,39.49858,-119.76806,36.08036,-115.15233,3479,580,9.263294050014371,0.1667145731532049,16.67,0.1672565205361352,16.73,23.57685009487666,9.263294050014371,2.4313107742819877,16.3,0,0.17666434726087663,1.5403433742431332
DTW-PHL,DTW,Detroit Metropolitan Airport,PHL,Philadelphia International Airport,42.21206,-83.34884,39.87195,-75.24114,2137,434,13.650912494150678,0.203088441740758,20.31,0.2023294979878534,20.23,14.48224451070751,13.650912494150678,3.582916665131412,16.3,0,0.9402893521796425,-0.10437614419292074
IAH-MFE,IAH,George Bush Intercontinental Airport,MFE,McAllen-Miller International Airport (McAllen Miller International),29.98047,-95.33972,26.17583,-98.23861,2008,416,12.97011952191235,0.2071713147410358,20.72,0.2061722424093112,20.62,13.608023854703172,12.97011952191235,3.404230845646286,16.28,0,0.8917762798592591,-0.17428676029797022
DAL-MAF,DAL,Dallas Love Field,MAF,Midland International Airport,32.84711,-96.85177,31.94253,-102.20191,1615,354,12.971517027863776,0.2191950464396284,21.92,0.2172659399410076,21.73,10.944700460829493,12.971517027863776,3.404597645108603,16.28,0,0.9679889483847797,-0.5804330809577697
FAR-ORD,FAR,Hector International Airport,ORD,Chicago O'Hare International Airport,46.91935,-96.81499,41.9796,-87.90446,2220,441,15.772522522522523,0.1986486486486486,19.86,0.1981082271546673,19.81,15.044727568446731,15.772522522522523,4.139769690950794,16.27,0,1.1208592922893583,-0.20107787931551838
LAS-SAT,LAS,McCarran International Airport,SAT,San Antonio International Airport,36.08036,-115.15233,29.53369,-98.46978,1388,315,11.5828530259366,0.2269452449567723,22.69,0.2242009993271694,22.42,9.406343182434265,11.5828530259366,3.0401189044453014,16.26,0,0.8592760831704911,-0.6996706849932114
PIA-ORD,PIA,General Wayne A. Downing Peoria International Airport,ORD,Chicago O'Hare International Airport,40.66424,-89.69331,41.9796,-87.90446,2309,454,14.50671286271113,0.1966219142485924,19.66,0.1961855902859394,19.62,15.647872052046624,14.50671286271113,3.8075361844386166,16.26,0,0.9692585505270334,-0.0021517719729772814
BOS-PHX,BOS,Gen. Edward Lawrence Logan International Airport,PHX,Phoenix Sky Harbor International Airport,42.36435,-71.00518,33.43417,-112.00806,1517,337,12.032300593276204,0.2221489782465392,22.21,0.2199202764371231,21.99,10.2805638384386,12.032300593276204,3.158084145216851,16.24,0,0.8711880755208763,-0.5963810158705398
PHL-MSP,PHL,Philadelphia International Airport,MSP,Minneapolis-Saint Paul International Airport,39.87195,-75.24114,44.88055,-93.21692,2593,491,12.290397223293482,0.1893559583494022,18.94,0.1892354574819265,18.92,17.57251287611819,12.290397223293482,3.225826042859182,16.23,0,0.6723774682486354,0.46788373302283437
BOS-DFW,BOS,Gen. Edward Lawrence Logan International Airport,DFW,Dallas/Fort Worth International Airport,42.36435,-71.00518,32.89595,-97.0372,3296,561,10.197208737864075,0.1702063106796116,17.02,0.1706746428147315,17.07,22.33667660612632,10.197208737864075,2.6764327395968706,16.23,0,0.28592861084939486,1.302446227977581
LAX-SAT,LAX,Los Angeles International Airport,SAT,San Antonio International Airport,33.94254,-118.40807,29.53369,-98.46978,1676,364,11.735680190930788,0.2171837708830549,21.72,0.2154341706074483,21.54,11.358091623746272,11.735680190930788,3.080231021241677,16.23,0,0.8070710779930448,-0.4016011313590573
GNV-ATL,GNV,Gainesville Regional Airport,ATL,Hartsfield-Jackson Atlanta International Airport,29.69006,-82.27178,33.64044,-84.42694,2243,445,13.880962995987517,0.1983950066874721,19.84,0.1978707157485395,19.79,15.200596367579289,13.880962995987517,3.643297374274939,16.22,0,0.9041534985214827,-0.008965028789140251
BUF-ORD,BUF,Buffalo Niagara International Airport,ORD,Chicago O'Hare International Airport,42.94052,-78.73217,41.9796,-87.90446,2164,432,15.272643253234753,0.199630314232902,19.96,0.1990331656355248,19.9,14.66522092708051,15.272643253234753,4.008567783001247,16.21,0,1.0548341949390148,-0.20567697609535007
DCA-TPA,DCA,Ronald Reagan Washington National Airport,TPA,Tampa International Airport,38.85208,-77.03772,27.97547,-82.53325,2888,522,11.581371191135734,0.1807479224376731,18.07,0.1809274052874257,18.09,19.571699647600976,11.581371191135734,3.0397299714267016,16.2,0,0.517019867225803,0.8115095063327132
ATL-MGM,ATL,Hartsfield-Jackson Atlanta International Airport,MGM,Montgomery Regional Airport,33.64044,-84.42694,32.30064,-86.39398,2405,468,11.968399168399168,0.1945945945945946,19.46,0.194255922953624,19.43,16.298454865817295,11.968399168399168,3.1413121176900702,16.2,0,0.6691172358096918,0.31758880429945646
LGA-DAL,LGA,LaGuardia Airport (Marine Air Terminal),DAL,Dallas Love Field,40.77724,-73.87261,32.84711,-96.85177,2695,500,12.87495361781076,0.1855287569573283,18.55,0.1855495838994018,18.55,18.263757115749527,12.87495361781076,3.3792529180605677,16.2,0,0.6932859184651546,0.5175691868292366
OAK-PHX,OAK,Oakland International Airport,PHX,Phoenix Sky Harbor International Airport,37.72129,-122.22072,33.43417,-112.00806,2721,507,10.527747151782432,0.1863285556780595,18.63,0.1863208390637462,18.63,18.43995662781241,10.527747151782432,2.763188228814287,16.2,0,0.4526043274993191,0.7464522643258638
SAT-LAX,SAT,San Antonio International Airport,LAX,Los Angeles International Airport,29.53369,-98.46978,33.94254,-118.40807,1687,362,14.037937166567872,0.2145820983995257,21.46,0.2129888567424891,21.3,11.432637571157494,14.037937166567872,3.684497943981069,16.19,0,1.0187190882022665,-0.582746976124744
SFO-OGG,SFO,San Francisco International Airport,OGG,Kahului Airport,37.619,-122.37484,20.89865,-156.43046,1538,337,13.602730819245776,0.2191157347204161,21.91,0.2171007857135703,21.71,10.422878828950935,13.602730819245776,3.570270556232487,16.17,0,0.992535360793216,-0.6981512729005394
PHX-HOU,PHX,Phoenix Sky Harbor International Airport,HOU,William P. Hobby Airport,33.43417,-112.00806,29.64542,-95.27889,1495,332,11.324414715719064,0.2220735785953177,22.21,0.2198188633221493,21.98,10.131471943616155,11.324414715719064,2.972287326960384,16.17,0,0.7721793813365466,-0.548936398018842
SLC-LAS,SLC,Salt Lake City International Airport,LAS,McCarran International Airport,40.78839,-111.97777,36.08036,-115.15233,4071,602,8.774502579218865,0.1478752149349054,14.79,0.1487919172857415,14.88,27.58877744646245,8.774502579218865,2.303019049663744,16.17,0,-0.11010648532557232,2.1001971284865686
SMF-SEA,SMF,Sacramento International Airport,SEA,Seattle-Tacoma International Airport,38.69542,-121.59077,47.44898,-122.30931,3805,591,9.037582128777924,0.1553219448094612,15.53,0.1561103935976512,15.61,25.786120899972893,9.037582128777924,2.3720688002041794,16.17,0,-0.0031770903029668725,1.8543959784266242
DTW-BOS,DTW,Detroit Metropolitan Airport,BOS,Gen. Edward Lawrence Logan International Airport,42.21206,-83.34884,42.36435,-71.00518,3702,584,9.87979470556456,0.157752566180443,15.78,0.1584984447656044,15.85,25.088099756031447,9.87979470556456,2.5931219699644514,16.17,0,0.11230175614063265,1.6914116217968014
MCI-DFW,MCI,Kansas City International Airport,DFW,Dallas/Fort Worth International Airport,39.29761,-94.71391,32.89595,-97.0372,2719,496,15.011769032732625,0.1824200073556454,18.24,0.1825509354376829,18.26,18.42640281919219,15.011769032732625,3.940096858984941,16.15,0,0.8758120952519868,0.360266616958397
SFO-SMF,SFO,San Francisco International Airport,SMF,Sacramento International Airport,37.619,-122.37484,38.69542,-121.59077,1723,367,13.809053975623913,0.2130005803830528,21.3,0.2115255551282656,21.15,11.676606126321497,13.809053975623913,3.6244236156493206,16.15,0,0.9712623055389523,-0.5202657382897758
CLT-FLL,CLT,Charlotte Douglas International Airport,FLL,Fort Lauderdale-Hollywood International Airport,35.21401,-80.94313,26.07258,-80.15275,2639,496,9.983705949223191,0.1879499810534293,18.79,0.1878828357060343,18.79,17.8842504743833,9.983705949223191,2.6203952622633047,16.14,0,0.3868622595947124,0.7238182810064668
DEN-SAT,DEN,Denver International Airport,SAT,San Antonio International Airport,39.85841,-104.667,29.53369,-98.46978,1863,391,11.768652710681696,0.2098765432098765,20.99,0.208665861945404,20.87,12.625372729737055,11.768652710681696,3.088885225900708,16.14,0,0.733934637065305,-0.19872194676270638
PHX-BOS,PHX,Phoenix Sky Harbor International Airport,BOS,Gen. Edward Lawrence Logan International Airport,33.43417,-112.00806,42.36435,-71.00518,1529,336,12.02289077828646,0.2197514715500327,21.98,0.217686364026291,21.77,10.361886690159936,12.02289077828646,3.1556143775030083,16.13,0,0.817093962656762,-0.5664297420580435
DFW-TYR,DFW,Dallas/Fort Worth International Airport,TYR,Tyler Pounds Regional Airport,32.89595,-97.0372,32.35414,-95.40239,1679,359,13.662894580107206,0.2138177486599166,21.38,0.2122603074754514,21.23,11.378422336676609,13.662894580107206,3.586061569581944,16.12,0,0.9494880998795738,-0.5483191216544203
MDW-CMH,MDW,Chicago Midway International Airport,CMH,Port Columbus International Airport,41.78598,-87.75242,39.99799,-82.89188,1973,408,10.857070451089712,0.2067916877850988,20.68,0.2057940602985181,20.58,13.37083220384928,10.857070451089712,2.8496247903122605,16.12,0,0.610310857037419,-0.004632715192631069
BWI-DEN,BWI,Baltimore-Washington International Airport,DEN,Denver International Airport,39.1754,-76.6682,39.85841,-104.667,2054,418,12.236124634858813,0.2035053554040896,20.35,0.2026978119771718,20.27,13.919761452968284,12.236124634858813,3.2115812689918144,16.12,0,0.7337183003463772,-0.04262754422659363
JFK-ATL,JFK,John F. Kennedy International Airport (New York International Airport),ATL,Hartsfield-Jackson Atlanta International Airport,40.63975,-73.77893,33.64044,-84.42694,2073,416,15.226242161119153,0.200675349734684,20.07,0.2000051021623691,20.0,14.048522634860396,15.226242161119153,3.996389018666444,16.11,0,1.0239946126014439,-0.28006656528361845
DEN-MCI,DEN,Denver International Airport,MCI,Kansas City International Airport,39.85841,-104.667,39.29761,-94.71391,2262,446,11.891688770999115,0.1971706454465075,19.72,0.1967024077048383,19.67,15.3293575494714,11.891688770999115,3.121178155117878,16.1,0,0.6458760229968089,0.19672220432387383
ATL-RIC,ATL,Hartsfield-Jackson Atlanta International Airport,RIC,Richmond International Airport,33.64044,-84.42694,37.50517,-77.31967,3875,590,8.573161290322581,0.152258064516129,15.23,0.1531097074210888,15.31,26.260504201680675,8.573161290322581,2.250173567013801,16.09,0,-0.10945613214713486,1.9610723687627674
SFO-DAL,SFO,San Francisco International Airport,DAL,Dallas Love Field,37.619,-122.37484,32.84711,-96.85177,1452,320,13.453168044077136,0.2203856749311294,22.04,0.2181772467775954,21.82,9.840065058281375,13.453168044077136,3.5310152346659143,16.08,0,0.9535741807711415,-0.7640688784889121
CID-ORD,CID,The Eastern Iowa Airport,ORD,Chicago O'Hare International Airport,41.88459,-91.71087,41.9796,-87.90446,2794,501,14.155690765926986,0.1793128131710809,17.93,0.1795477149270311,17.95,18.93467064245053,14.155690765926986,3.7154044005057703,16.06,0,0.7293225454456038,0.5155288398006788
DEN-SNA,DEN,Denver International Airport,SNA,John Wayne Airport (Orange County Airport),39.85841,-104.667,33.67566,-117.86822,3631,577,8.51693748278711,0.1589093913522445,15.89,0.1596384580538269,15.96,24.606939550013557,8.51693748278711,2.235416662148848,16.06,0,-0.055478211594535004,1.7602428873238702
DFW-MCI,DFW,Dallas/Fort Worth International Airport,MCI,Kansas City International Airport,32.89595,-97.0372,39.29761,-94.71391,2726,499,11.30520909757887,0.1830520909757887,18.31,0.183160328025063,18.32,18.47384114936297,11.30520909757887,2.9672464823041653,16.06,0,0.4593466936664045,0.7005420647193349
BWI-CMH,BWI,Baltimore-Washington International Airport,CMH,Port Columbus International Airport,39.1754,-76.6682,39.99799,-82.89188,1524,332,13.008530183727034,0.2178477690288714,21.78,0.2158935264771109,21.59,10.32800216860938,13.008530183727034,3.414312384180324,16.05,0,0.8801319099475435,-0.6440298589265956
SJU-MCO,SJU,Luis Muñoz Marín International Airport,MCO,Orlando International Airport,18.43942,-66.00183,28.42889,-81.31603,3799,580,9.634377467754671,0.1526717557251908,15.27,0.1535293888173449,15.35,25.745459474112227,9.634377467754671,2.528707996786004,16.03,0,-0.012159231187778058,1.8089794949972768
LGA-IAH,LGA,LaGuardia Airport (Marine Air Terminal),IAH,George Bush Intercontinental Airport,40.77724,-73.87261,29.98047,-95.33972,2433,460,14.232223592272916,0.1890669954788327,18.91,0.1889502909588741,18.9,16.488208186500405,14.232223592272916,3.7354917565020775,16.02,0,0.8033201901823027,0.171009234910403
SFO-MFR,SFO,San Francisco International Airport,MFR,Rogue Valley International Airport,37.619,-122.37484,42.37423,-122.8735,1386,307,13.451659451659452,0.2215007215007215,22.15,0.2191191702549314,21.91,9.392789373814042,13.451659451659452,3.530619278650774,16.02,0,0.9391165500971482,-0.8258233838362455
DFW-SLC,DFW,Dallas/Fort Worth International Airport,SLC,Salt Lake City International Airport,32.89595,-97.0372,40.78839,-111.97777,3181,538,11.351461804464003,0.1691292046526249,16.91,0.1696467805543517,16.96,21.55733261046354,11.351461804464003,2.9793863003842533,16.01,0,0.3268050273353055,1.1200852484825417
GRB-ORD,GRB,Green Bay-Austin Straubel International Airport,ORD,Chicago O'Hare International Airport,44.48507,-88.12959,41.9796,-87.90446,2892,512,12.042185338865837,0.1770401106500691,17.7,0.17734327774025,17.73,19.59880726484142,12.042185338865837,3.1606785666314527,16.01,0,0.4703330207182559,0.7963540937495642
DEN-FAR,DEN,Denver International Airport,FAR,Hector International Airport,39.85841,-104.667,46.91935,-96.81499,1320,295,13.166666666666666,0.2234848484848484,22.35,0.2208528781681888,22.09,8.945513689346708,13.166666666666666,3.4558180227471564,16.01,0,0.9157754919150725,-0.8697427979378471
ATL-CHA,ATL,Hartsfield-Jackson Atlanta International Airport,CHA,Chattanooga Metropolitan Airport (Lovell Field),33.64044,-84.42694,35.03527,-85.20379,2992,523,10.775066844919786,0.1747994652406417,17.48,0.1751652933372665,17.52,20.27649769585253,10.775066844919786,2.8281015340996816,16.01,0,0.31579372632889446,0.9998065290532434
SFO-RNO,SFO,San Francisco International Airport,RNO,Reno/Tahoe International Airport,37.619,-122.37484,39.49858,-119.76806,1694,358,13.827626918536009,0.2113341204250295,21.13,0.209928142139815,20.99,11.480075901328274,13.827626918536009,3.629298403815225,16.01,0,0.9120867095154698,-0.5307054227513814
MSP-SFO,MSP,Minneapolis-Saint Paul International Airport,SFO,San Francisco International Airport,44.88055,-93.21692,37.619,-122.37484,2690,494,10.881040892193308,0.1836431226765799,18.36,0.1837315724010136,18.37,18.22987259419897,10.881040892193308,2.85591624467016,16.01,0,0.4027105352745071,0.7093762885088508
SFO-IAD,SFO,San Francisco International Airport,IAD,Washington Dulles International Airport,37.619,-122.37484,38.94453,-77.45581,3807,578,9.763068032571578,0.1518255844496979,15.18,0.1527031192727996,15.27,25.799674708593116,9.763068032571578,2.5624850479190493,16.0,0,-0.01732929542008192,1.8073195765727341
BOS-MIA,BOS,Gen. Edward Lawrence Logan International Airport,MIA,Miami International Airport,42.36435,-71.00518,25.79325,-80.29056,2470,467,11.75991902834008,0.1890688259109312,18.91,0.1889537303497385,18.9,16.73895364597452,11.75991902834008,3.086592920824168,15.99,0,0.5321266945807152,0.42547625095071767
DEN-ABQ,DEN,Denver International Airport,ABQ,Albuquerque International Sunport,39.85841,-104.667,35.04022,-106.60919,1796,376,11.74109131403118,0.2093541202672605,20.94,0.2081282104424199,20.81,12.17132014095961,11.74109131403118,3.081651263525244,15.99,0,0.6753197509616182,-0.24428135601242093
BUR-OAK,BUR,Bob Hope Airport (Hollywood Burbank Airport),OAK,Oakland International Airport,34.20062,-118.3585,37.72129,-122.22072,3967,587,8.5747416183514,0.1479707587597681,14.8,0.1489085534789348,14.89,26.8839793982109,8.5747416183514,2.250588351273333,15.99,0,-0.18623651163068744,2.0460102458292133
ATL-MOB,ATL,Hartsfield-Jackson Atlanta International Airport,MOB,Mobile Regional Airport,33.64044,-84.42694,30.69142,-88.24283,2419,461,11.831335262505169,0.1905746176105829,19.06,0.1903974144497134,19.04,16.39333152615885,11.831335262505169,3.1053373392402013,15.99,0,0.5514790173706091,0.36991629913387264
LAS-ATL,LAS,McCarran International Airport,ATL,Hartsfield-Jackson Atlanta International Airport,36.08036,-115.15233,33.64044,-84.42694,4497,596,8.779853235490327,0.1325327996442072,13.25,0.1336983004130581,13.37,30.4757386825698,8.779853235490327,2.3044234213885373,15.99,0,-0.34315537425090376,2.457560350326481
SFO-ONT,SFO,San Francisco International Airport,ONT,Ontario International Airport,37.619,-122.37484,34.056,-117.60119,2358,453,11.870229007633588,0.1921119592875318,19.21,0.1918678140760082,19.19,15.97994036324207,11.870229007633588,3.115545671294905,15.98,0,0.563026587708493,0.3092604521911573
MDW-DCA,MDW,Chicago Midway International Airport,DCA,Ronald Reagan Washington National Airport,41.78598,-87.75242,38.85208,-77.03772,2984,522,9.9078418230563,0.1749329758713136,17.49,0.1752954237998794,17.53,20.222282461371645,9.9078418230563,2.600483418125013,15.96,0,0.21051041280321933,1.0725170583802601
DEN-PHL,DEN,Denver International Airport,PHL,Philadelphia International Airport,39.85841,-104.667,39.87195,-75.24114,2306,446,11.535125758889851,0.1934084995663486,19.34,0.193105189941325,19.31,15.627541339116291,11.535125758889851,3.027592062700749,15.95,0,0.5276361381347657,0.29112562180238116
EWR-STL,EWR,Newark Liberty International Airport,STL,St. Louis International Airport at Lambert Field,40.6925,-74.16866,38.74769,-90.35999,1867,383,13.236207820032137,0.2051419389394751,20.51,0.2041744214533951,20.42,12.652480346977502,13.236207820032137,3.474070293971689,15.94,0,0.7847534189604387,-0.29157974551220783
EWR-DFW,EWR,Newark Liberty International Airport,DFW,Dallas/Fort Worth International Airport,40.6925,-74.16866,32.89595,-97.0372,2735,490,13.354661791590493,0.1791590493601462,17.92,0.1794042634916501,17.94,18.53483328815397,13.354661791590493,3.505160575220602,15.92,0,0.5977692745552876,0.5456217722985988
BWI-DFW,BWI,Baltimore-Washington International Airport,DFW,Dallas/Fort Worth International Airport,39.1754,-76.6682,32.89595,-97.0372,1876,380,16.13539445628998,0.2025586353944563,20.26,0.2017262586026458,20.17,12.7134724857685,16.13539445628998,4.23501166831758,15.92,0,1.0652274134825053,-0.5297899926217536
SNA-DEN,SNA,John Wayne Airport (Orange County Airport),DEN,Denver International Airport,33.67566,-117.86822,39.85841,-104.667,3608,564,9.560421286031042,0.1563192904656319,15.63,0.1571227311215825,15.71,24.451070750881,9.560421286031042,2.5092969254674653,15.92,0,-0.017695134542098333,1.6627209412199344
MCO-LAX,MCO,Orlando International Airport,LAX,Los Angeles International Airport,28.42889,-81.31603,33.94254,-118.40807,2595,475,13.127167630057803,0.1830443159922928,18.3,0.1831581027824965,18.32,17.586066684738412,13.127167630057803,3.445450821537481,15.91,0,0.5999112671029572,0.4367677974412542
DFW-LFT,DFW,Dallas/Fort Worth International Airport,LFT,Lafayette Regional Airport,32.89595,-97.0372,30.20528,-91.98766,1696,357,12.314268867924527,0.2104952830188679,21.05,0.2091375762799711,20.91,11.493629709948497,12.314268867924527,3.232091566384391,15.9,0,0.7114223023254076,-0.38413759452431195
SJU-FLL,SJU,Luis Muñoz Marín International Airport,FLL,Fort Lauderdale-Hollywood International Airport,18.43942,-66.00183,26.07258,-80.15275,2984,518,10.095174262734584,0.1735924932975871,17.36,0.1739984069386602,17.4,20.222282461371645,10.095174262734584,2.649652037463145,15.89,0,0.1955158359514914,1.063637531441967
IAH-DCA,IAH,George Bush Intercontinental Airport,DCA,Ronald Reagan Washington National Airport,29.98047,-95.33972,38.85208,-77.03772,2180,425,13.211009174311927,0.1949541284403669,19.5,0.1945662662275562,19.46,14.773651396042286,13.211009174311927,3.4674564761973565,15.89,0,0.6953933497312501,0.029657704093233244
PHX-CLT,PHX,Phoenix Sky Harbor International Airport,CLT,Charlotte Douglas International Airport,33.43417,-112.00806,35.21401,-80.94313,3035,526,8.32158154859967,0.1733113673805601,17.33,0.1737196449757027,17.37,20.567904581187317,8.32158154859967,2.184142138740071,15.89,0,0.005423324996611262,1.2653501407195034
DEN-SMF,DEN,Denver International Airport,SMF,Sacramento International Airport,39.85841,-104.667,38.69542,-121.59077,2608,480,10.625766871165643,0.1840490797546012,18.4,0.1841252167647075,18.41,17.674166440769856,10.625766871165643,2.7889151892823216,15.88,0,0.33644054476018254,0.668589523476686
ORD-SYR,ORD,Chicago O'Hare International Airport,SYR,Syracuse Hancock International Airport,41.9796,-87.90446,43.11119,-76.10631,1768,365,13.675339366515836,0.2064479638009049,20.64,0.2053592542820279,20.54,11.981566820276496,13.675339366515836,3.5893279177206923,15.86,0,0.8116776647098393,-0.4193133029821636
LAX-BNA,LAX,Los Angeles International Airport,BNA,Nashville International Airport,33.94254,-118.40807,36.12448,-86.67818,1767,369,10.38200339558574,0.2088285229202037,20.88,0.2076117230845357,20.76,11.974789915966388,10.38200339558574,2.7249352744319526,15.86,0,0.48267110769717864,-0.13774766191714055
IAD-BOS,IAD,Washington Dulles International Airport,BOS,Gen. Edward Lawrence Logan International Airport,38.94453,-77.45581,42.36435,-71.00518,2194,424,14.264357338195078,0.1932543299908842,19.33,0.1929429324319216,19.29,14.868528056383845,14.264357338195078,3.743925810549889,15.85,0,0.7809129502501283,-0.043155995209472976
MCI-DAL,MCI,Kansas City International Airport,DAL,Dallas Love Field,39.29761,-94.71391,32.84711,-96.85177,2338,447,10.878100940975193,0.1911890504704876,19.12,0.1909807575877063,19.1,15.844402277039848,10.878100940975193,2.855144603930497,15.85,0,0.408358920583846,0.39144653957558767
DEN-GEG,DEN,Denver International Airport,GEG,Spokane International Airport,39.85841,-104.667,47.61986,-117.53384,1454,316,11.933287482806051,0.2173314993122421,21.73,0.2153224498061957,21.53,9.853618866901598,11.933287482806051,3.1320964521800665,15.85,0,0.6947052115326292,-0.596736021575298
MRY-LAX,MRY,Monterey Regional Airport (Monterey Peninsula Airport),LAX,Los Angeles International Airport,36.58698,-121.84295,33.94254,-118.40807,1594,336,14.776662484316184,0.2107904642409034,21.08,0.2093335814632988,20.93,10.80238547031716,14.776662484316184,3.878389103495062,15.84,0,0.9491065398275406,-0.6918355610902757
LAX-IAD,LAX,Los Angeles International Airport,IAD,Washington Dulles International Airport,33.94254,-118.40807,38.94453,-77.45581,3829,570,8.72891094280491,0.1488639331418124,14.89,0.1498119335705849,14.98,25.94876660341556,8.72891094280491,2.291052740893677,15.82,0,-0.21422785589992008,1.9319429703600086
BWI-PWM,BWI,Baltimore-Washington International Airport,PWM,Portland International Jetport,39.1754,-76.6682,43.64617,-70.30875,1070,245,12.194392523364488,0.2289719626168224,22.9,0.2253086213665198,22.53,7.251287611818921,12.194392523364488,3.200627958888317,15.81,0,0.7743724757311143,-1.0292456875101612
LAX-MCO,LAX,Los Angeles International Airport,MCO,Orlando International Airport,33.94254,-118.40807,28.42889,-81.31603,2588,474,10.82534775888717,0.1831530139103555,18.32,0.1832630531989688,18.33,17.538628354567635,10.82534775888717,2.8412986243798346,15.81,0,0.32639107744699375,0.6408460024924121
ONT-OAK,ONT,Ontario International Airport,OAK,Oakland International Airport,34.056,-117.60119,37.72129,-122.22072,2318,443,10.68895599654875,0.1911130284728214,19.11,0.1909061567406237,19.09,15.708864190837629,10.68895599654875,2.805500261561352,15.8,0,0.3713462145662824,0.3943447728363687
LAS-BWI,LAS,McCarran International Airport,BWI,Baltimore-Washington International Airport,36.08036,-115.15233,39.1754,-76.6682,1841,376,12.311787072243346,0.2042368278109723,20.42,0.2033029814522556,20.33,12.476280834914611,12.311787072243346,3.231440176441823,15.8,0,0.6345100518877518,-0.22001450682921248
LAX-MRY,LAX,Los Angeles International Airport,MRY,Monterey Regional Airport (Monterey Peninsula Airport),33.94254,-118.40807,36.58698,-121.84295,1574,334,12.510165184243965,0.2121982210927573,21.22,0.2106398369168627,21.06,10.666847384114936,12.510165184243965,3.283507922373744,15.8,0,0.7052771692910926,-0.5114698271741563
IAH-MSP,IAH,George Bush Intercontinental Airport,MSP,Minneapolis-Saint Paul International Airport,29.98047,-95.33972,44.88055,-93.21692,1741,359,13.053991958644458,0.2062033314187248,20.62,0.2051119429651429,20.51,11.798590403903496,13.053991958644458,3.426244608568099,15.77,0,0.7145805165055304,-0.3815568654603683
LAX-OGG,LAX,Los Angeles International Airport,OGG,Kahului Airport,33.94254,-118.40807,20.89865,-156.43046,2921,499,13.846285518657991,0.170831906881205,17.08,0.1713376653422138,17.13,19.795337489834644,13.846285518657991,3.634195674188449,15.77,0,0.5270495423851842,0.6923563480903406
LAX-DTW,LAX,Los Angeles International Airport,DTW,Detroit Metropolitan Airport,33.94254,-118.40807,42.21206,-83.34884,2173,420,12.72710538426139,0.1932811780947998,19.33,0.1929657223927972,19.3,14.72621306587151,12.72710538426139,3.3404476074176874,15.76,0,0.5882618273913478,0.0812642001566202
PDX-LAX,PDX,Portland International Airport,LAX,Los Angeles International Airport,45.58872,-122.5975,33.94254,-118.40807,3702,560,9.025931928687196,0.151269584008644,15.13,0.1521859776430373,15.22,25.088099756031447,9.025931928687196,2.369011004904776,15.76,0,-0.17612050648453592,1.8038658963943914
PHX-ABQ,PHX,Phoenix Sky Harbor International Airport,ABQ,Albuquerque International Sunport,33.43417,-112.00806,35.04022,-106.60919,2608,477,9.206288343558285,0.1828987730061349,18.29,0.183017388108873,18.3,17.674166440769856,9.206288343558285,2.416348646603224,15.76,0,0.1372960699056417,0.8062036667644487
HOU-ABQ,HOU,William P. Hobby Airport,ABQ,Albuquerque International Sunport,29.64542,-95.27889,35.04022,-106.60919,1029,236,12.466472303206997,0.2293488824101069,22.93,0.2255191204595466,22.55,6.9734345351043645,12.466472303206997,3.2720399745950126,15.76,0,0.7872145466479316,-1.089974065054535
MEM-IAH,MEM,Memphis International Airport,IAH,George Bush Intercontinental Airport,35.04242,-89.97667,29.98047,-95.33972,1833,371,13.986906710310963,0.2024004364429896,20.24,0.2015577273661811,20.16,12.422065600433722,13.986906710310963,3.6711041234411983,15.75,0,0.780701625998003,-0.3653420047149709
ORD-SNA,ORD,Chicago O'Hare International Airport,SNA,John Wayne Airport (Orange County Airport),41.9796,-87.90446,33.67566,-117.86822,2313,441,10.315607436230003,0.1906614785992217,19.07,0.1904728914209814,19.05,15.67497966928707,10.315607436230003,2.707508513446196,15.75,0,0.31260646438157486,0.42744981167152485
BWI-DAL,BWI,Baltimore-Washington International Airport,DAL,Dallas Love Field,39.1754,-76.6682,32.84711,-96.85177,1188,265,13.234848484848484,0.223063973063973,22.31,0.2201949433220715,22.02,8.050962320412037,13.234848484848484,3.473713513083591,15.75,0,0.8276318686890727,-0.9773219033159035
TPA-IAH,TPA,Tampa International Airport,IAH,George Bush Intercontinental Airport,27.97547,-82.53325,29.98047,-95.33972,1887,379,13.71807101218866,0.2008479067302596,20.08,0.2001062340205476,20.01,12.788018433179724,13.71807101218866,3.6005435727529287,15.74,0,0.7385541812571548,-0.2862017871741507
ATL-AEX,ATL,Hartsfield-Jackson Atlanta International Airport,AEX,Alexandria International Airport,33.64044,-84.42694,31.32737,-92.54856,1324,289,13.54380664652568,0.2182779456193353,21.83,0.21601902176884,21.6,8.972621306587152,13.54380664652568,3.554804894101228,15.74,0,0.8290453997843888,-0.8554083689906092
BWI-MDW,BWI,Baltimore-Washington International Airport,MDW,Chicago Midway International Airport,39.1754,-76.6682,41.78598,-87.75242,2088,409,12.04310344827586,0.1958812260536398,19.59,0.1954346832718593,19.54,14.150176199512062,12.04310344827586,3.1609195402298846,15.74,0,0.5271181596638772,0.060021900008356395
DTW-MCO,DTW,Detroit Metropolitan Airport,MCO,Orlando International Airport,42.21206,-83.34884,28.42889,-81.31603,2867,500,9.570282525287755,0.1743983257760725,17.44,0.1747930862820452,17.48,19.42938465708864,9.570282525287755,2.511885177240881,15.72,0,0.09082784193346345,1.020970108471194
ABQ-LAX,ABQ,Albuquerque International Sunport,LAX,Los Angeles International Airport,35.04022,-106.60919,33.94254,-118.40807,1977,393,12.205361659079411,0.1987860394537177,19.88,0.1981757761188388,19.82,13.397939821089729,12.205361659079411,3.2035069971337045,15.72,0,0.5589166599584139,-0.06275599796517821
AUS-LAX,AUS,Austin-Bergstrom International Airport,LAX,Los Angeles International Airport,30.19453,-97.66987,33.94254,-118.40807,2779,486,12.079165167326376,0.1748830514573587,17.49,0.1752730416807322,17.53,18.83301707779886,12.079165167326376,3.17038455835338,15.7,0,0.35313595676825404,0.7234160820582877
LAS-MCI,LAS,McCarran International Airport,MCI,Kansas City International Airport,36.08036,-115.15233,39.29761,-94.71391,1745,358,12.736962750716332,0.2051575931232091,20.52,0.2041252504058689,20.41,11.825698021143944,12.736962750716332,3.3430348427076986,15.7,0,0.6515690944405357,-0.34132548516298833
SAT-DAL,SAT,San Antonio International Airport,DAL,Dallas Love Field,29.53369,-98.46978,32.84711,-96.85177,3295,533,9.359939301972686,0.1617602427921092,16.18,0.1624774924886091,16.25,22.32989970181621,9.359939301972686,2.456676982145062,15.7,0,-0.053940796826557634,1.4275895256594424
DAL-BNA,DAL,Dallas Love Field,BNA,Nashville International Airport,32.84711,-96.85177,36.12448,-86.67818,974,224,12.239219712525667,0.2299794661190965,23.0,0.2258948668517953,22.59,6.600704798048252,12.239219712525667,3.212393625334821,15.69,0,0.7405740551638347,-1.1191182476081882
DFW-BNA,DFW,Dallas/Fort Worth International Airport,BNA,Nashville International Airport,32.89595,-97.0372,36.12448,-86.67818,2930,502,10.594539249146758,0.1713310580204778,17.13,0.1718188405936726,17.18,19.856329628625645,10.594539249146758,2.780718963030645,15.69,0,0.16120503131667108,0.9934537364245623
SGF-DFW,SGF,Springfield-Branson National Airport,DFW,Dallas/Fort Worth International Airport,37.24433,-93.38686,32.89595,-97.0372,2334,435,13.886032562125108,0.1863753213367609,18.64,0.1863644564498061,18.64,15.817294659799405,13.886032562125108,3.644627969061708,15.69,0,0.6326466411297464,0.148125215421428
ATL-MCI,ATL,Hartsfield-Jackson Atlanta International Airport,MCI,Kansas City International Airport,33.64044,-84.42694,39.29761,-94.71391,3784,559,8.85544397463002,0.1477272727272727,14.77,0.1487155218843532,14.87,25.64380590946056,8.85544397463002,2.32426351040158,15.68,0,-0.25688186121778733,1.8953031865613903
HOU-LAX,HOU,William P. Hobby Airport,LAX,Los Angeles International Airport,29.64542,-95.27889,33.94254,-118.40807,1655,345,11.386102719033232,0.2084592145015106,20.85,0.2071858045577368,20.72,11.215776633233938,11.386102719033232,2.9884784039457304,15.68,0,0.5242153728400752,-0.31492447608304897
LAS-PHL,LAS,McCarran International Airport,PHL,Philadelphia International Airport,36.08036,-115.15233,39.87195,-75.24114,2309,435,11.904287570376786,0.1883932438284971,18.84,0.1882985002070685,18.83,15.647872052046624,11.904287570376786,3.1244849266080803,15.68,0,0.4370627540322041,0.29616393171269756
ATW-ORD,ATW,Appleton International Airport,ORD,Chicago O'Hare International Airport,44.25741,-88.51948,41.9796,-87.90446,1494,316,14.064926372155288,0.2115127175368139,21.15,0.2099191260971318,20.99,10.124695039306046,14.064926372155288,3.691581724975141,15.68,0,0.8222350585049697,-0.7109639860432291
PDX-DEN,PDX,Portland International Airport,DEN,Denver International Airport,45.58872,-122.5975,39.85841,-104.667,3760,554,10.290691489361702,0.1473404255319149,14.73,0.1483448411914062,14.83,25.48116020601789,10.290691489361702,2.700968894845591,15.67,0,-0.11142215523223027,1.7494284334623227
STL-MSP,STL,St. Louis International Airport at Lambert Field,MSP,Minneapolis-Saint Paul International Airport,38.74769,-90.35999,44.88055,-93.21692,2487,457,10.89384800965018,0.1837555287494973,18.38,0.183846574023513,18.38,16.85416101924641,10.89384800965018,2.85927769282157,15.67,0,0.2920177957800495,0.5553806473533012
DCA-FLL,DCA,Ronald Reagan Washington National Airport,FLL,Fort Lauderdale-Hollywood International Airport,38.85208,-77.03772,26.07258,-80.15275,2654,474,10.906556141672947,0.1785983421250942,17.86,0.1788711281767713,17.89,17.98590403903497,10.906556141672947,2.8626131605440808,15.66,0,0.24714082422423445,0.7139678904358702
SAN-TUS,SAN,San Diego International Airport (Lindbergh Field),TUS,Tucson International Airport,32.73356,-117.18966,32.11608,-110.94103,1001,229,11.912087912087912,0.2287712287712287,22.88,0.2248965367836768,22.49,6.783681214421253,11.912087912087912,3.1265322603905283,15.66,0,0.6898328220580172,-1.056738792538276
SLC-DFW,SLC,Salt Lake City International Airport,DFW,Dallas/Fort Worth International Airport,40.78839,-111.97777,32.89595,-97.0372,3163,518,10.962693645273475,0.1637685741384761,16.38,0.1644532905298278,16.45,21.43534833288154,10.962693645273475,2.8773474134576054,15.66,0,0.12163010915911303,1.174450100900283
EUG-SFO,EUG,Eugene Airport (Mahlon Sweet Field),SFO,San Francisco International Airport,44.12326,-123.21869,37.619,-122.37484,1994,390,14.683049147442327,0.1955867602808425,19.56,0.1951342344789055,19.51,13.513147194361617,14.683049147442327,3.8538186738693776,15.66,0,0.7762132946193003,-0.25141532755972024
MCO-BDL,MCO,Orlando International Airport,BDL,Bradley International Airport,28.42889,-81.31603,41.93887,-72.68323,1771,359,13.69734613212874,0.2027103331451157,20.27,0.2018231357556537,20.18,12.001897533206831,13.69734613212874,3.5951039716873336,15.65,0,0.7168558869721613,-0.3886817206502439
OMA-DEN,OMA,Eppley Airfield,DEN,Denver International Airport,41.30252,-95.89417,39.85841,-104.667,2232,423,12.865591397849462,0.189516129032258,18.95,0.1893701059171647,18.94,15.126050420168069,12.865591397849462,3.376795642480173,15.65,0,0.5369313989294078,0.14170063127390345
MSP-LAS,MSP,Minneapolis-Saint Paul International Airport,LAS,McCarran International Airport,44.88055,-93.21692,36.08036,-115.15233,2795,488,10.094454382826475,0.174597495527728,17.46,0.1749951941274017,17.5,18.94144754676064,10.094454382826475,2.6494630926053744,15.63,0,0.11827139378713282,0.918912640255006
IAH-MEM,IAH,George Bush Intercontinental Airport,MEM,Memphis International Airport,29.98047,-95.33972,35.04242,-89.97667,1881,377,11.655502392344498,0.2004253056884636,20.04,0.1997027193330783,19.97,12.747357007319057,11.655502392344498,3.0591869796179787,15.63,0,0.48019226709113666,-0.09855721969304022
GEG-SEA,GEG,Spokane International Airport,SEA,Seattle-Tacoma International Airport,47.61986,-117.53384,47.44898,-122.30931,3418,533,10.70655354008192,0.1559391456992393,15.59,0.156796784252083,15.68,23.16345893195988,10.70655354008192,2.81011903939158,15.62,0,0.0051149530434589354,1.4257816031222326
DEN-DAL,DEN,Denver International Airport,DAL,Dallas Love Field,39.85841,-104.667,32.84711,-96.85177,1602,334,11.408863920099876,0.2084893882646691,20.85,0.2071745517031893,20.72,10.85660070479805,11.408863920099876,2.994452472467159,15.6,0,0.49639539943157285,-0.3581067865383841
SJC-PHX,SJC,Norman Y. Mineta San José International Airport,PHX,Phoenix Sky Harbor International Airport,37.36186,-121.92901,33.43417,-112.00806,3379,532,9.324652263983428,0.1574430304823912,15.74,0.1582670557628135,15.83,22.899159663865547,9.324652263983428,2.4474152923841017,15.59,0,-0.13613897169732253,1.5160944459762604
COS-DEN,COS,City of Colorado Springs Municipal Airport,DEN,Denver International Airport,38.80581,-104.70025,39.85841,-104.667,2209,415,14.751018560434586,0.1878678134902671,18.79,0.1877917223901378,18.78,14.970181621035511,14.751018560434586,3.871658414812227,15.59,0,0.7027742857181074,-0.0361510414230857
BOS-IAH,BOS,Gen. Edward Lawrence Logan International Airport,IAH,George Bush Intercontinental Airport,42.36435,-71.00518,29.98047,-95.33972,1783,359,13.069545709478406,0.2013460459899046,20.13,0.2005369553897122,20.05,12.083220384928165,13.069545709478406,3.430326957868348,15.57,0,0.6133783557941601,-0.3105101562726816
DEN-MSY,DEN,Denver International Airport,MSY,Louis Armstrong New Orleans International Airport,39.85841,-104.667,29.99339,-90.25803,1712,350,11.863317757009346,0.2044392523364486,20.44,0.2034277522068588,20.34,11.602060178910277,11.863317757009346,3.1137316947531093,15.57,0,0.5087894177055473,-0.280432793496463
SMF-SAN,SMF,Sacramento International Airport,SAN,San Diego International Airport (Lindbergh Field),38.69542,-121.59077,32.73356,-117.18966,3016,505,9.327586206896552,0.1674403183023872,16.74,0.1680395016042452,16.8,20.4391433992952,9.327586206896552,2.448185356140827,15.56,0,-0.05075117662493635,1.1967562923486088
LAS-BNA,LAS,McCarran International Airport,BNA,Nashville International Airport,36.08036,-115.15233,36.12448,-86.67818,964,220,11.976141078838172,0.2282157676348547,22.82,0.2242585404124324,22.43,6.5329357549471405,11.976141078838172,3.1433441151806227,15.56,0,0.658305455787273,-1.087097065910919
LIT-IAH,LIT,Bill and Hillary Clinton National Airport (Adams Field),IAH,George Bush Intercontinental Airport,34.7294,-92.22425,29.98047,-95.33972,1920,376,14.7484375,0.1958333333333333,19.58,0.1953520232667466,19.54,13.011656275413392,14.7484375,3.870980971128609,15.56,0,0.7486612713090682,-0.3156872095035203
ATL-AGS,ATL,Hartsfield-Jackson Atlanta International Airport,AGS,Augusta Regional Airport (Bush Field),33.64044,-84.42694,33.36996,-81.9645,2567,459,11.015582391897157,0.1788079470198675,17.88,0.1790817724030101,17.91,17.3963133640553,11.015582391897157,2.8912289742512223,15.53,0,0.21677456638768391,0.6384322837055882
DAL-FLL,DAL,Dallas Love Field,FLL,Fort Lauderdale-Hollywood International Airport,32.84711,-96.85177,26.07258,-80.15275,943,215,12.518557794273596,0.2279957582184517,22.8,0.2239799491839196,22.4,6.390620764434807,12.518557794273596,3.285710707158424,15.53,0,0.702927306813036,-1.1514134776500666
IAD-ATL,IAD,Washington Dulles International Airport,ATL,Hartsfield-Jackson Atlanta International Airport,38.94453,-77.45581,33.64044,-84.42694,2843,481,13.309883925430883,0.1691874780161801,16.92,0.1697625168191737,16.98,19.266738953645973,13.309883925430883,3.4934078544438014,15.53,0,0.37658302220144474,0.6950346497152762
HOU-TUL,HOU,William P. Hobby Airport,TUL,Tulsa International Airport,29.64542,-95.27889,36.19837,-95.88824,996,225,12.514056224899598,0.2259036144578313,22.59,0.2222728895974709,22.23,6.749796692870697,12.514056224899598,3.284529192887033,15.52,0,0.686641944018857,-1.0895949463298187
OAK-PDX,OAK,Oakland International Airport,PDX,Portland International Airport,37.72129,-122.22072,45.58872,-122.5975,1946,384,10.596608427543678,0.197327852004111,19.73,0.1967796124138945,19.68,13.18785578747628,10.596608427543678,2.781262054473406,15.52,0,0.3106449592680866,0.07247938494540951
DAL-MSY,DAL,Dallas Love Field,MSY,Louis Armstrong New Orleans International Airport,32.84711,-96.85177,29.99339,-90.25803,2596,462,10.582049306625578,0.1779661016949152,17.8,0.178268207343779,17.83,17.592843589048524,10.582049306625578,2.7774407628938524,15.51,0,0.1586365705966632,0.7048712481690591
ORD-CWA,ORD,Chicago O'Hare International Airport,CWA,Central Wisconsin Airport,41.9796,-87.90446,44.77762,-89.66678,1479,309,14.188640973630832,0.2089249492900608,20.89,0.2074801057623991,20.75,10.023041474654375,14.188640973630832,3.7240527489844704,15.51,0,0.7605891519778568,-0.7123802645235014
LAS-AUS,LAS,McCarran International Airport,AUS,Austin-Bergstrom International Airport,36.08036,-115.15233,30.19453,-97.66987,1307,282,11.712318286151492,0.215761285386381,21.58,0.2136539353225502,21.37,8.85741393331526,11.712318286151492,3.074099287703804,15.5,0,0.5379605981923329,-0.6796583103057385
BHM-IAH,BHM,Birmingham-Shuttlesworth International Airport,IAH,George Bush Intercontinental Airport,33.56294,-86.75355,29.98047,-95.33972,1688,342,13.566943127962086,0.20260663507109,20.26,0.2016840531313356,20.17,11.439414475467606,13.566943127962086,3.560877461407372,15.5,0,0.6498862426336103,-0.4401515999963659
JFK-SAN,JFK,John F. Kennedy International Airport (New York International Airport),SAN,San Diego International Airport (Lindbergh Field),40.63975,-73.77893,32.73356,-117.18966,1844,366,12.588394793926248,0.1984815618221258,19.85,0.1978452093615371,19.78,12.496611547844944,12.588394793926248,3.3040406283270998,15.49,0,0.5170055190454114,-0.1970070566352451
DFW-ABI,DFW,Dallas/Fort Worth International Airport,ABI,Abilene Regional Airport,32.89595,-97.0372,32.41132,-99.6819,2418,442,10.628205128205128,0.1827956989247312,18.28,0.1829273578232042,18.29,16.386554621848738,10.628205128205128,2.789555151759876,15.49,0,0.19520245330101132,0.5353320962337016
DFW-TUS,DFW,Dallas/Fort Worth International Airport,TUS,Tucson International Airport,32.89595,-97.0372,32.11608,-110.94103,2350,432,12.179148936170211,0.1838297872340425,18.38,0.1839228926525829,18.39,15.92572512876118,12.179148936170211,3.19662701736751,15.49,0,0.3676431807053187,0.335126990668294
PHX-MCI,PHX,Phoenix Sky Harbor International Airport,MCI,Kansas City International Airport,33.43417,-112.00806,39.29761,-94.71391,1993,389,11.005017561465127,0.1951831409934771,19.52,0.1947496832292538,19.47,13.506370290051503,11.005017561465127,2.888456052877986,15.49,0,0.32873540840518145,0.08779833881433385
AUS-MCO,AUS,Austin-Bergstrom International Airport,MCO,Orlando International Airport,30.19453,-97.66987,28.42889,-81.31603,1051,234,13.78211227402474,0.2226450999048525,22.26,0.219470970459451,21.95,7.122526429926809,13.78211227402474,3.617352302893632,15.49,0,0.7912405963454872,-1.1323988675917669
JFK-PWM,JFK,John F. Kennedy International Airport (New York International Airport),PWM,Portland International Jetport,40.63975,-73.77893,43.64617,-70.30875,1250,269,14.2808,0.2152,21.52,0.2130452496287616,21.3,8.471130387638928,14.2808,3.7482414698162727,15.46,0,0.7900215604618326,-0.9542328525388512
DEN-IDA,DEN,Denver International Airport,IDA,Idaho Falls Regional Airport,39.85841,-104.667,43.51456,-112.07017,979,221,12.198161389172624,0.2257405515832482,22.57,0.222067735865457,22.21,6.634589319598808,12.198161389172624,3.2016171625125005,15.46,0,0.6326988054391485,-1.0727592721948263
PHL-DEN,PHL,Philadelphia International Airport,DEN,Denver International Airport,39.87195,-75.24114,39.85841,-104.667,2321,427,12.050409306333476,0.1839724256785868,18.4,0.1840607546463561,18.41,15.72919490376796,12.050409306333476,3.162837088276503,15.45,0,0.34154540543924783,0.3236656312974254
SMF-LAS,SMF,Sacramento International Airport,LAS,McCarran International Airport,38.69542,-121.59077,36.08036,-115.15233,2729,474,9.650787834371563,0.173689996335654,17.37,0.1741290516079279,17.41,18.494171862293303,9.650787834371563,2.5330151796250826,15.45,0,0.0036508720255533263,0.9175193862439468
ORD-FWA,ORD,Chicago O'Hare International Airport,FWA,Fort Wayne International Airport,41.9796,-87.90446,40.97847,-85.19515,2360,433,11.0,0.1834745762711864,18.35,0.1835817426824504,18.36,15.993494171862292,11.0,2.8871391076115485,15.45,0,0.22595169709382334,0.4528924107143656
SEA-BOS,SEA,Seattle-Tacoma International Airport,BOS,Gen. Edward Lawrence Logan International Airport,47.44898,-122.30931,42.36435,-71.00518,1592,328,11.358040201005023,0.2060301507537688,20.6,0.2048528882971797,20.49,10.788831661696936,11.358040201005023,2.981112913649613,15.44,0,0.41981307884223024,-0.3406945203166882
SEA-SAN,SEA,Seattle-Tacoma International Airport,SAN,San Diego International Airport (Lindbergh Field),47.44898,-122.30931,32.73356,-117.18966,3440,530,7.965406976744186,0.1540697674418604,15.41,0.1549748833330023,15.5,23.312550826782324,7.965406976744186,2.0906579991454555,15.44,0,-0.3606664504548299,1.7022410836946233
BNA-EWR,BNA,Nashville International Airport,EWR,Newark Liberty International Airport,36.12448,-86.67818,40.6925,-74.16866,1911,372,14.00523286237572,0.1946624803767661,19.47,0.1942372386866376,19.42,12.950664136622391,14.00523286237572,3.675914137106488,15.44,0,0.6229653667878865,-0.24547131746270973
PHX-ATL,PHX,Phoenix Sky Harbor International Airport,ATL,Hartsfield-Jackson Atlanta International Airport,33.43417,-112.00806,33.64044,-84.42694,3946,550,7.919918905220476,0.1393816523061327,13.94,0.1405366008400465,14.05,26.74166440769856,7.919918905220476,2.07871887276128,15.43,0,-0.5257225168271826,2.133954131945689
OAK-ABQ,OAK,Oakland International Airport,ABQ,Albuquerque International Sunport,37.72129,-122.22072,35.04022,-106.60919,870,200,10.891954022988504,0.2298850574712643,22.99,0.2253722546379671,22.54,5.895906749796693,10.891954022988504,2.85878058346155,15.43,0,0.5070370109185349,-1.077912540233801
FWA-ORD,FWA,Fort Wayne International Airport,ORD,Chicago O'Hare International Airport,40.97847,-85.19515,41.9796,-87.90446,2356,426,14.606536502546687,0.1808149405772496,18.08,0.181030572882259,18.1,15.966386554621849,14.606536502546687,3.8337366148416505,15.43,0,0.5777224676025352,0.13951497684945582
BOI-DEN,BOI,Boise Airport (Boise Air Terminal),DEN,Denver International Airport,43.56444,-116.22278,39.85841,-104.667,2074,393,13.936354869816778,0.1894889103182256,18.95,0.1893335266783938,18.93,14.055299539170507,13.936354869816778,3.657835923836425,15.42,0,0.5713074186692806,-0.07515809277963043
SEA-PDX,SEA,Seattle-Tacoma International Airport,PDX,Portland International Airport,47.44898,-122.30931,45.58872,-122.5975,2012,389,10.518886679920476,0.1933399602385686,19.33,0.1929976737683845,19.3,13.635131471943614,10.518886679920476,2.760862645648419,15.4,0,0.23323302040298774,0.16117964011869892
DFW-AEX,DFW,Dallas/Fort Worth International Airport,AEX,Alexandria International Airport,32.89595,-97.0372,31.32737,-92.54856,1023,228,12.50635386119257,0.2228739002932551,22.29,0.2196002555644061,21.96,6.932773109243698,12.50635386119257,3.28250757511616,15.4,0,0.6276106406638096,-1.0401138359530973
DEN-SJC,DEN,Denver International Airport,SJC,Norman Y. Mineta San José International Airport,39.85841,-104.667,37.36186,-121.92901,2314,425,11.316335350043214,0.1836646499567847,18.37,0.1837659846722569,18.38,15.68175657359718,11.316335350043214,2.9701667585415263,15.39,0,0.2420302216101932,0.38782976356344356
OKC-DFW,OKC,Will Rogers World Airport,DFW,Dallas/Fort Worth International Airport,35.39309,-97.60073,32.89595,-97.0372,2876,477,13.332406119610573,0.1658553546592489,16.59,0.1665359835345524,16.65,19.49037679587964,13.332406119610573,3.499319191498837,15.39,0,0.30367618085446557,0.7387111684480325
MCO-BUF,MCO,Orlando International Airport,BUF,Buffalo Niagara International Airport,28.42889,-81.31603,42.94052,-78.73217,1609,327,13.552517091361096,0.2032318210068365,20.32,0.2022300099466519,20.22,10.904039034968829,13.552517091361096,3.557091100094776,15.39,0,0.6155131690282929,-0.504900890553775
ORD-CHS,ORD,Chicago O'Hare International Airport,CHS,Charleston International Airport/Charleston AFB,41.9796,-87.90446,32.89865,-80.04051,1064,234,14.181390977443607,0.2199248120300752,21.99,0.2170198341914331,21.7,7.2106261859582546,14.181390977443607,3.7221498628460914,15.38,0,0.7786106137317439,-1.1339025297455079
CLT-MEM,CLT,Charlotte Douglas International Airport,MEM,Memphis International Airport,35.21401,-80.94313,35.04242,-89.97667,734,171,12.540871934604905,0.2329700272479564,23.3,0.2273514232599857,22.74,4.974247763621578,12.540871934604905,3.2915674369041747,15.38,0,0.6802907072614931,-1.3658783581134692
DEN-BIL,DEN,Denver International Airport,BIL,Billings Logan International Airport,39.85841,-104.667,45.80766,-108.54286,1208,261,12.498344370860927,0.2160596026490066,21.61,0.2137699441887065,21.38,8.186500406614257,12.498344370860927,3.2804053466826586,15.37,0,0.5760293320859705,-0.8321393397517024
ATL-ABY,ATL,Hartsfield-Jackson Atlanta International Airport,ABY,Southwest Georgia Regional Airport,33.64044,-84.42694,31.53552,-84.19447,951,213,13.598317560462672,0.22397476340694,22.4,0.2203721094184854,22.04,6.444835998915695,13.598317560462672,3.569112220593877,15.37,0,0.737068864959209,-1.207251920265333
DTW-DEN,DTW,Detroit Metropolitan Airport,DEN,Denver International Airport,42.21206,-83.34884,39.85841,-104.667,2940,486,10.975850340136054,0.1653061224489796,16.53,0.1659904891443513,16.6,19.92409867172676,10.975850340136054,2.8808006142089377,15.37,0,0.04360855388827266,1.0039422615383362
CRW-ATL,CRW,Yeager Airport,ATL,Hartsfield-Jackson Atlanta International Airport,38.37315,-81.59319,33.64044,-84.42694,1428,297,13.948879551820728,0.2079831932773109,20.8,0.2065517585070864,20.66,9.67741935483871,13.948879551820728,3.661123241947697,15.36,0,0.6774501260427381,-0.72255187223971
AUS-SFO,AUS,Austin-Bergstrom International Airport,SFO,San Francisco International Airport,30.19453,-97.66987,37.619,-122.37484,2200,404,15.387272727272729,0.1836363636363636,18.36,0.1837439508690557,18.37,14.90918948224451,15.387272727272729,4.0386542591267,15.36,0,0.658071056860839,-0.06856163199041229
IND-IAH,IND,Indianapolis International Airport,IAH,George Bush Intercontinental Airport,39.71733,-86.29438,29.98047,-95.33972,969,216,13.92156862745098,0.2229102167182662,22.29,0.2194678082308963,21.95,6.566820276497695,13.92156862745098,3.6539550203283415,15.36,0,0.7608727089799867,-1.212621148517722
DAL-MDW,DAL,Dallas Love Field,MDW,Chicago Midway International Airport,32.84711,-96.85177,41.78598,-87.75242,2142,403,11.024743230625583,0.188141923436041,18.81,0.1880513322920732,18.81,14.516129032258066,11.024743230625583,2.8936333938649828,15.35,0,0.23026455228639683,0.2529561770500586
DTW-MSP,DTW,Detroit Metropolitan Airport,MSP,Minneapolis-Saint Paul International Airport,42.21206,-83.34884,44.88055,-93.21692,2892,481,11.00414937759336,0.1663208852005532,16.63,0.1669823151734051,16.7,19.59880726484142,11.00414937759336,2.8882281830953707,15.35,0,0.04912717256240586,0.9603467885731977
MDW-CLE,MDW,Chicago Midway International Airport,CLE,Cleveland Hopkins International Airport,41.78598,-87.75242,41.41089,-81.8494,1938,377,10.5546955624355,0.1945304437564499,19.45,0.1941173145234682,19.41,13.13364055299539,10.5546955624355,2.770261302476509,15.34,0,0.22554074233338975,0.09225905529546054
DAL-ATL,DAL,Dallas Love Field,ATL,Hartsfield-Jackson Atlanta International Airport,32.84711,-96.85177,33.64044,-84.42694,3114,500,9.693641618497107,0.1605651894669235,16.06,0.1613600146231574,16.14,21.103280021686093,9.693641618497107,2.544262891993992,15.34,0,-0.1459794556719081,1.2751979326748168
BUF-JFK,BUF,Buffalo Niagara International Airport,JFK,John F. Kennedy International Airport (New York International Airport),42.94052,-78.73217,40.63975,-73.77893,2627,453,12.818424057860678,0.1724400456794823,17.24,0.1729413593688405,17.29,17.80292762266197,12.818424057860678,3.364415763218026,15.33,0,0.2873059267994892,0.5618577414531144
DTW-FLL,DTW,Detroit Metropolitan Airport,FLL,Fort Lauderdale-Hollywood International Airport,42.21206,-83.34884,26.07258,-80.15275,2859,477,10.5830710038475,0.1668415529905561,16.68,0.1674927634331964,16.75,19.37516942260775,10.5830710038475,2.7777089248943563,15.31,0,-0.004378098070938479,0.9720187453991302
RIC-BOS,RIC,Richmond International Airport,BOS,Gen. Edward Lawrence Logan International Airport,37.50517,-77.31967,42.36435,-71.00518,2438,433,12.94667760459393,0.1776045939294503,17.76,0.1779397505905548,17.79,16.522092708050963,12.94667760459393,3.398078111441976,15.31,0,0.3386539103247371,0.3749147572953184
BWI-MCI,BWI,Baltimore-Washington International Airport,MCI,Kansas City International Airport,39.1754,-76.6682,39.29761,-94.71391,851,193,13.047003525264396,0.226792009400705,22.68,0.2225142870650138,22.25,5.767145567904581,13.047003525264396,3.4244103740851437,15.31,0,0.6728324407198969,-1.261378237670811
ORD-LEX,ORD,Chicago O'Hare International Airport,LEX,Blue Grass Airport,41.9796,-87.90446,38.03697,-84.60539,2120,398,11.512264150943397,0.1877358490566038,18.77,0.1876626518012739,18.77,14.36703713743562,11.512264150943397,3.021591640667558,15.31,0,0.26459278612813614,0.19494796855112112
MIA-STX,MIA,Miami International Airport,STX,Henry E. Rohlsen Airport,25.79325,-80.29056,17.70189,-64.79856,572,137,11.195804195804197,0.2395104895104895,23.95,0.2315641175577799,23.16,3.876389265383573,11.195804195804197,2.938531284987978,15.31,0,0.5509113904043645,-1.4311184295797832
IAH-IAD,IAH,George Bush Intercontinental Airport,IAD,Washington Dulles International Airport,29.98047,-95.33972,38.94453,-77.45581,1399,290,14.784846318799142,0.2072909220872051,20.73,0.2058779766503189,20.59,9.480889129845488,14.784846318799142,3.880537091548332,15.31,0,0.7414434051554456,-0.8152108465430639
MCO-CLT,MCO,Orlando International Airport,CLT,Charlotte Douglas International Airport,28.42889,-81.31603,35.21401,-80.94313,3206,504,9.796319401122895,0.1572052401746725,15.72,0.1580795786445336,15.81,21.72675521821632,9.796319401122895,2.571212441239605,15.3,0,-0.18011587781898034,1.3517212559623262
SLC-SEA,SLC,Salt Lake City International Airport,SEA,Seattle-Tacoma International Airport,40.78839,-111.97777,47.44898,-122.30931,3809,537,8.077973221317931,0.1409818850091887,14.1,0.142136374264218,14.21,25.81322851721334,8.077973221317931,2.1202029452278035,15.3,0,-0.5312530387024155,2.0182202853363203
IAH-ELP,IAH,George Bush Intercontinental Airport,ELP,El Paso International Airport,29.98047,-95.33972,31.80667,-106.37781,1631,330,11.423053341508275,0.2023298589822195,20.23,0.2013928867699758,20.14,11.053130929791273,11.423053341508275,2.998176730054666,15.3,0,0.3539244525887434,-0.28543234740020584
DAL-OKC,DAL,Dallas Love Field,OKC,Will Rogers World Airport,32.84711,-96.85177,35.39309,-97.60073,1018,225,12.470530451866404,0.2210216110019646,22.1,0.2178990044712237,21.79,6.898888587693142,12.470530451866404,3.2731051054767466,15.29,0,0.573696490074126,-1.023589824650064
LAS-CLE,LAS,McCarran International Airport,CLE,Cleveland Hopkins International Airport,36.08036,-115.15233,41.41089,-81.8494,1513,308,14.682088565763385,0.2035690680766688,20.36,0.2024867247357893,20.25,10.253456221198157,14.682088565763385,3.8535665526938017,15.29,0,0.7017133499200531,-0.6859714517386555
BDL-ORD,BDL,Bradley International Airport,ORD,Chicago O'Hare International Airport,41.93887,-72.68323,41.9796,-87.90446,1587,319,15.21424070573409,0.2010081915563957,20.1,0.2001251256661696,20.01,10.75494714014638,15.21424070573409,3.993239030376402,15.29,0,0.741343576688082,-0.6557509683869315
FLL-PHL,FLL,Fort Lauderdale-Hollywood International Airport,PHL,Philadelphia International Airport,26.07258,-80.15275,39.87195,-75.24114,2002,382,11.442557442557442,0.1908091908091908,19.08,0.1905856741193283,19.06,13.567362428842506,11.442557442557442,3.0032959166817434,15.28,0,0.27030341372814604,0.08860638356419757
MCO-MDW,MCO,Orlando International Airport,MDW,Chicago Midway International Airport,28.42889,-81.31603,41.78598,-87.75242,2697,460,11.28846866889136,0.1705598813496477,17.06,0.17111586950262,17.11,18.277310924369747,11.28846866889136,2.962852669000357,15.28,0,0.09383296108099261,0.7650681617580742
BNA-TPA,BNA,Nashville International Airport,TPA,Tampa International Airport,36.12448,-86.67818,27.97547,-82.53325,1291,273,13.244771494965144,0.2114639814097599,21.15,0.2096413278208685,20.96,8.748983464353485,13.244771494965144,3.47631797768114,15.28,0,0.5974986026547857,-0.7948739021406354
MCI-LAX,MCI,Kansas City International Airport,LAX,Los Angeles International Airport,39.29761,-94.71391,33.94254,-118.40807,1083,237,11.909510618651892,0.2188365650969529,21.88,0.2160702341494743,21.61,7.339387367850366,11.909510618651892,3.1258558054204446,15.27,0,0.49524295845310806,-0.9011719959998024
IAH-SLC,IAH,George Bush Intercontinental Airport,SLC,Salt Lake City International Airport,29.98047,-95.33972,40.78839,-111.97777,2191,405,11.887722501141033,0.1848471017800091,18.48,0.1849022640763108,18.49,14.84819734345351,11.887722501141033,3.120137139407095,15.27,0,0.270360981657941,0.23558151453060974
ORD-ROA,ORD,Chicago O'Hare International Airport,ROA,Roanoke Regional Airport (Woodrum Field),41.9796,-87.90446,37.32547,-79.97543,824,187,13.185679611650484,0.2269417475728155,22.69,0.2225228214273031,22.25,5.58416915153158,13.185679611650484,3.460808297021125,15.27,0,0.6736584463625899,-1.2964404678847161
ORD-SAV,ORD,Chicago O'Hare International Airport,SAV,Savannah/Hilton Head International Airport,41.9796,-87.90446,32.12758,-81.20214,935,208,13.961497326203208,0.2224598930481283,22.25,0.2189479101437953,21.89,6.336405529953917,13.961497326203208,3.6644349937541234,15.27,0,0.7311161909776037,-1.238901663072806
PHX-EWR,PHX,Phoenix Sky Harbor International Airport,EWR,Newark Liberty International Airport,33.43417,-112.00806,40.6925,-74.16866,2280,415,11.7890350877193,0.1820175438596491,18.2,0.1821895323524488,18.22,15.451341827053405,11.7890350877193,3.094234931159921,15.26,0,0.23381451841376746,0.3319797155890301
BNA-MDW,BNA,Nashville International Airport,MDW,Chicago Midway International Airport,36.12448,-86.67818,41.78598,-87.75242,2190,406,10.91917808219178,0.1853881278538812,18.54,0.1854196886457765,18.54,14.841420439143398,10.91917808219178,2.865926005824614,15.26,0,0.1697887406189202,0.31914794847201483
EWR-RDU,EWR,Newark Liberty International Airport,RDU,Raleigh-Durham International Airport,40.6925,-74.16866,35.87764,-78.78747,956,212,13.539748953974897,0.2217573221757322,22.18,0.2183817111731327,21.84,6.478720520466251,13.539748953974897,3.5537398829330438,15.26,0,0.6789693689426723,-1.1775427108742795
SJC-ONT,SJC,Norman Y. Mineta San José International Airport,ONT,Ontario International Airport,37.36186,-121.92901,34.056,-117.60119,1411,293,12.330262225372076,0.2076541459957477,20.77,0.2062283831891649,20.62,9.56221198156682,12.330262225372076,3.23628929799792,15.25,0,0.46647247423969734,-0.584329518849836
MDW-GSP,MDW,Chicago Midway International Airport,GSP,Greenville-Spartanburg International Airport,41.78598,-87.75242,34.89567,-82.21886,667,156,11.71064467766117,0.2338830584707646,23.39,0.2276546114717446,22.77,4.520195174844131,11.71064467766117,3.073660020383509,15.25,0,0.5533829933272109,-1.3512257678806887
DEN-BNA,DEN,Denver International Airport,BNA,Nashville International Airport,39.85841,-104.667,36.12448,-86.67818,2249,412,11.131169408626056,0.1831925300133392,18.32,0.1833167675601652,18.33,15.241257793439958,11.131169408626056,2.9215667739176,15.25,0,0.17012206773435115,0.3605114801087203
PHX-MCO,PHX,Phoenix Sky Harbor International Airport,MCO,Orlando International Airport,33.43417,-112.00806,28.42889,-81.31603,1380,289,11.283333333333331,0.2094202898550724,20.94,0.2078453290532622,20.78,9.352127947953374,11.283333333333331,2.961504811898513,15.25,0,0.3676768552342454,-0.5274198846669073
LAS-TUS,LAS,McCarran International Airport,TUS,Tucson International Airport,36.08036,-115.15233,32.11608,-110.94103,1189,256,11.218671152228763,0.2153069806560134,21.53,0.2130419604335362,21.3,8.057739224722146,11.218671152228763,2.944533110821198,15.24,0,0.3916992305185277,-0.722587208726681
MDW-PIT,MDW,Chicago Midway International Airport,PIT,Pittsburgh International Airport,41.78598,-87.75242,40.49147,-80.23287,1877,364,11.107085775173148,0.1939264784230154,19.39,0.1935311517444755,19.35,12.720249390078612,11.107085775173148,2.915245610281666,15.23,0,0.24002075863347722,0.00038110104097424067
SLC-JFK,SLC,Salt Lake City International Airport,JFK,John F. Kennedy International Airport (New York International Airport),40.78839,-111.97777,40.63975,-73.77893,1970,374,12.988324873096447,0.1898477157360406,18.98,0.1896671917868735,18.97,13.350501490918948,12.988324873096447,3.4090091530436872,15.23,0,0.4090157398957218,-0.0695551250924771
CVG-EWR,CVG,Cincinnati/Northern Kentucky International Airport,EWR,Newark Liberty International Airport,39.04614,-84.66217,40.6925,-74.16866,1497,303,15.2625250501002,0.2024048096192384,20.24,0.2013845253593163,20.14,10.145025752236378,15.2625250501002,4.005912086640472,15.22,0,0.730465723378117,-0.7413900516385626
ORD-MBS,ORD,Chicago O'Hare International Airport,MBS,MBS International Airport,41.9796,-87.90446,43.53291,-84.07965,1231,262,12.321689683184402,0.2128350934199837,21.28,0.2108272629592999,21.08,8.342369205746815,12.321689683184402,3.2340392869250403,15.22,0,0.48588777069264083,-0.7687333622201993
EWR-JAX,EWR,Newark Liberty International Airport,JAX,Jacksonville International Airport,40.6925,-74.16866,30.49406,-81.68786,1056,230,13.198863636363637,0.2178030303030303,21.78,0.2150614939436229,21.51,7.1564109514773655,13.198863636363637,3.4642686709615846,15.21,0,0.6045578244180936,-1.0316421988263647
MCO-DTW,MCO,Orlando International Airport,DTW,Detroit Metropolitan Airport,28.42889,-81.31603,42.21206,-83.34884,2868,471,11.46792189679219,0.1642259414225941,16.42,0.1649633042448882,16.5,19.436161561398755,11.46792189679219,3.0099532537512306,15.21,0,0.03311320441519949,0.9142771910847995
LAX-STL,LAX,Los Angeles International Airport,STL,St. Louis International Airport at Lambert Field,33.94254,-118.40807,38.74769,-90.35999,1587,318,13.908002520478892,0.2003780718336484,20.04,0.1995323574385466,19.95,10.75494714014638,13.908002520478892,3.6503943623304176,15.21,0,0.57111460250824,-0.5307444134578473
HOU-HRL,HOU,William P. Hobby Airport,HRL,Valley International Airport,29.64542,-95.27889,26.22851,-97.65439,1677,335,10.74716756112105,0.1997614788312463,19.98,0.1989932960038425,19.9,11.364868528056384,10.74716756112105,2.8207788874333466,15.2,0,0.23376416232094227,-0.167648098042448
MDW-DAL,MDW,Chicago Midway International Airport,DAL,Dallas Love Field,41.78598,-87.75242,32.84711,-96.85177,2144,399,9.928171641791044,0.1861007462686567,18.61,0.1861011974148075,18.61,14.529682840878284,9.928171641791044,2.60581932855408,15.19,0,0.046011270920154085,0.3702630537533472
MCI-IAH,MCI,Kansas City International Airport,IAH,George Bush Intercontinental Airport,39.29761,-94.71391,29.98047,-95.33972,1826,353,13.32420591456736,0.1933187294633077,19.33,0.1929444896151755,19.29,12.374627270262945,13.32420591456736,3.497166906710593,15.19,0,0.4562194431947142,-0.23672684111188666
PBI-BWI,PBI,Palm Beach International Airport,BWI,Baltimore-Washington International Airport,26.68316,-80.09559,39.1754,-76.6682,1012,221,13.771739130434783,0.2183794466403162,21.84,0.2154775962219677,21.55,6.858227161832476,13.771739130434783,3.614629693027502,15.19,0,0.6592038896308923,-1.123703590298113
BOS-TPA,BOS,Gen. Edward Lawrence Logan International Airport,TPA,Tampa International Airport,42.36435,-71.00518,27.97547,-82.53325,1190,254,12.646218487394956,0.2134453781512605,21.34,0.2113264240300993,21.13,8.064516129032258,12.646218487394956,3.3192174507598318,15.19,0,0.5136242014253772,-0.8360523580683105
DEN-BZN,DEN,Denver International Airport,BZN,Bozeman Yellowstone International Airport (Gallatin Field Airport),39.85841,-104.667,45.7769,-111.15301,954,210,14.148846960167717,0.220125786163522,22.01,0.2168985645150172,21.69,6.465166711846029,14.148846960167717,3.713608126028271,15.19,0,0.7084661176127767,-1.2194561904926078
RIC-ATL,RIC,Richmond International Airport,ATL,Hartsfield-Jackson Atlanta International Airport,37.50517,-77.31967,33.64044,-84.42694,3879,525,10.679814385150811,0.1353441608662026,13.53,0.1366200268908841,13.66,26.28761181892112,10.679814385150811,2.803100888491027,15.19,0,-0.35120589036476013,1.8562127628600542
DCA-MDW,DCA,Ronald Reagan Washington National Airport,MDW,Chicago Midway International Airport,38.85208,-77.03772,41.78598,-87.75242,2983,480,10.990948709353,0.1609118337244384,16.09,0.1617291881280662,16.17,20.215505557061533,10.990948709353,2.8847634407750657,15.19,0,-0.05445764346205249,1.0617243149672022
CLT-SEA,CLT,Charlotte Douglas International Airport,SEA,Seattle-Tacoma International Airport,35.21401,-80.94313,47.44898,-122.30931,895,201,10.859217877094972,0.2245810055865922,22.46,0.2207146603003298,22.07,6.065329357549471,10.859217877094972,2.850188419185032,15.19,0,0.3894001023040565,-1.0059066334286852
CLT-RDU,CLT,Charlotte Douglas International Airport,RDU,Raleigh-Durham International Airport,35.21401,-80.94313,35.87764,-78.78747,2360,425,9.566525423728814,0.1800847457627118,18.01,0.1803297101621252,18.03,15.993494171862292,9.566525423728814,2.5108990613461453,15.19,0,-0.037745308173060994,0.6087927382311016
TPA-IND,TPA,Tampa International Airport,IND,Indianapolis International Airport,27.97547,-82.53325,39.71733,-86.29438,964,212,13.780082987551868,0.2199170124481327,21.99,0.2167397434199512,21.67,6.5329357549471405,13.780082987551868,3.616819681772144,15.18,0,0.6655184464202738,-1.1757912235285226
MIA-RDU,MIA,Miami International Airport,RDU,Raleigh-Durham International Airport,25.79325,-80.29056,35.87764,-78.78747,1104,239,11.994565217391305,0.2164855072463768,21.65,0.2139626968428805,21.4,7.481702358362701,11.994565217391305,3.1481798470843323,15.18,0,0.46001751880977826,-0.8717589042513014
SFO-SBA,SFO,San Francisco International Airport,SBA,Santa Barbara Municipal Airport (Santa Barbara Airport),37.619,-122.37484,34.42621,-119.84037,2239,407,11.734702992407325,0.1817775792764627,18.18,0.1819628418122394,18.2,15.173488750338846,11.734702992407325,3.0799745386895867,15.18,0,0.19887309815280527,0.30801564377123
IAD-TPA,IAD,Washington Dulles International Airport,TPA,Tampa International Airport,38.94453,-77.45581,27.97547,-82.53325,1064,230,13.972744360902256,0.2161654135338346,21.62,0.2135834080745946,21.36,7.2106261859582546,13.972744360902256,3.6673869713654215,15.17,0,0.6611046112568668,-1.0813140645220591
BUR-LAS,BUR,Bob Hope Airport (Hollywood Burbank Airport),LAS,McCarran International Airport,34.20062,-118.3585,36.08036,-115.15233,3311,505,8.763817577771066,0.1525218967079432,15.25,0.1535066218114418,15.35,22.43833017077799,8.763817577771066,2.3002145873414874,15.16,0,-0.3801078778094284,1.5480322831182884
DFW-SNA,DFW,Dallas/Fort Worth International Airport,SNA,John Wayne Airport (Orange County Airport),32.89595,-97.0372,33.67566,-117.86822,3052,486,9.76900393184797,0.1592398427260812,15.92,0.1600923499361764,16.01,20.683111954459203,9.76900393184797,2.5640430267317504,15.16,0,-0.20897749510281713,1.233077007022307
DCA-IAH,DCA,Ronald Reagan Washington National Airport,IAH,George Bush Intercontinental Airport,38.85208,-77.03772,29.98047,-95.33972,2180,398,12.710550458715597,0.1825688073394495,18.26,0.1827241609643983,18.27,14.773651396042286,12.710550458715597,3.3361024826025187,15.16,0,0.3014739942403791,0.16906929823687347
MKE-EWR,MKE,General Mitchell International Airport,EWR,Newark Liberty International Airport,42.94722,-87.89658,40.6925,-74.16866,1127,240,14.972493345164152,0.2129547471162378,21.3,0.2107669820691346,21.08,7.637571157495255,14.972493345164152,3.929788279570644,15.15,0,0.7396419253463354,-1.0946628115543129
EWR-LAS,EWR,Newark Liberty International Airport,LAS,McCarran International Airport,40.6925,-74.16866,36.08036,-115.15233,1866,356,14.131832797427652,0.1907824222936763,19.08,0.1905448051876033,19.05,12.645703442667388,14.131832797427652,3.709142466516444,15.15,0,0.5088873935099946,-0.2601415493617189
TYR-DFW,TYR,Tyler Pounds Regional Airport,DFW,Dallas/Fort Worth International Airport,32.35414,-95.40239,32.89595,-97.0372,1677,327,15.977340488968396,0.1949910554561717,19.5,0.1944913263921374,19.45,11.364868528056384,15.977340488968396,4.1935276873932805,15.14,0,0.7289236098970984,-0.6069340445355681
CLT-MSP,CLT,Charlotte Douglas International Airport,MSP,Minneapolis-Saint Paul International Airport,35.21401,-80.94313,44.88055,-93.21692,2321,417,10.314088754847049,0.1796639379577768,17.97,0.1799302300697348,17.99,15.72919490376796,10.314088754847049,2.707109909408674,15.13,0,0.01768714815426579,0.514423938416408
SFO-RDD,SFO,San Francisco International Airport,RDD,Redding Municipal Airport,37.619,-122.37484,40.50898,-122.2934,768,174,12.934895833333334,0.2265625,22.66,0.2219021739617835,22.19,5.204662510165357,12.934895833333334,3.394985783027122,15.12,0,0.5954053971479651,-1.3150879847342982
AUS-ORD,AUS,Austin-Bergstrom International Airport,ORD,Chicago O'Hare International Airport,30.19453,-97.66987,41.9796,-87.90446,2429,422,13.714697406340058,0.1737340469328941,17.37,0.1742234428623282,17.42,16.461100569259962,13.714697406340058,3.599658111900278,15.11,0,0.31978934598050246,0.3260532194999835
MSP-EWR,MSP,Minneapolis-Saint Paul International Airport,EWR,Newark Liberty International Airport,44.88055,-93.21692,40.6925,-74.16866,1377,282,14.5039941902687,0.2047930283224401,20.48,0.2035281563973109,20.35,9.33179723502304,14.5039941902687,3.806822622117769,15.11,0,0.6287784277014207,-0.7851066803706198
EWR-MKE,EWR,Newark Liberty International Airport,MKE,General Mitchell International Airport,40.6925,-74.16866,42.94722,-87.89658,1135,243,12.170925110132158,0.2140969162995594,21.41,0.2118308396751645,21.18,7.691786391976145,12.170925110132158,3.1944685328430857,15.11,0,0.43960150352232474,-0.8416691294260662
MDW-SAT,MDW,Chicago Midway International Airport,SAT,San Antonio International Airport,41.78598,-87.75242,29.53369,-98.46978,742,169,11.942048517520217,0.2277628032345013,22.78,0.2228160178133351,22.28,5.028462998102467,11.942048517520217,3.1343959363570115,15.1,0,0.4891392808701329,-1.2554283082978221
ABQ-DEN,ABQ,Albuquerque International Sunport,DEN,Denver International Airport,35.04022,-106.60919,39.85841,-104.667,1727,337,12.36711059640996,0.1951360741169658,19.51,0.1946420837432009,19.46,11.70371374356194,12.36711059640996,3.245960786459307,15.09,0,0.3330769689785221,-0.23888171517970266
BNA-MCO,BNA,Nashville International Airport,MCO,Orlando International Airport,36.12448,-86.67818,28.42889,-81.31603,1496,303,11.468582887700537,0.2025401069518716,20.25,0.2015107061396166,20.15,10.138248847926269,11.468582887700537,3.010126742178618,15.08,0,0.28353532827139305,-0.39537163300697065
ATL-CAE,ATL,Hartsfield-Jackson Atlanta International Airport,CAE,Columbia Metropolitan Airport,33.64044,-84.42694,33.93884,-81.11954,2893,468,10.671275492568268,0.161769789146215,16.18,0.1625830561305807,16.26,19.60558416915153,10.671275492568268,2.800859709335504,15.08,0,-0.11575518016047096,1.020897625394607
MDW-SFO,MDW,Chicago Midway International Airport,SFO,San Francisco International Airport,41.78598,-87.75242,37.619,-122.37484,842,188,12.667458432304038,0.2232779097387173,22.33,0.2193323641176519,21.93,5.706153429113581,12.667458432304038,3.3247922394498786,15.08,0,0.5345367884667364,-1.2014766590172203
DFW-RSW,DFW,Dallas/Fort Worth International Airport,RSW,Southwest Florida International Airport,32.89595,-97.0372,26.53617,-81.75517,1223,257,13.050695012264924,0.2101390024529844,21.01,0.2083228170815027,20.83,8.288153971265926,13.050695012264924,3.425379268311003,15.08,0,0.4982580290626916,-0.8181407160616532
RDU-BOS,RDU,Raleigh-Durham International Airport,BOS,Gen. Edward Lawrence Logan International Airport,35.87764,-78.78747,42.36435,-71.00518,1639,322,13.65405735204393,0.1964612568639414,19.65,0.1958660649791996,19.59,11.107346164272162,13.65405735204393,3.583742087150638,15.07,0,0.47059130666443694,-0.43556449954381743
SMF-ONT,SMF,Sacramento International Airport,ONT,Ontario International Airport,38.69542,-121.59077,34.056,-117.60119,2226,403,10.49685534591195,0.1810422282120395,18.1,0.1812601405841909,18.13,15.0853889943074,10.49685534591195,2.755080143283976,15.06,0,0.023546299299771454,0.41727962657759676
DEN-PIT,DEN,Denver International Airport,PIT,Pittsburgh International Airport,39.85841,-104.667,40.49147,-80.23287,1063,228,13.810912511759172,0.2144873000940733,21.45,0.2120473662930594,21.2,7.203849281648143,13.810912511759172,3.624911420409232,15.06,0,0.5973013365817683,-1.051936816122647
IAH-MKE,IAH,George Bush Intercontinental Airport,MKE,General Mitchell International Airport,29.98047,-95.33972,42.94722,-87.89658,909,200,13.15071507150715,0.22002200220022,22.0,0.2166611367679169,21.67,6.160206017891028,13.15071507150715,3.451631252364081,15.06,0,0.5581520091634309,-1.162818723653435
IAH-TUS,IAH,George Bush Intercontinental Airport,TUS,Tucson International Airport,29.98047,-95.33972,32.11608,-110.94103,1253,262,12.3487629688747,0.2090981644054269,20.91,0.2073991773827259,20.74,8.49146110056926,12.3487629688747,3.2411451361875856,15.05,0,0.40803367147769387,-0.7216509946947351
BWI-DTW,BWI,Baltimore-Washington International Airport,DTW,Detroit Metropolitan Airport,39.1754,-76.6682,42.21206,-83.34884,2619,440,12.236731576937762,0.1680030546009927,16.8,0.1686690279510217,16.87,17.74871238818108,12.236731576937762,3.211740571374741,15.04,0,0.09298222679248913,0.6391589129500883
LFT-DFW,LFT,Lafayette Regional Airport,DFW,Dallas/Fort Worth International Airport,30.20528,-91.98766,32.89595,-97.0372,1683,327,14.120617944147355,0.1942959001782531,19.43,0.1938368407172339,19.38,11.405529953917052,14.120617944147355,3.706198935471747,15.04,0,0.49392720905756693,-0.42620252496595484
RSW-DCA,RSW,Southwest Florida International Airport,DCA,Ronald Reagan Washington National Airport,26.53617,-81.75517,38.85208,-77.03772,827,184,13.216444981862152,0.2224909310761789,22.25,0.2185664368919397,21.86,5.604499864461914,13.216444981862152,3.468883197339148,15.04,0,0.5718011617283018,-1.2562138096829352
DFW-CLE,DFW,Dallas/Fort Worth International Airport,CLE,Cleveland Hopkins International Airport,32.89595,-97.0372,41.41089,-81.8494,1655,324,13.154682779456191,0.1957703927492447,19.58,0.1952199925919248,19.52,11.215776633233938,13.154682779456191,3.4526726455265595,15.03,0,0.40112806319533373,-0.37183229030264175
MDW-BNA,MDW,Chicago Midway International Airport,BNA,Nashville International Airport,41.78598,-87.75242,36.12448,-86.67818,2214,401,10.242095754290876,0.1811201445347786,18.11,0.1813358197920605,18.13,15.004066142586067,10.242095754290876,2.6882141087377627,15.03,0,-0.01234964578364366,0.4313350509199554
DEN-FAT,DEN,Denver International Airport,FAT,Fresno Yosemite International Airport,39.85841,-104.667,36.77619,-119.71814,1117,237,13.594449418084157,0.2121754700089525,21.22,0.2100337608864652,21.0,7.569802114394145,13.594449418084157,3.568096960127075,15.03,0,0.548994581186596,-0.9689172026213454
HOU-MAF,HOU,William P. Hobby Airport,MAF,Midland International Airport,29.64542,-95.27889,31.94253,-102.20191,1219,256,12.118949958982771,0.2100082034454471,21.0,0.2081964268376256,20.82,8.261046354025481,12.118949958982771,3.180826760887867,15.03,0,0.38265699175489043,-0.7351345487889626
HOU-MDW,HOU,William P. Hobby Airport,MDW,Chicago Midway International Airport,29.64542,-95.27889,41.78598,-87.75242,2237,403,10.500223513634332,0.1801519892713455,18.02,0.1804069691907694,18.04,15.159934941718625,10.500223513634332,2.755964176806911,15.03,0,0.0067108668727240035,0.4315966216721446
MDW-SDF,MDW,Chicago Midway International Airport,SDF,Louisville International Airport (Standiford Field),41.78598,-87.75242,38.17439,-85.736,1242,259,12.954106280193235,0.2085346215780998,20.85,0.2068637011913771,20.69,8.416915153158037,12.954106280193235,3.400027895063842,15.03,0,0.4594907102396926,-0.7804099435440777
COS-LAX,COS,City of Colorado Springs Municipal Airport,LAX,Los Angeles International Airport,38.80581,-104.70025,33.94254,-118.40807,696,158,13.405172413793103,0.2270114942528735,22.7,0.2218732248728996,22.19,4.716725399837355,13.405172413793103,3.518417956376142,15.02,0,0.61099640942698,-1.4185394540034784
GRK-DFW,GRK,Killeen-Fort Hood Regional Airport,DFW,Dallas/Fort Worth International Airport,31.0649,-97.8278,32.89595,-97.0372,2733,449,12.382729601170874,0.1642883278448591,16.43,0.1650586258379202,16.51,18.521279479533742,12.382729601170874,3.2500602627745074,15.02,0,0.06984871838015876,0.7328649521945679
PHL-SEA,PHL,Philadelphia International Airport,SEA,Seattle-Tacoma International Airport,39.87195,-75.24114,47.44898,-122.30931,1029,222,12.429543245869777,0.2157434402332361,21.57,0.2131187661637096,21.31,6.9734345351043645,12.429543245869777,3.2623473086272377,15.02,0,0.44389186875173003,-0.9629954191539943
DFW-ABQ,DFW,Dallas/Fort Worth International Airport,ABQ,Albuquerque International Sunport,32.89595,-97.0372,35.04022,-106.60919,1935,364,11.5312661498708,0.1881136950904392,18.81,0.1880152761665003,18.8,13.113309840065057,11.5312661498708,3.02657904196084,15.01,0,0.16929123066613938,0.05101965638967618
MKE-LGA,MKE,General Mitchell International Airport,LGA,LaGuardia Airport (Marine Air Terminal),42.94722,-87.89658,40.77724,-73.87261,1260,260,14.813492063492063,0.2063492063492063,20.63,0.2048610933814913,20.49,8.538899430740038,14.813492063492063,3.8880556597092033,15.01,0,0.6348150908580931,-0.917518597457185
AUS-IAH,AUS,Austin-Bergstrom International Airport,IAH,George Bush Intercontinental Airport,30.19453,-97.66987,29.98047,-95.33972,2274,401,13.842128408091469,0.1763412489006156,17.63,0.1767527746414608,17.68,15.410680401192735,13.842128408091469,3.6331045690528794,15.01,0,0.3207657568679869,0.1815423414635793
PHL-MDW,PHL,Philadelphia International Airport,MDW,Chicago Midway International Airport,39.87195,-75.24114,41.78598,-87.75242,1984,368,12.940524193548388,0.1854838709677419,18.55,0.1855139572931037,18.55,13.445378151260504,12.940524193548388,3.396463042926086,15.0,0,0.2948051666310486,-0.02078319273466547
ATL-SFO,ATL,Hartsfield-Jackson Atlanta International Airport,SFO,San Francisco International Airport,33.64044,-84.42694,37.619,-122.37484,3403,501,8.561563326476639,0.1472230384954451,14.72,0.1483331678557888,14.83,23.061805367308214,8.561563326476639,2.247129482014866,15.0,0,-0.5065053631056954,1.661482592806804
TPA-DFW,TPA,Tampa International Airport,DFW,Dallas/Fort Worth International Airport,27.97547,-82.53325,32.89595,-97.0372,2678,442,12.977221807318896,0.1650485436893204,16.5,0.1658067267814356,16.58,18.148549742477638,12.977221807318896,3.406094962550891,15.0,0,0.13101002596504746,0.6347398816812808
LAS-PDX,LAS,McCarran International Airport,PDX,Portland International Airport,36.08036,-115.15233,45.58872,-122.5975,2818,460,9.731724627395316,0.1632363378282469,16.32,0.1640202491428472,16.4,19.097316345893194,9.731724627395316,2.554258432387222,15.0,0,-0.22808643021735828,1.0443531251415
LGB-LAS,LGB,Long Beach Airport (Daugherty Field),LAS,McCarran International Airport,33.81772,-118.15161,36.08036,-115.15233,1248,260,12.182692307692308,0.2083333333333333,20.83,0.2066847826400802,20.67,8.457576579018705,12.182692307692308,3.1975570361397136,15.0,0,0.3665599658999008,-0.7031586778826864
SBP-SFO,SBP,San Luis Obispo County Regional Airport (McChesney Field),SFO,San Francisco International Airport,35.23706,-120.64239,37.619,-122.37484,1100,232,15.343636363636364,0.2109090909090909,21.09,0.2088425724990234,20.88,7.454594741122255,15.343636363636364,4.027201145311381,15.0,0,0.7135750848144798,-1.1306400278095523
ATL-CSG,ATL,Hartsfield-Jackson Atlanta International Airport,CSG,Columbus Metropolitan Airport,33.64044,-84.42694,32.51633,-84.93886,1170,246,12.80854700854701,0.2102564102564102,21.03,0.2083551866132505,20.84,7.928978042830035,12.80854700854701,3.361823361823362,14.99,0,0.44178234119638754,-0.8390486220131783
DEN-BIS,DEN,Denver International Airport,BIS,Bismarck Municipal Airport,39.85841,-104.667,46.77411,-100.74672,1374,281,11.62882096069869,0.2045123726346433,20.45,0.2032639667563284,20.33,9.311466522092708,11.62882096069869,3.052183979186008,14.98,0,0.2798908091996366,-0.5219051777916592
MDW-ABQ,MDW,Chicago Midway International Airport,ABQ,Albuquerque International Sunport,41.78598,-87.75242,35.04022,-106.60919,708,160,12.967514124293784,0.2259887005649717,22.6,0.2210533254935991,22.11,4.798048251558687,12.967514124293784,3.403547014250337,14.98,0,0.5443225867939331,-1.3594930671687948
ORD-MLI,ORD,Chicago O'Hare International Airport,MLI,Quad City International Airport,41.9796,-87.90446,41.44853,-90.50754,1651,324,11.060569351907937,0.196244700181708,19.62,0.1956659548822548,19.57,11.188669015993494,11.060569351907937,2.90303657530392,14.97,0,0.16313471030135132,-0.18685959339108008
BOS-STL,BOS,Gen. Edward Lawrence Logan International Airport,STL,St. Louis International Airport at Lambert Field,42.36435,-71.00518,38.74769,-90.35999,713,161,12.994389901823284,0.2258064516129032,22.58,0.220923846247021,22.09,4.831932773109244,12.994389901823284,3.410601024100599,14.97,0,0.5444942143504472,-1.3561989552093119
DAL-LBB,DAL,Dallas Love Field,LBB,Lubbock Preston Smith International Airport,32.84711,-96.85177,33.66364,-101.82278,1668,326,11.270383693045565,0.1954436450839328,19.54,0.1949157731893824,19.49,11.303876389265383,11.270383693045565,2.9581059561799377,14.96,0,0.1763216793937977,-0.18623037476281595
ACY-MCO,ACY,Atlantic City International Airport,MCO,Orlando International Airport,39.45758,-74.57717,28.42889,-81.31603,847,186,14.110979929161749,0.2195985832349468,21.96,0.2160623938741585,21.61,5.740037950664137,14.110979929161749,3.703669272745865,14.96,0,0.6207403354687375,-1.2955111592129134
CHA-ATL,CHA,Chattanooga Metropolitan Airport (Lovell Field),ATL,Hartsfield-Jackson Atlanta International Airport,35.03527,-85.20379,33.64044,-84.42694,2960,467,10.77195945945946,0.1577702702702702,15.78,0.1586964336597477,15.87,20.059636757928978,10.77195945945946,2.8272859473646874,14.96,0,-0.18018438843024084,1.0848990117636503
IAH-CRP,IAH,George Bush Intercontinental Airport,CRP,Corpus Christi International Airport,29.98047,-95.33972,27.77036,-97.50122,2224,399,10.398381294964029,0.1794064748201438,17.94,0.179694959982284,17.97,15.071835185687178,10.398381294964029,2.729233935686097,14.96,0,-0.03334459563778051,0.4370621003961905
ATL-PHF,ATL,Hartsfield-Jackson Atlanta International Airport,PHF,Newport News/Williamsburg International Airport,33.64044,-84.42694,37.1319,-76.49299,1350,276,12.092592592592592,0.2044444444444444,20.44,0.2031800599991918,20.32,9.14882081865004,12.092592592592592,3.1739088169534364,14.96,0,0.31900574288583133,-0.5817241352186978
MKE-MSP,MKE,General Mitchell International Airport,MSP,Minneapolis-Saint Paul International Airport,42.94722,-87.89658,44.88055,-93.21692,2456,424,9.85871335504886,0.1726384364820846,17.26,0.1731655269948467,17.32,16.644076985632964,9.85871335504886,2.587588807099438,14.94,0,-0.15175262111517918,0.7062624067562767
MDW-SLC,MDW,Chicago Midway International Airport,SLC,Salt Lake City International Airport,41.78598,-87.75242,40.78839,-111.97777,851,188,11.63454759106933,0.2209165687426557,22.09,0.2172566635108603,21.73,5.767145567904581,11.63454759106933,3.053687031776727,14.94,0,0.3619655029598518,-1.0778052161598652
SAN-ORD,SAN,San Diego International Airport (Lindbergh Field),ORD,Chicago O'Hare International Airport,32.73356,-117.18966,41.9796,-87.90446,2891,462,10.2590799031477,0.1598062953995157,15.98,0.1606857529250512,16.07,19.59203036053131,10.2590799031477,2.6926718905899474,14.94,0,-0.22161606448327836,1.0699137794195808
BWI-HOU,BWI,Baltimore-Washington International Airport,HOU,William P. Hobby Airport,39.1754,-76.6682,29.64542,-95.27889,1131,238,12.96109637488948,0.2104332449160035,21.04,0.2084574224198441,20.85,7.6646787747357,12.96109637488948,3.40186256558779,14.94,0,0.43974901430263574,-0.8843207326626376
EWR-MDW,EWR,Newark Liberty International Airport,MDW,Chicago Midway International Airport,40.6925,-74.16866,41.78598,-87.75242,1872,351,13.39636752136752,0.1875,18.75,0.187429557301637,18.74,12.686364868528056,13.39636752136752,3.5161069609888504,14.94,0,0.33764819214588426,-0.1623227325107991
DTW-LAX,DTW,Detroit Metropolitan Airport,LAX,Los Angeles International Airport,42.21206,-83.34884,33.94254,-118.40807,2176,391,10.967371323529411,0.1796875,17.97,0.1799697218799772,18.0,14.746543778801843,10.967371323529411,2.878575150532654,14.92,0,0.015351831502227811,0.34713624498896745
ONT-SMF,ONT,Ontario International Airport,SMF,Sacramento International Airport,34.056,-117.60119,38.69542,-121.59077,2200,394,10.788636363636364,0.179090909090909,17.91,0.1793961247820992,17.94,14.90918948224451,10.788636363636364,2.8316630875685997,14.92,0,-0.008608303519823779,0.3859748464081764
LAS-SNA,LAS,McCarran International Airport,SNA,John Wayne Airport (Orange County Airport),36.08036,-115.15233,33.67566,-117.86822,2606,441,7.883346124328472,0.169224865694551,16.92,0.1698488865479779,16.98,17.660612632149633,7.883346124328472,2.0691197176715157,14.91,0,-0.3983150719727226,1.02034015494033
IAH-BNA,IAH,George Bush Intercontinental Airport,BNA,Nashville International Airport,29.98047,-95.33972,36.12448,-86.67818,1121,236,12.822479928635149,0.2105263157894736,21.05,0.208526688778729,20.85,7.596909731634589,12.822479928635149,3.365480296229697,14.91,0,0.417418080111455,-0.8802961383263739
SAN-RNO,SAN,San Diego International Airport (Lindbergh Field),RNO,Reno/Tahoe International Airport,32.73356,-117.18966,39.49858,-119.76806,722,162,12.581717451523543,0.224376731301939,22.44,0.2197215170302045,21.97,4.892924911900244,12.581717451523543,3.3022880450193037,14.9,0,0.4682339680921857,-1.2980227030928237
DEN-RDU,DEN,Denver International Airport,RDU,Raleigh-Durham International Airport,39.85841,-104.667,35.87764,-78.78747,1046,223,11.970363288718929,0.2131931166347992,21.32,0.2108299188471449,21.08,7.088641908376253,11.970363288718929,3.141827634834365,14.89,0,0.33655292230290146,-0.8849219845215087
EWR-DAY,EWR,Newark Liberty International Airport,DAY,James M. Cox Dayton International Airport,40.6925,-74.16866,39.90238,-84.21938,779,172,14.302952503209244,0.220795892169448,22.08,0.2168499283263119,21.68,5.279208457576579,14.302952503209244,3.754055775120536,14.89,0,0.6246693453094537,-1.3772653656530744
MDW-FLL,MDW,Chicago Midway International Airport,FLL,Fort Lauderdale-Hollywood International Airport,41.78598,-87.75242,26.07258,-80.15275,1207,250,12.969345484672742,0.2071251035625518,20.71,0.2055172815599297,20.55,8.179723502304148,12.969345484672742,3.4040276862658114,14.89,0,0.4034367737821096,-0.7962617277556576
CLT-RSW,CLT,Charlotte Douglas International Airport,RSW,Southwest Florida International Airport,35.21401,-80.94313,26.53617,-81.75517,1856,352,9.658405172413794,0.1896551724137931,18.97,0.1894739708582966,18.95,12.57793439956628,9.658405172413794,2.5350144809485022,14.89,0,-0.05639831431748307,0.1501003827874843
DTW-CLT,DTW,Detroit Metropolitan Airport,CLT,Charlotte Douglas International Airport,42.21206,-83.34884,35.21401,-80.94313,3385,494,8.436632200886264,0.1459379615952732,14.59,0.1470906992823036,14.71,22.93982108972621,8.436632200886264,2.214339160337602,14.89,0,-0.5671469751329803,1.6676491521809815
BNA-ATL,BNA,Nashville International Airport,ATL,Hartsfield-Jackson Atlanta International Airport,36.12448,-86.67818,33.64044,-84.42694,3523,497,9.361623616236162,0.1410729491910303,14.11,0.1423160604468198,14.23,23.875033884521557,9.361623616236162,2.45711905937957,14.88,0,-0.5238868518158317,1.7050626031510798
MDW-PDX,MDW,Chicago Midway International Airport,PDX,Portland International Airport,41.78598,-87.75242,45.58872,-122.5975,703,158,12.469416785206258,0.22475106685633,22.48,0.2199390871716415,21.99,4.764163730008132,12.469416785206258,3.272812804516078,14.88,0,0.4508903937290474,-1.3060072950820338
DFW-ELP,DFW,Dallas/Fort Worth International Airport,ELP,El Paso International Airport,32.89595,-97.0372,31.80667,-106.37781,1453,290,12.540261527873366,0.1995870612525808,19.96,0.1987193090784469,19.87,9.846841962591489,12.540261527873366,3.291407225163613,14.88,0,0.3085973386366043,-0.5018383649364985
DEN-FCA,DEN,Denver International Airport,FCA,Glacier Park International Airport,39.85841,-104.667,48.3114,-114.25507,823,181,12.72539489671932,0.2199270959902794,21.99,0.2162633661959135,21.63,5.57739224722147,12.72539489671932,3.3399986605562515,14.87,0,0.44732488254781344,-1.1905849478852986
CLT-PIT,CLT,Charlotte Douglas International Airport,PIT,Pittsburgh International Airport,35.21401,-80.94313,40.49147,-80.23287,2673,442,9.595959595959595,0.1653572764683875,16.54,0.1661056931117303,16.61,18.11466522092708,9.595959595959595,2.5186245658686603,14.87,0,-0.26390361027112624,0.9377845802874604
DFW-STL,DFW,Dallas/Fort Worth International Airport,STL,St. Louis International Airport at Lambert Field,32.89595,-97.0372,38.74769,-90.35999,2703,443,10.34443211246763,0.1638919718830928,16.39,0.1646846546553079,16.47,18.317972350230416,10.34443211246763,2.715074045267094,14.87,0,-0.1988947943618983,0.9009995621867805
STL-DEN,STL,St. Louis International Airport at Lambert Field,DEN,Denver International Airport,38.74769,-90.35999,39.85841,-104.667,2023,370,11.8719723183391,0.1828966880869995,18.29,0.1830480861982233,18.3,13.709677419354838,11.8719723183391,3.116003233159869,14.87,0,0.12010483846771734,0.12635337205621008
SAN-MCI,SAN,San Diego International Airport (Lindbergh Field),MCI,Kansas City International Airport,32.73356,-117.18966,39.29761,-94.71391,508,118,13.021653543307089,0.2322834645669291,23.23,0.2246892878270199,22.47,3.44266738953646,13.021653543307089,3.417756835513671,14.86,0,0.5457678600836983,-1.5789037646171795
DEN-BUR,DEN,Denver International Airport,BUR,Bob Hope Airport (Hollywood Burbank Airport),39.85841,-104.667,34.20062,-118.3585,1350,273,12.831851851851852,0.2022222222222222,20.22,0.2011110944819504,20.11,9.14882081865004,12.831851851851852,3.367940118596287,14.86,0,0.34896252333172617,-0.6302761083711442
ORD-HPN,ORD,Chicago O'Hare International Airport,HPN,Westchester County Airport,41.9796,-87.90446,41.06696,-73.70757,1837,346,11.479041916167663,0.1883505715841045,18.84,0.1882349442430708,18.82,12.449173217674169,11.479041916167663,3.012871894007261,14.86,0,0.11393548901530637,-0.019896814652260272
PHX-BWI,PHX,Phoenix Sky Harbor International Airport,BWI,Baltimore-Washington International Airport,33.43417,-112.00806,39.1754,-76.6682,1716,331,10.081585081585082,0.1928904428904428,19.29,0.1925171183914252,19.25,11.62916779615072,10.081585081585082,2.6460853232506776,14.85,0,-0.00309233652593153,-0.02027380217582916
DCA-CLT,DCA,Ronald Reagan Washington National Airport,CLT,Charlotte Douglas International Airport,38.85208,-77.03772,35.21401,-80.94313,2702,444,9.2379718726869,0.1643227239082161,16.43,0.1651003165591821,16.51,18.311195445920305,9.2379718726869,2.4246645335136217,14.85,0,-0.3190460917290844,0.9990052127683592
DAL-MCO,DAL,Dallas Love Field,MCO,Orlando International Airport,32.84711,-96.85177,28.42889,-81.31603,1095,231,11.581735159817352,0.210958904109589,21.1,0.2088795707103164,20.89,7.420710219571699,11.581735159817352,3.0398255012643967,14.85,0,0.2673454678628994,-0.7911282018586095
IAH-BHM,IAH,George Bush Intercontinental Airport,BHM,Birmingham-Shuttlesworth International Airport,29.98047,-95.33972,33.56294,-86.75355,1703,327,11.431591309453903,0.1920140927774515,19.2,0.1916866816410583,19.17,11.541068040119274,11.431591309453903,3.000417666523335,14.84,0,0.12744935520891834,-0.1462749234969836
STT-MIA,STT,Cyril E. King Airport,MIA,Miami International Airport,18.33731,-64.97336,25.79325,-80.29056,1007,212,16.05362462760675,0.2105263157894736,21.05,0.208320765129926,20.83,6.824342640281919,16.05362462760675,4.213549771025394,14.84,0,0.729741982207111,-1.2646108705741503
DFW-IND,DFW,Dallas/Fort Worth International Airport,IND,Indianapolis International Airport,32.89595,-97.0372,39.71733,-86.29438,1707,327,11.896309314586995,0.1915641476274165,19.16,0.191262361371792,19.13,11.56817565735972,11.896309314586995,3.122390896217059,14.84,0,0.1737563546359856,-0.18258995126225125
DFW-BRO,DFW,Dallas/Fort Worth International Airport,BRO,Brownsville/South Padre Island International Airport,32.89595,-97.0372,25.90683,-97.42586,1092,228,14.50824175824176,0.2087912087912088,20.88,0.206888495804386,20.69,7.400379506641366,14.50824175824176,3.8079374693547927,14.84,0,0.5574581331540052,-1.0416789050836592
PHL-DTW,PHL,Philadelphia International Airport,DTW,Detroit Metropolitan Airport,39.87195,-75.24114,42.21206,-83.34884,2145,382,12.858741258741258,0.1780885780885781,17.81,0.1784459184850014,17.84,14.5364597451884,12.858741258741258,3.3749977057063667,14.84,0,0.17706689955038354,0.1632176307830925
CLT-PVD,CLT,Charlotte Douglas International Airport,PVD,Theodore Francis Green State Airport,35.21401,-80.94313,41.724,-71.42822,1144,239,12.12937062937063,0.2089160839160839,20.89,0.207082867362402,20.71,7.752778530767146,12.12937062937063,3.183561844979168,14.84,0,0.3101255821183645,-0.7846928481557439
DFW-MSN,DFW,Dallas/Fort Worth International Airport,MSN,Dane County Regional Airport,32.89595,-97.0372,43.13986,-89.33751,923,199,12.743228602383532,0.2156013001083423,21.56,0.2127185601161565,21.27,6.255082678232584,12.743228602383532,3.344679423197777,14.83,0,0.4094754770645363,-1.073645661214662
DFW-PBI,DFW,Dallas/Fort Worth International Airport,PBI,Palm Beach International Airport,32.89595,-97.0372,26.68316,-80.09559,890,193,12.648314606741572,0.2168539325842696,21.69,0.213748572726089,21.37,6.031444835998916,12.648314606741572,3.3197676133179983,14.83,0,0.4073762058930766,-1.1024805387489596
ORD-SJC,ORD,Chicago O'Hare International Airport,SJC,Norman Y. Mineta San José International Airport,41.9796,-87.90446,37.36186,-121.92901,710,158,13.590140845070422,0.2225352112676056,22.25,0.2180383790108989,21.8,4.81160206017891,13.590140845070422,3.566966101068352,14.82,0,0.534505936238338,-1.3818651643982367
ICT-IAH,ICT,Wichita Dwight D. Eisenhower National Airport (Wichita Mid-Continent Airport),IAH,George Bush Intercontinental Airport,37.64996,-97.43305,29.98047,-95.33972,1142,237,13.647110332749564,0.2075306479859895,20.75,0.2058060281794107,20.58,7.739224722146923,13.647110332749564,3.581918722506447,14.82,0,0.4535169213610522,-0.9125696269568442
SNA-LAS,SNA,John Wayne Airport (Orange County Airport),LAS,McCarran International Airport,33.67566,-117.86822,36.08036,-115.15233,2600,434,8.997307692307693,0.1669230769230769,16.69,0.1676337359254919,16.76,17.619951206288967,8.997307692307693,2.361498081970524,14.82,0,-0.3317109723946176,0.9301466616742974
SYR-ORD,SYR,Syracuse Hancock International Airport,ORD,Chicago O'Hare International Airport,43.11119,-76.10631,41.9796,-87.90446,1705,324,13.899120234604103,0.1900293255131964,19.0,0.1898122365644477,18.98,11.554621848739496,13.899120234604103,3.648063053701864,14.82,0,0.36765087467316626,-0.3544911227929805
MLI-DFW,MLI,Quad City International Airport,DFW,Dallas/Fort Worth International Airport,41.44853,-90.50754,32.89595,-97.0372,977,208,13.817809621289662,0.2128966223132037,21.29,0.2104095515309453,21.04,6.621035510978585,13.817809621289662,3.626721685377864,14.82,0,0.5042172110523904,-1.1054001416618149
LFT-IAH,LFT,Lafayette Regional Airport,IAH,George Bush Intercontinental Airport,30.20528,-91.98766,29.98047,-95.33972,2285,396,13.054266958424508,0.1733041575492341,17.33,0.1738411266242466,17.38,15.48522634860396,13.054266958424508,3.4263167869880595,14.81,0,0.14914758353683957,0.28398417141867743
DTW-TPA,DTW,Detroit Metropolitan Airport,TPA,Tampa International Airport,42.21206,-83.34884,27.97547,-82.53325,2261,395,11.92702344095533,0.1747014595311808,17.47,0.1751847043620619,17.52,15.32258064516129,11.92702344095533,3.130452346707435,14.81,0,0.04114837665481624,0.359082581929292
DEN-SGF,DEN,Denver International Airport,SGF,Springfield-Branson National Airport,39.85841,-104.667,37.24433,-93.38686,645,145,13.852713178294572,0.2248062015503876,22.48,0.2196121973138632,21.96,4.371103280021687,13.852713178294572,3.63588272396183,14.81,0,0.5733022140488432,-1.4784757155219694
DFW-ICT,DFW,Dallas/Fort Worth International Airport,ICT,Wichita Dwight D. Eisenhower National Airport (Wichita Mid-Continent Airport),32.89595,-97.0372,37.64996,-97.43305,828,181,12.460144927536232,0.2185990338164251,21.86,0.2150981540935648,21.51,5.611276768772025,12.460144927536232,3.2703792460725016,14.8,0,0.38695493069095865,-1.149903882524116
IAH-MAF,IAH,George Bush Intercontinental Airport,MAF,Midland International Airport,29.98047,-95.33972,31.94253,-102.20191,2165,387,9.84434180138568,0.1787528868360277,17.88,0.1790777426043391,17.91,14.67199783139062,9.84434180138568,2.58381674577052,14.8,0,-0.14933777960598207,0.44854691306622363
MSP-DTW,MSP,Minneapolis-Saint Paul International Airport,DTW,Detroit Metropolitan Airport,44.88055,-93.21692,42.21206,-83.34884,2892,456,9.826763485477178,0.1576763485477178,15.77,0.1586267002001431,15.86,19.59880726484142,9.826763485477178,2.5792030145609397,14.8,0,-0.3320378870690749,1.1240452586136849
LAX-PHL,LAX,Los Angeles International Airport,PHL,Philadelphia International Airport,33.94254,-118.40807,39.87195,-75.24114,2036,374,8.200884086444008,0.1836935166994106,18.37,0.1838066886698633,18.38,13.797777175386283,8.200884086444008,2.1524630148147,14.8,0,-0.28507768373657577,0.4659918613338987
CLE-MCO,CLE,Cleveland Hopkins International Airport,MCO,Orlando International Airport,41.41089,-81.8494,28.42889,-81.31603,1500,293,13.940666666666669,0.1953333333333333,19.53,0.1947569293742676,19.48,10.165356465166711,13.940666666666669,3.6589676290463697,14.78,0,0.39291940589796454,-0.557970445734716
SAN-DFW,SAN,San Diego International Airport (Lindbergh Field),DFW,Dallas/Fort Worth International Airport,32.73356,-117.18966,32.89595,-97.0372,3534,487,11.465195246179968,0.1378041878890775,13.78,0.1391334856903764,13.91,23.949579831932773,11.465195246179968,3.009237597422564,14.78,0,-0.36439522777920225,1.5378963674906148
SEA-OGG,SEA,Seattle-Tacoma International Airport,OGG,Kahului Airport,47.44898,-122.30931,20.89865,-156.43046,1334,269,12.411544227886058,0.2016491754122938,20.16,0.2005656115751939,20.06,9.040390349688264,12.411544227886058,3.2576231569254746,14.78,0,0.27459845331350635,-0.5994356245535448
ATL-EWN,ATL,Hartsfield-Jackson Atlanta International Airport,EWN,Coastal Carolina Regional Airport (Craven County Regional),33.64044,-84.42694,35.07297,-77.04294,618,140,11.906148867313917,0.2265372168284789,22.65,0.2209068064050531,22.09,4.1881268636486855,11.906148867313917,3.1249734559879045,14.77,0,0.3640575852202226,-1.3372193704256832
CLT-SYR,CLT,Charlotte Douglas International Airport,SYR,Syracuse Hancock International Airport,35.21401,-80.94313,43.11119,-76.10631,648,146,11.54783950617284,0.2253086419753086,22.53,0.2200682981267755,22.01,4.391433992952019,11.54783950617284,3.03092900424484,14.76,0,0.31563199518684454,-1.269805352376335
LAS-OMA,LAS,McCarran International Airport,OMA,Eppley Airfield,36.08036,-115.15233,41.30252,-95.89417,922,198,11.970715835140998,0.2147505422993492,21.48,0.2119482260262506,21.19,6.248305773922472,11.970715835140998,3.141920166703674,14.75,0,0.29621312649640796,-0.9960633845257107
PIT-PHL,PIT,Pittsburgh International Airport,PHL,Philadelphia International Airport,40.49147,-80.23287,39.87195,-75.24114,995,211,12.342713567839196,0.2120603015075376,21.21,0.2096904904098887,20.97,6.743019788560585,12.342713567839196,3.2395573668869284,14.75,0,0.32065643681711964,-0.9490160275575098
DAL-SNA,DAL,Dallas Love Field,SNA,John Wayne Airport (Orange County Airport),32.84711,-96.85177,33.67566,-117.86822,586,134,10.358361774744028,0.2286689419795221,22.87,0.2224651413977086,22.25,3.971265925725129,10.358361774744028,2.7187301246047317,14.75,0,0.20785838272415025,-1.2411545656621876
DEN-ISN,DEN,Denver International Airport,ISN,Sloulin Field International Airport,39.85841,-104.667,48.17794,-103.64235,1244,254,11.9983922829582,0.2041800643086816,20.42,0.2028356302074614,20.28,8.43046896177826,11.9983922829582,3.149184326235748,14.75,0,0.23600034415817048,-0.6530123297886931
IAD-JFK,IAD,Washington Dulles International Airport,JFK,John F. Kennedy International Airport (New York International Airport),38.94453,-77.45581,40.63975,-73.77893,998,209,15.544088176352703,0.2094188376753507,20.94,0.2072960719479309,20.73,6.76335050149092,15.544088176352703,4.079813169646379,14.74,0,0.6360157587685457,-1.2152243100208904
MSY-IAH,MSY,Louis Armstrong New Orleans International Airport,IAH,George Bush Intercontinental Airport,29.99339,-90.25803,29.98047,-95.33972,2921,451,11.908935296131462,0.1543991783635741,15.44,0.1554488867920649,15.54,19.795337489834644,11.908935296131462,3.1257048021342424,14.74,0,-0.16176079962735984,0.975277517610444
OGG-LAX,OGG,Kahului Airport,LAX,Los Angeles International Airport,20.89865,-156.43046,33.94254,-118.40807,2910,450,11.847766323024056,0.1546391752577319,15.46,0.1556847465112386,15.57,19.72079154242342,11.847766323024056,3.109649953549621,14.74,0,-0.16707890900244515,0.9716925519371292
MSY-DFW,MSY,Louis Armstrong New Orleans International Airport,DFW,Dallas/Fort Worth International Airport,29.99339,-90.25803,32.89595,-97.0372,2803,442,11.736710667142347,0.1576881912236889,15.77,0.1586672707539883,15.87,18.995662781241528,11.736710667142347,3.0805014874389363,14.73,0,-0.15216973162820083,0.8859035876296812
OMA-IAH,OMA,Eppley Airfield,IAH,George Bush Intercontinental Airport,41.30252,-95.89417,29.98047,-95.33972,1254,255,12.137958532695375,0.2033492822966507,20.33,0.2020761351542305,20.21,8.498238004879372,12.137958532695375,3.185815887846556,14.73,0,0.2378157475037435,-0.6506004900677314
ATL-IAD,ATL,Hartsfield-Jackson Atlanta International Airport,IAD,Washington Dulles International Airport,33.64044,-84.42694,38.94453,-77.45581,2832,447,10.22563559322034,0.1578389830508474,15.78,0.1588032356749072,15.88,19.19219300623475,10.22563559322034,2.683893856488278,14.73,0,-0.31206893577916117,1.0444639107559908
CLT-LAS,CLT,Charlotte Douglas International Airport,LAS,McCarran International Airport,35.21401,-80.94313,36.08036,-115.15233,1688,323,10.354265402843602,0.1913507109004739,19.14,0.1910576549210448,19.11,11.439414475467606,10.354265402843602,2.7176549613762733,14.73,0,-0.02606222858233976,-0.05434748649297754
CLT-JAX,CLT,Charlotte Douglas International Airport,JAX,Jacksonville International Airport,35.21401,-80.94313,30.49406,-81.68786,2276,396,9.789982425307556,0.1739894551845342,17.4,0.1744996157402475,17.45,15.424234209812957,9.789982425307556,2.569549192994109,14.71,0,-0.2231576359088272,0.5710216927508434
DFW-JLN,DFW,Dallas/Fort Worth International Airport,JLN,Joplin Regional Airport,32.89595,-97.0372,37.15181,-94.49827,696,153,14.85632183908046,0.2198275862068965,21.98,0.2155918178377238,21.56,4.716725399837355,14.85632183908046,3.899297070624793,14.7,0,0.6103500712781789,-1.4835805313061121
EWR-MEM,EWR,Newark Liberty International Airport,MEM,Memphis International Airport,40.6925,-74.16866,35.04242,-89.97667,1073,223,13.264678471575024,0.2078285181733457,20.78,0.2059770562649856,20.6,7.271618324749254,13.264678471575024,3.481542905925203,14.7,0,0.3733675625093961,-0.9339026767126924
DFW-MLI,DFW,Dallas/Fort Worth International Airport,MLI,Quad City International Airport,32.89595,-97.0372,41.44853,-90.50754,987,209,11.69807497467072,0.2117527862208713,21.18,0.2093938242859504,20.94,6.688804554079697,11.69807497467072,3.0703608857403464,14.7,0,0.23233720025412613,-0.893170555157947
BWI-MKE,BWI,Baltimore-Washington International Airport,MKE,General Mitchell International Airport,39.1754,-76.6682,42.94722,-87.89658,926,197,12.97840172786177,0.212742980561555,21.27,0.2101472582834582,21.01,6.275413391162917,12.97840172786177,3.4064046529820926,14.69,0,0.36804930613370374,-1.0661030765091783
SBA-LAX,SBA,Santa Barbara Municipal Airport (Santa Barbara Airport),LAX,Los Angeles International Airport,34.42621,-119.84037,33.94254,-118.40807,1576,305,10.696065989847716,0.1935279187817259,19.35,0.1930853741043127,19.31,10.68040119273516,10.696065989847716,2.8073664015348334,14.68,0,0.005704744791405941,-0.1877307978822673
OAK-GEG,OAK,Oakland International Airport,GEG,Spokane International Airport,37.72129,-122.22072,47.61986,-117.53384,693,153,12.95959595959596,0.2207792207792207,22.08,0.2164074237059623,21.64,4.696394686907021,12.95959595959596,3.4014687557994647,14.67,0,0.40662329214218307,-1.32137032007839
DEN-JFK,DEN,Denver International Airport,JFK,John F. Kennedy International Airport (New York International Airport),39.85841,-104.667,40.63975,-73.77893,892,189,15.22645739910314,0.2118834080717488,21.19,0.2092853699584961,20.93,6.044998644619138,15.22645739910314,3.996445511575628,14.67,0,0.5926347001055899,-1.2912608394532696
MSP-PHL,MSP,Minneapolis-Saint Paul International Airport,PHL,Philadelphia International Airport,44.88055,-93.21692,39.87195,-75.24114,2595,425,9.994605009633911,0.163776493256262,16.38,0.1646052270867637,16.46,17.586066684738412,9.994605009633911,2.6232559080403965,14.67,0,-0.3020727768228308,0.8565079166190146
MIA-MSP,MIA,Miami International Airport,MSP,Minneapolis-Saint Paul International Airport,25.79325,-80.29056,44.88055,-93.21692,899,191,13.846496106785317,0.2124582869855394,21.25,0.2098209079067348,20.98,6.092436974789916,13.846496106785317,3.634250946662813,14.66,0,0.4476538222091474,-1.1646670111775106
DFW-LRD,DFW,Dallas/Fort Worth International Airport,LRD,Laredo International Airport,32.89595,-97.0372,27.54374,-99.46154,1351,270,10.853441894892672,0.1998519615099926,19.99,0.1989049531349608,19.89,9.155597722960152,10.853441894892672,2.8486724133576566,14.65,0,0.054789649755859864,-0.42836982909426563
TPA-MIA,TPA,Tampa International Airport,MIA,Miami International Airport,27.97547,-82.53325,25.79325,-80.29056,2170,378,12.364976958525345,0.1741935483870967,17.42,0.1747185405281181,17.47,14.705882352941178,12.364976958525345,3.245400776515839,14.65,0,0.029078857972540364,0.2564849571677442
MSY-DEN,MSY,Louis Armstrong New Orleans International Airport,DEN,Denver International Airport,29.99339,-90.25803,39.85841,-104.667,1739,324,13.40713053479011,0.1863139735480161,18.63,0.18630292930877,18.63,11.785036595283277,13.40713053479011,3.5189318988950418,14.65,0,0.2317602642287473,-0.253595231270819
CLT-PBI,CLT,Charlotte Douglas International Airport,PBI,Palm Beach International Airport,35.21401,-80.94313,26.68316,-80.09559,1747,330,9.27704636519748,0.1888952489982827,18.89,0.1887444975629822,18.87,11.839251829764164,9.27704636519748,2.43492030582611,14.65,0,-0.1851856117363505,0.10985133367766271
DEN-MSN,DEN,Denver International Airport,MSN,Dane County Regional Airport,39.85841,-104.667,43.13986,-89.33751,783,169,14.21072796934866,0.2158365261813537,21.58,0.2124700872013908,21.25,5.306316074817024,14.21072796934866,3.729849860721433,14.64,0,0.497582640977246,-1.3193041374257413
ATL-OAJ,ATL,Hartsfield-Jackson Atlanta International Airport,OAJ,Albert J. Ellis Airport,33.64044,-84.42694,34.82916,-77.61214,1232,248,13.76948051948052,0.2012987012987013,20.13,0.2001584737228439,20.02,8.349146110056926,13.76948051948052,3.614036881753417,14.64,0,0.3661248301013864,-0.7993992417351543
HOU-ELP,HOU,William P. Hobby Airport,ELP,El Paso International Airport,29.64542,-95.27889,31.80667,-106.37781,977,206,11.74718526100307,0.2108495394063459,21.08,0.2085525413173891,20.86,6.621035510978585,11.74718526100307,3.083250724672722,14.63,0,0.20837890186543753,-0.8970559809720581
DFW-FWA,DFW,Dallas/Fort Worth International Airport,FWA,Fort Wayne International Airport,32.89595,-97.0372,40.97847,-85.19515,691,153,11.273516642547031,0.2214182344428364,22.14,0.2169545979757625,21.7,4.682840878286799,11.273516642547031,2.958928252637017,14.63,0,0.2204890786314884,-1.174804430036325
DFW-PSP,DFW,Dallas/Fort Worth International Airport,PSP,Palm Springs International Airport,32.89595,-97.0372,33.82922,-116.50625,762,165,14.133858267716535,0.2165354330708661,21.65,0.2130059013907519,21.3,5.164001084304689,14.133858267716535,3.7096740860148394,14.63,0,0.4905854856624748,-1.335023802710267
MDW-AUS,MDW,Chicago Midway International Airport,AUS,Austin-Bergstrom International Airport,41.78598,-87.75242,30.19453,-97.66987,940,199,12.36595744680851,0.2117021276595744,21.17,0.2092414298065655,20.92,6.3702900515044725,12.36595744680851,3.245658122521919,14.63,0,0.278495110394525,-0.9900968714274981
AUS-ATL,AUS,Austin-Bergstrom International Airport,ATL,Hartsfield-Jackson Atlanta International Airport,30.19453,-97.66987,33.64044,-84.42694,3435,475,11.090247452692868,0.1382823871906841,13.83,0.139635385289626,13.96,23.27866630523177,11.090247452692868,2.9108261030689944,14.63,0,-0.44552252956369076,1.502423895431995
TUL-HOU,TUL,Tulsa International Airport,HOU,William P. Hobby Airport,36.19837,-95.88824,29.64542,-95.27889,999,209,12.843843843843844,0.2092092092092092,20.92,0.2071074494984787,20.71,6.77012740580103,12.843843843843844,3.3710876230561277,14.62,0,0.3108673292536842,-0.9654488062963479
MDW-TPA,MDW,Chicago Midway International Airport,TPA,Tampa International Airport,41.78598,-87.75242,27.97547,-82.53325,1510,293,11.386754966887418,0.1940397350993377,19.4,0.1935472590054833,19.35,10.233125508267824,11.386754966887418,2.988649597608246,14.62,0,0.061182459566643574,-0.30505021955488076
CLT-RIC,CLT,Charlotte Douglas International Airport,RIC,Richmond International Airport,35.21401,-80.94313,37.50517,-77.31967,1474,288,10.835142469470828,0.1953867028493894,19.54,0.1947973869115808,19.48,9.989156953103825,10.835142469470828,2.8438694145592724,14.61,0,0.010207917015478105,-0.2941562156211095
SGF-ATL,SGF,Springfield-Branson National Airport,ATL,Hartsfield-Jackson Atlanta International Airport,37.24433,-93.38686,33.64044,-84.42694,1405,272,16.05338078291815,0.193594306049822,19.36,0.1930970677733077,19.31,9.521550555706153,16.05338078291815,4.21348576979479,14.6,0,0.5422944661851942,-0.8089233888847561
PHL-SLC,PHL,Philadelphia International Airport,SLC,Salt Lake City International Airport,39.87195,-75.24114,40.78839,-111.97777,640,141,14.6421875,0.2203125,22.03,0.2156906581065245,21.57,4.33721875847113,14.6421875,3.8430938320209975,14.6,0,0.5568944701566526,-1.5121678499402318
DAL-PHX,DAL,Dallas Love Field,PHX,Phoenix Sky Harbor International Airport,32.84711,-96.85177,33.43417,-112.00806,1600,306,10.985,0.19125,19.12,0.1909476982346048,19.09,10.843046896177826,10.985,2.8832020997375327,14.6,0,-0.006660312335531485,-0.17654383132320137
COS-IAH,COS,City of Colorado Springs Municipal Airport,IAH,George Bush Intercontinental Airport,38.80581,-104.70025,29.98047,-95.33972,962,200,15.525987525987526,0.2079002079002079,20.79,0.2058484811665048,20.58,6.519381946326917,15.525987525987526,4.075062342778878,14.59,0,0.5729926660854096,-1.2274242535313507
ORD-FNT,ORD,Chicago O'Hare International Airport,FNT,Bishop International Airport,41.9796,-87.90446,42.9655,-83.74346,1941,351,11.014940752189592,0.1808346213292117,18.08,0.1810931342473435,18.11,13.153971265925726,11.014940752189592,2.8910605648791585,14.59,0,-0.08152654603463441,0.160207076077325
DAL-AMA,DAL,Dallas Love Field,AMA,Rick Husband Amarillo International Airport,32.84711,-96.85177,35.21937,-101.70593,1302,260,11.4715821812596,0.1996927803379416,19.97,0.1987240278165679,19.87,8.823529411764707,11.4715821812596,3.0109139583358533,14.58,0,0.09407488996343799,-0.5208044733160356
ORD-TVC,ORD,Chicago O'Hare International Airport,TVC,Cherry Capital Airport,41.9796,-87.90446,44.74144,-85.58224,1848,339,11.025974025974026,0.1834415584415584,18.34,0.1835785867550452,18.36,12.523719165085389,11.025974025974026,2.893956437263524,14.58,0,-0.06382867911778675,0.06921781597166923
LAS-MIA,LAS,McCarran International Airport,MIA,Miami International Airport,36.08036,-115.15233,25.79325,-80.29056,1514,292,11.741743725231176,0.1928665785997358,19.29,0.1924480092929542,19.24,10.260233125508268,11.741743725231176,3.0818225000606763,14.57,0,0.07523906222170976,-0.3252639755652736
SFO-BUR,SFO,San Francisco International Airport,BUR,Bob Hope Airport (Hollywood Burbank Airport),37.619,-122.37484,34.20062,-118.3585,1687,316,12.273858921161828,0.1873147599288678,18.73,0.1872473905981131,18.72,11.432637571157494,12.273858921161828,3.221485281144836,14.57,0,0.09301091647456486,-0.1968862254026698
DEN-DCA,DEN,Denver International Airport,DCA,Ronald Reagan Washington National Airport,39.85841,-104.667,38.85208,-77.03772,1423,278,11.69852424455376,0.1953619114546732,19.54,0.19475448916535,19.48,9.643534833288154,11.69852424455376,3.070478804344819,14.56,0,0.083090087999462,-0.41211428703577463
RDU-BWI,RDU,Raleigh-Durham International Airport,BWI,Baltimore-Washington International Airport,35.87764,-78.78747,39.1754,-76.6682,2083,367,10.684589534325491,0.1761881901104176,17.62,0.1766427333938745,17.66,14.116291677961506,10.684589534325491,2.804354208484381,14.55,0,-0.16529972983081767,0.33141315788427755
IND-DEN,IND,Indianapolis International Airport,DEN,Denver International Airport,39.71733,-86.29438,39.85841,-104.667,2035,358,13.055528255528255,0.1759213759213759,17.59,0.1763986355966408,17.64,13.791000271076172,13.055528255528255,3.426647836096655,14.55,0,0.08225016984650695,0.08110197719850978
DFW-MEM,DFW,Dallas/Fort Worth International Airport,MEM,Memphis International Airport,32.89595,-97.0372,35.04242,-89.97667,923,194,13.28819068255688,0.2101841820151679,21.02,0.2078309745834097,20.78,6.255082678232584,13.28819068255688,3.487714089909942,14.55,0,0.3393535066295173,-1.0741156566790535
BTV-DTW,BTV,Burlington International Airport,DTW,Detroit Metropolitan Airport,44.473,-73.15031,42.21206,-83.34884,534,120,13.56367041198502,0.2247191011235955,22.47,0.2186294747615585,21.86,3.618866901599349,13.56367041198502,3.560018480835963,14.55,0,0.45323489913995996,-1.5366535650559419
DAL-DEN,DAL,Dallas Love Field,DEN,Denver International Airport,32.84711,-96.85177,39.85841,-104.667,1626,308,10.941574415744157,0.1894218942189421,18.94,0.1892300619923685,18.92,11.019246408240717,10.941574415744157,2.8718043085942666,14.54,0,-0.04396939437991593,-0.13800326464453122
EWR-RSW,EWR,Newark Liberty International Airport,RSW,Southwest Florida International Airport,40.6925,-74.16866,26.53617,-81.75517,1462,283,12.12859097127223,0.1935704514363885,19.36,0.1930928854025788,19.31,9.90783410138249,12.12859097127223,3.183357210307672,14.54,0,0.10989724470817237,-0.4063231140167901
MDW-BDL,MDW,Chicago Midway International Airport,BDL,Bradley International Airport,41.78598,-87.75242,41.93887,-72.68323,952,200,11.294117647058824,0.2100840336134453,21.01,0.2078052157783537,20.78,6.451612903225806,11.294117647058824,2.964335340435387,14.53,0,0.12048801154870625,-0.8678436271065265
ATL-SHV,ATL,Hartsfield-Jackson Atlanta International Airport,SHV,Shreveport Regional Airport,33.64044,-84.42694,32.44663,-93.8256,2204,380,10.602087114337568,0.1724137931034483,17.24,0.1730082842876858,17.3,14.936297099484957,10.602087114337568,2.7827000300098605,14.53,0,-0.2097744630592071,0.45594254699674036
TPA-SJU,TPA,Tampa International Airport,SJU,Luis Muñoz Marín International Airport,27.97547,-82.53325,18.43942,-66.00183,1171,237,12.012809564474807,0.2023911187019641,20.24,0.201110217937709,20.11,7.935754947140146,12.012809564474807,3.1529683896259333,14.52,0,0.14773352032633216,-0.6950389014285011
TPA-BWI,TPA,Tampa International Airport,BWI,Baltimore-Washington International Airport,27.97547,-82.53325,39.1754,-76.6682,2326,393,10.21195184866724,0.1689595872742906,16.9,0.1696665651272993,16.97,15.763079425318516,10.21195184866724,2.68030232248484,14.52,0,-0.2815949242743598,0.605240992195317
DFW-MFE,DFW,Dallas/Fort Worth International Airport,MFE,McAllen-Miller International Airport (McAllen Miller International),32.89595,-97.0372,26.17583,-98.23861,1514,289,13.119550858652577,0.1908850726552179,19.09,0.1905892732334747,19.06,10.260233125508268,13.119550858652577,3.443451668937684,14.52,0,0.18841537551329274,-0.4346680828498663
DRO-DFW,DRO,Durango-La Plata County Airport,DFW,Dallas/Fort Worth International Airport,37.15152,-107.75377,32.89595,-97.0372,871,182,16.273249138920782,0.208955223880597,20.9,0.2066025612758271,20.66,5.902683654106804,16.273249138920782,4.271193999716741,14.51,0,0.6308069499094504,-1.3765962483896959
DFW-SMF,DFW,Dallas/Fort Worth International Airport,SMF,Sacramento International Airport,32.89595,-97.0372,38.69542,-121.59077,1418,277,10.91607898448519,0.195345557122708,19.53,0.1947372114616786,19.47,9.609650311737598,10.91607898448519,2.8651125943530684,14.51,0,-0.015677366662114053,-0.34341485324774085
DFW-DSM,DFW,Dallas/Fort Worth International Airport,DSM,Des Moines International Airport,32.89595,-97.0372,41.53493,-93.66068,873,184,13.804123711340209,0.2107674684994272,21.08,0.2082333884880042,20.82,5.916237462727026,13.804123711340209,3.6231295830289256,14.51,0,0.38304846181779684,-1.1655935725210176
BNA-LAX,BNA,Nashville International Airport,LAX,Los Angeles International Airport,36.12448,-86.67818,33.94254,-118.40807,1763,327,10.108338060124789,0.1854792966534316,18.55,0.1855131975302352,18.55,11.947682298725942,10.108338060124789,2.6531071023949573,14.51,0,-0.1676868709337954,0.07291989904267229
ORD-GSP,ORD,Chicago O'Hare International Airport,GSP,Greenville-Spartanburg International Airport,41.9796,-87.90446,34.89567,-82.21886,916,193,11.612445414847162,0.2106986899563318,21.07,0.2082786289358544,20.83,6.207644348061805,11.612445414847162,3.0478859356554238,14.51,0,0.15063553021067982,-0.9306682112733786
SAF-DFW,SAF,Santa Fe Municipal Airport,DFW,Dallas/Fort Worth International Airport,35.61678,-106.08814,32.89595,-97.0372,1018,208,15.613948919449902,0.2043222003929273,20.43,0.2026932799631736,20.27,6.898888587693142,15.613948919449902,4.098149322690263,14.5,0,0.5297267077341082,-1.1598123830616311
IAH-MCI,IAH,George Bush Intercontinental Airport,MCI,Kansas City International Airport,29.98047,-95.33972,39.29761,-94.71391,1749,322,12.320754716981131,0.1841052029731275,18.41,0.1842136760404695,18.42,11.852805638384387,12.320754716981131,3.2337938889714257,14.5,0,0.05069161878633711,-0.12860741171445794
SAN-MCO,SAN,San Diego International Airport (Lindbergh Field),MCO,Orlando International Airport,32.73356,-117.18966,28.42889,-81.31603,528,118,14.113636363636363,0.2234848484848484,22.35,0.2175335780236117,21.75,3.5782054757386828,14.113636363636363,3.70436649964209,14.5,0,0.4858434460562267,-1.5798707459054273
ORD-PIA,ORD,Chicago O'Hare International Airport,PIA,General Wayne A. Downing Peoria International Airport,41.9796,-87.90446,40.66424,-89.69331,2308,390,10.32105719237435,0.1689774696707105,16.9,0.1696889896174535,16.97,15.641095147736516,10.32105719237435,2.7089388956363125,14.5,0,-0.2778490149759334,0.5825487022857602
DEN-SGU,DEN,Denver International Airport,SGU,St. George Regional Airport,39.85841,-104.667,37.09058,-113.59306,643,141,13.398133748055988,0.2192846034214619,21.93,0.2148197671585843,21.48,4.357549471401464,13.398133748055988,3.516570537547504,14.5,0,0.3866471299006196,-1.3863594131654766
PHX-IND,PHX,Phoenix Sky Harbor International Airport,IND,Indianapolis International Airport,33.43417,-112.00806,39.71733,-86.29438,1397,271,13.156048675733716,0.1939871152469577,19.4,0.193460979959137,19.35,9.467335321225264,13.156048675733716,3.4530311484865392,14.49,0,0.204206658455559,-0.5535680231963258
OKC-DEN,OKC,Will Rogers World Airport,DEN,Denver International Airport,35.39309,-97.60073,39.85841,-104.667,1907,342,11.90089145254326,0.1793392763502884,17.93,0.1796766751364365,17.97,12.923556519381943,11.90089145254326,3.1235935570979687,14.48,0,-0.03558192144995152,0.0654990842653371
ONT-LAS,ONT,Ontario International Airport,LAS,McCarran International Airport,34.056,-117.60119,36.08036,-115.15233,1495,288,10.649498327759195,0.1926421404682274,19.26,0.1922326564255976,19.22,10.131471943616155,10.649498327759195,2.795143918047033,14.48,0,-0.07186486931368247,-0.2374641051766547
MDW-TUS,MDW,Chicago Midway International Airport,TUS,Tucson International Airport,41.78598,-87.75242,32.11608,-110.94103,526,118,12.661596958174904,0.2243346007604562,22.43,0.2182285734805561,21.82,3.5646516671184605,12.661596958174904,3.323253794796563,14.48,0,0.33141510536856317,-1.4562904711311124
PDX-OAK,PDX,Portland International Airport,OAK,Oakland International Airport,45.58872,-122.5975,37.72129,-122.22072,1960,351,9.725,0.1790816326530612,17.91,0.1794228577664214,17.94,13.282732447817835,9.725,2.5524934383202096,14.47,0,-0.27036979185660354,0.30595856175679564
IAD-DFW,IAD,Washington Dulles International Airport,DFW,Dallas/Fort Worth International Airport,38.94453,-77.45581,32.89595,-97.0372,1417,270,16.450952717007763,0.1905434015525758,19.05,0.1902512109418775,19.03,9.602873407427486,16.450952717007763,4.317835358794688,14.47,0,0.5184183776588082,-0.8098410993589816
MDW-MEM,MDW,Chicago Midway International Airport,MEM,Memphis International Airport,41.78598,-87.75242,35.04242,-89.97667,669,146,12.434977578475335,0.218236173393124,21.82,0.2140586306876828,21.41,4.533748983464354,12.434977578475335,3.2637736426444457,14.47,0,0.26703493808910034,-1.2678700497220026
DFW-LCH,DFW,Dallas/Fort Worth International Airport,LCH,Lake Charles Regional Airport,32.89595,-97.0372,30.1261,-93.2234,831,176,13.316486161251504,0.2117930204572803,21.18,0.2090344650900409,20.9,5.631607481702358,13.316486161251504,3.495140724737928,14.47,0,0.3232832465720633,-1.1627440331757146
ORD-ROC,ORD,Chicago O'Hare International Airport,ROC,Greater Rochester International Airport,41.9796,-87.90446,43.11887,-77.67238,1778,327,10.699100112485938,0.1839145106861642,18.39,0.1840314627256806,18.4,12.04933586337761,10.699100112485938,2.808162759182661,14.47,0,-0.13081024626499282,0.04307885613661925
ATL-GSO,ATL,Hartsfield-Jackson Atlanta International Airport,GSO,Piedmont Triad International Airport,33.64044,-84.42694,36.09775,-79.9373,2900,438,10.44344827586207,0.1510344827586207,15.1,0.152203695666276,15.22,19.653022499322308,10.44344827586207,2.7410625395963435,14.46,0,-0.4395199497499412,1.1166867645690848
DFW-RDU,DFW,Dallas/Fort Worth International Airport,RDU,Raleigh-Durham International Airport,32.89595,-97.0372,35.87764,-78.78747,1723,319,10.90307603017992,0.1851421938479396,18.51,0.1851953302242612,18.52,11.676606126321497,10.90307603017992,2.861699745454047,14.46,0,-0.10491758770819336,-0.0265329521503412
DFW-JAX,DFW,Dallas/Fort Worth International Airport,JAX,Jacksonville International Airport,32.89595,-97.0372,30.49406,-81.68786,1342,263,11.578986587183309,0.1959761549925484,19.6,0.1952920159492567,19.53,9.094605584169152,11.578986587183309,3.039104091124228,14.45,0,0.036408307406528666,-0.46786062699267883
PHX-FLL,PHX,Phoenix Sky Harbor International Airport,FLL,Fort Lauderdale-Hollywood International Airport,33.43417,-112.00806,26.07258,-80.15275,701,153,10.549215406562054,0.2182596291012838,21.83,0.2142460511845544,21.42,4.75060992138791,10.549215406562054,2.7688229413548697,14.45,0,0.06479618452791354,-1.0709733411980724
LIT-DEN,LIT,Bill and Hillary Clinton National Airport (Adams Field),DEN,Denver International Airport,34.7294,-92.22425,39.85841,-104.667,643,140,14.096423017107307,0.2177293934681182,21.77,0.2134738721383959,21.35,4.357549471401464,14.096423017107307,3.699848560920554,14.45,0,0.43286796087439866,-1.4354972297303044
JFK-MSY,JFK,John F. Kennedy International Airport (New York International Airport),MSY,Louis Armstrong New Orleans International Airport,40.63975,-73.77893,29.99339,-90.25803,1150,230,14.50695652173913,0.2,20.0,0.1988888695990625,19.89,7.793439956627813,14.50695652173913,3.807600136939404,14.45,0,0.37047054089045595,-0.9182976355319737
FLL-TPA,FLL,Fort Lauderdale-Hollywood International Airport,TPA,Tampa International Airport,26.07258,-80.15275,27.97547,-82.53325,2085,363,11.153956834532377,0.1741007194244604,17.41,0.1746503830658252,17.47,14.12984548658173,11.153956834532377,2.9275477255990485,14.45,0,-0.16405556551561795,0.30521668069544816
BWI-SDF,BWI,Baltimore-Washington International Airport,SDF,Louisville International Airport (Standiford Field),39.1754,-76.6682,38.17439,-85.736,1220,244,11.31967213114754,0.2,20.0,0.1989477931809304,19.89,8.267823258335593,11.31967213114754,2.9710425541069663,14.45,0,0.03461600164855109,-0.5722263600492598
LAS-ABQ,LAS,McCarran International Airport,ABQ,Albuquerque International Sunport,36.08036,-115.15233,35.04022,-106.60919,1379,270,10.279912980420594,0.1957940536620739,19.58,0.1951393421222638,19.51,9.345351043643264,10.279912980420594,2.6981398898741715,14.45,0,-0.10128084377342404,-0.31877897774463676
DEN-CLT,DEN,Denver International Airport,CLT,Charlotte Douglas International Airport,39.85841,-104.667,35.21401,-80.94313,2091,366,9.63558106169297,0.1750358680057389,17.5,0.1755413450473885,17.55,14.170506912442397,9.63558106169297,2.5290239007068163,14.45,0,-0.3172272519472581,0.4421982872682692
PHX-MDW,PHX,Phoenix Sky Harbor International Airport,MDW,Chicago Midway International Airport,33.43417,-112.00806,41.78598,-87.75242,2422,401,9.08505367464905,0.1655656482246077,16.56,0.1663802882628184,16.64,16.413662239089184,9.08505367464905,2.3845285235299345,14.45,0,-0.4542556596618024,0.8027997546751103
DFW-ONT,DFW,Dallas/Fort Worth International Airport,ONT,Ontario International Airport,32.89595,-97.0372,34.056,-117.60119,1558,294,12.482670089858791,0.1887034659820282,18.87,0.1885470971042389,18.85,10.558416915153158,12.482670089858791,3.2762913621676626,14.44,0,0.08018843752661743,-0.32454181160699974
SJU-MIA,SJU,Luis Muñoz Marín International Airport,MIA,Miami International Airport,18.43942,-66.00183,25.79325,-80.29056,2635,414,12.350284629981024,0.1571157495256167,15.71,0.1581759001823869,15.82,17.857142857142858,12.350284629981024,3.2415445223047303,14.44,0,-0.18547956986760533,0.7149861957251997
MSY-DTW,MSY,Louis Armstrong New Orleans International Airport,DTW,Detroit Metropolitan Airport,29.99339,-90.25803,42.21206,-83.34884,1058,214,15.022684310018905,0.2022684310018903,20.23,0.2008731321233403,20.09,7.169964760097587,15.022684310018905,3.942961761159817,14.44,0,0.43406983211328226,-1.0565741881660673
TUL-DEN,TUL,Tulsa International Airport,DEN,Denver International Airport,36.19837,-95.88824,39.85841,-104.667,1586,298,11.980453972257251,0.1878940731399747,18.79,0.1877883078284864,18.78,10.74817023583627,11.980453972257251,3.144476108204003,14.43,0,0.01728473047552231,-0.2508626414650155
ATL-FSM,ATL,Hartsfield-Jackson Atlanta International Airport,FSM,Fort Smith Regional Airport,33.64044,-84.42694,35.33659,-94.36744,725,155,14.49655172413793,0.2137931034482758,21.38,0.2104376812107007,21.04,4.913255624830577,14.49655172413793,3.80486921893384,14.42,0,0.4416625920061113,-1.3715816827557752
OMA-MSP,OMA,Eppley Airfield,MSP,Minneapolis-Saint Paul International Airport,41.30252,-95.89417,44.88055,-93.21692,1369,265,12.940832724616508,0.193571950328707,19.36,0.193064048331401,19.31,9.277582000542152,12.940832724616508,3.396544022209057,14.41,0,0.15167891214813412,-0.5516400862356622
OGG-SEA,OGG,Kahului Airport,SEA,Seattle-Tacoma International Airport,20.89865,-156.43046,47.44898,-122.30931,1341,261,12.655480984340045,0.1946308724832214,19.46,0.1940396162379099,19.4,9.08782867985904,12.655480984340045,3.3216485523202213,14.41,0,0.12735859268070174,-0.5550484216394469
JFK-CHS,JFK,John F. Kennedy International Airport (New York International Airport),CHS,Charleston International Airport/Charleston AFB,40.63975,-73.77893,32.89865,-80.04051,1305,256,11.861302681992337,0.1961685823754789,19.62,0.19545273096002,19.55,8.84386012469504,11.861302681992337,3.113202803672529,14.41,0,0.05358635096810482,-0.5238447690380094
ORD-SUX,ORD,Chicago O'Hare International Airport,SUX,Sioux Gateway Airport,41.9796,-87.90446,42.4026,-96.38437,648,141,12.90432098765432,0.2175925925925926,21.76,0.2133838061481659,21.34,4.391433992952019,12.90432098765432,3.3869608891481158,14.41,0,0.2925021872629611,-1.3212042629409935
FAR-MSP,FAR,Hector International Airport,MSP,Minneapolis-Saint Paul International Airport,46.91935,-96.81499,44.88055,-93.21692,1898,340,10.836670179135933,0.1791359325605901,17.91,0.179485028527942,17.95,12.862564380590946,10.836670179135933,2.8442703882246545,14.41,0,-0.17239021338241994,0.15787315006234937
CMH-IAH,CMH,Port Columbus International Airport,IAH,George Bush Intercontinental Airport,39.99799,-82.89188,29.98047,-95.33972,992,205,11.28125,0.2066532258064516,20.67,0.2047720576912345,20.48,6.722689075630252,11.28125,2.960958005249344,14.41,0,0.058911222221494974,-0.80498101856036
EWR-CVG,EWR,Newark Liberty International Airport,CVG,Cincinnati/Northern Kentucky International Airport,40.6925,-74.16866,39.04614,-84.66217,1559,294,11.818473380372032,0.1885824246311738,18.86,0.1884334460511321,18.84,10.565193819463268,11.818473380372032,3.101961517158014,14.41,0,-0.0006461818146774436,-0.26213814298364635
LAS-MAF,LAS,McCarran International Airport,MAF,Midland International Airport,36.08036,-115.15233,31.94253,-102.20191,611,134,12.476268412438625,0.2193126022913257,21.93,0.2146428790419523,21.46,4.140688533477907,12.476268412438625,3.2746111318736544,14.4,0,0.2549016652845213,-1.3265171811347864
ATL-SAT,ATL,Hartsfield-Jackson Atlanta International Airport,SAT,San Antonio International Airport,33.64044,-84.42694,29.53369,-98.46978,3117,452,8.593198588386269,0.1450112287455887,14.5,0.1462888054084016,14.63,21.123610734616427,8.593198588386269,2.2554327003638504,14.4,0,-0.7137675189374788,1.4742088363349988
LAS-HOU,LAS,McCarran International Airport,HOU,William P. Hobby Airport,36.08036,-115.15233,29.64542,-95.27889,1498,286,10.779038718291057,0.1909212283044059,19.09,0.1906202046300551,19.06,10.15180265654649,10.779038718291057,2.829144020548833,14.4,0,-0.09826950347622931,-0.2324236040530562
CVG-MIA,CVG,Cincinnati/Northern Kentucky International Airport,MIA,Miami International Airport,39.04614,-84.66217,25.79325,-80.29056,642,139,14.414330218068535,0.2165109034267912,21.65,0.2124138638798223,21.24,4.350772567091353,14.414330218068535,3.783288771146597,14.4,0,0.44098631570089525,-1.45358546878519
LAS-LGB,LAS,McCarran International Airport,LGB,Long Beach Airport (Daugherty Field),36.08036,-115.15233,33.81772,-118.15161,1247,246,12.889334402566158,0.1972734562951082,19.73,0.1964447564950469,19.64,8.450799674708593,12.889334402566158,3.383027402248336,14.4,0,0.16690364131259394,-0.6717266591112504
ICT-DEN,ICT,Wichita Dwight D. Eisenhower National Airport (Wichita Mid-Continent Airport),DEN,Denver International Airport,37.64996,-97.43305,39.85841,-104.667,961,197,14.709677419354838,0.2049947970863683,20.5,0.2032149736086975,20.32,6.512605042016808,14.709677419354838,3.8608077216154433,14.4,0,0.40415257124190257,-1.1270696655096772
DTW-DCA,DTW,Detroit Metropolitan Airport,DCA,Ronald Reagan Washington National Airport,42.21206,-83.34884,38.85208,-77.03772,1839,332,11.120717781402936,0.1805328983143012,18.05,0.1808205709122373,18.08,12.462727026294388,11.120717781402936,2.9188235646726866,14.4,0,-0.13536242172194346,0.0772197544396589
SYR-JFK,SYR,Syracuse Hancock International Airport,JFK,John F. Kennedy International Airport (New York International Airport),43.11119,-76.10631,40.63975,-73.77893,1093,219,14.813357731015554,0.2003659652333028,20.04,0.1991710704097469,19.92,7.407156410951478,14.813357731015554,3.888020401841353,14.39,0,0.38297503608571765,-0.9933710111469718
MEI-PIB,MEI,Meridian Regional Airport,PIB,Hattiesburg-Laurel Regional Airport,32.33313,-88.75121,31.46715,-89.33706,612,133,14.772875816993464,0.2173202614379085,21.73,0.2129369199421743,21.29,4.147465437788019,14.772875816993464,3.87739522755734,14.39,0,0.4807395904288426,-1.5171410061852744
BNA-DFW,BNA,Nashville International Airport,DFW,Dallas/Fort Worth International Airport,36.12448,-86.67818,32.89595,-97.0372,2917,431,12.880013712718547,0.1477545423380185,14.78,0.1490258823330554,14.9,19.7682298725942,12.880013712718547,3.3805810269602485,14.39,0,-0.2334067483372392,0.9260358776021981
OAK-BOI,OAK,Oakland International Airport,BOI,Boise Airport (Boise Air Terminal),37.72129,-122.22072,43.56444,-116.22278,717,154,12.436541143654114,0.2147838214783821,21.48,0.2112742802923233,21.13,4.859040390349689,12.436541143654114,3.264184027205804,14.38,0,0.21717682929232854,-1.1987768868866953
BOI-LAS,BOI,Boise Airport (Boise Air Terminal),LAS,McCarran International Airport,43.56444,-116.22278,36.08036,-115.15233,711,152,13.90295358649789,0.2137834036568213,21.38,0.2103712540059533,21.04,4.818378964489021,13.90295358649789,3.649069182807845,14.38,0,0.36369919642432585,-1.328036736311789
MDW-MHT,MDW,Chicago Midway International Airport,MHT,Manchester-Boston Regional Airport,41.78598,-87.75242,42.93452,-71.43706,952,196,13.367647058823527,0.2058823529411764,20.59,0.2040029344095324,20.4,6.451612903225806,13.367647058823527,3.508568781843445,14.38,0,0.2618000194897203,-1.0193881039916124
EWR-DTW,EWR,Newark Liberty International Airport,DTW,Detroit Metropolitan Airport,40.6925,-74.16866,42.21206,-83.34884,2182,366,14.258936755270394,0.1677360219981668,16.77,0.1685412300608361,16.85,14.78720520466251,14.258936755270394,3.742503085372807,14.37,0,0.0850094662464501,0.1406293596404947
ROC-ORD,ROC,Greater Rochester International Airport,ORD,Chicago O'Hare International Airport,43.11887,-77.67238,41.9796,-87.90446,1786,321,13.573348264277715,0.1797312430011198,17.97,0.1800695053016056,18.01,12.103551097858498,13.573348264277715,3.5625585995479567,14.37,0,0.10580567191018733,-0.1802142953507774
STL-DFW,STL,St. Louis International Airport at Lambert Field,DFW,Dallas/Fort Worth International Airport,38.74769,-90.35999,32.89595,-97.0372,2694,420,9.607646622123236,0.155902004454343,15.59,0.1569832093768175,15.7,18.25698021143941,9.607646622123236,2.5216920268039997,14.36,0,-0.5126088860083855,1.0159746642172978
ORD-SDF,ORD,Chicago O'Hare International Airport,SDF,Louisville International Airport (Standiford Field),41.9796,-87.90446,38.17439,-85.736,1018,208,12.086444007858546,0.2043222003929273,20.43,0.2026932799631736,20.27,6.898888587693142,12.086444007858546,3.17229501518597,14.36,0,0.11148487651880246,-0.836873220115207
AUS-HOU,AUS,Austin-Bergstrom International Airport,HOU,William P. Hobby Airport,30.19453,-97.66987,29.64542,-95.27889,1409,272,10.61320085166785,0.1930447125621008,19.3,0.192585213385572,19.26,9.548658172946595,10.61320085166785,2.7856170214351312,14.36,0,-0.11487715264119105,-0.3028842897874793
MCI-IND,MCI,Kansas City International Airport,IND,Indianapolis International Airport,39.29761,-94.71391,39.71733,-86.29438,657,142,12.80517503805175,0.2161339421613394,21.61,0.2121678824290992,21.22,4.452426131743019,12.80517503805175,3.36093833019731,14.35,0,0.2522576074273285,-1.291183361631071
BOS-RDU,BOS,Gen. Edward Lawrence Logan International Airport,RDU,Raleigh-Durham International Airport,42.36435,-71.00518,35.87764,-78.78747,1647,305,11.27504553734062,0.1851851851851851,18.52,0.1852381722946927,18.52,11.161561398753047,11.27504553734062,2.959329537359743,14.35,0,-0.10280397641089464,-0.11781495420218968
LAS-DTW,LAS,McCarran International Airport,DTW,Detroit Metropolitan Airport,36.08036,-115.15233,42.21206,-83.34884,3187,450,9.897081895199246,0.141198619391277,14.12,0.1425649793120864,14.26,21.59799403632421,9.897081895199246,2.5976592900785422,14.35,0,-0.6298510723867321,1.4259265804860024
ORD-CMI,ORD,Chicago O'Hare International Airport,CMI,University of Illinois - Willard Airport,41.9796,-87.90446,40.03925,-88.27806,1854,331,11.86839266450917,0.1785329018338727,17.85,0.1789207200608127,17.89,12.564380590946056,11.86839266450917,3.115063691472223,14.34,0,-0.0913606507285723,0.03581266882005872
CLT-MSY,CLT,Charlotte Douglas International Airport,MSY,Louis Armstrong New Orleans International Airport,35.21401,-80.94313,29.99339,-90.25803,1663,308,10.209861695730607,0.185207456404089,18.52,0.1852586993753988,18.53,11.269991867714827,10.209861695730607,2.679753725913545,14.34,0,-0.21835538309388128,-0.00876299335932944
HOU-OKC,HOU,William P. Hobby Airport,OKC,Will Rogers World Airport,29.64542,-95.27889,35.39309,-97.60073,1282,252,10.444617784711388,0.1965678627145085,19.66,0.1958112062220175,19.58,8.687991325562482,10.444617784711388,2.741369497299577,14.33,0,-0.11910684962832492,-0.41503708870238115
BWI-SEA,BWI,Baltimore-Washington International Airport,SEA,Seattle-Tacoma International Airport,39.1754,-76.6682,47.44898,-122.30931,753,160,12.345285524568393,0.2124833997343957,21.25,0.2093916611944058,20.94,5.1030089455136896,12.345285524568393,3.24023242114656,14.33,0,0.17540340402514498,-1.1406530043026777
SAV-ORD,SAV,Savannah/Hilton Head International Airport,ORD,Chicago O'Hare International Airport,32.12758,-81.20214,41.9796,-87.90446,947,192,16.49102428722281,0.2027455121436114,20.27,0.2011567211068081,20.12,6.41772838167525,16.49102428722281,4.328352831292076,14.33,0,0.5518579872117123,-1.280139666179332
ORD-DLH,ORD,Chicago O'Hare International Airport,DLH,Duluth International Airport,41.9796,-87.90446,46.84209,-92.19365,1165,231,13.187982832618026,0.1982832618025751,19.83,0.1973210173903779,19.73,7.895093521279479,13.187982832618026,3.461412816960112,14.33,0,0.17968973952118458,-0.7705969972360592
TYS-IAH,TYS,McGhee Tyson Airport,IAH,George Bush Intercontinental Airport,35.81249,-83.99286,29.98047,-95.33972,841,175,14.27705112960761,0.2080856123662307,20.81,0.2057503581284039,20.58,5.69937652480347,14.27705112960761,3.747257514332706,14.33,0,0.35406377232493547,-1.20909202726695
DFW-IAD,DFW,Dallas/Fort Worth International Airport,IAD,Washington Dulles International Airport,32.89595,-97.0372,38.94453,-77.45581,1382,266,11.636758321273517,0.1924746743849493,19.25,0.1920452678804508,19.2,9.365681756573595,11.636758321273517,3.0542672759248077,14.32,0,-0.024217727017781385,-0.412290988306547
SAN-JFK,SAN,San Diego International Airport (Lindbergh Field),JFK,John F. Kennedy International Airport (New York International Airport),32.73356,-117.18966,40.63975,-73.77893,1854,328,13.594390507011866,0.1769147788565264,17.69,0.1773854078806694,17.74,12.564380590946056,13.594390507011866,3.568081497903377,14.32,0,0.07134781856870372,-0.10950502748308141
DFW-LAW,DFW,Dallas/Fort Worth International Airport,LAW,Lawton-Fort Sill Regional Airport,32.89595,-97.0372,34.56771,-98.41664,1358,261,12.61340206185567,0.1921944035346097,19.22,0.1917771515766997,19.18,9.20303605313093,12.61340206185567,3.3106042157101494,14.31,0,0.07179169824423028,-0.5174886782044987
PHX-STL,PHX,Phoenix Sky Harbor International Airport,STL,St. Louis International Airport at Lambert Field,33.43417,-112.00806,38.74769,-90.35999,2290,384,8.254148471615721,0.1676855895196506,16.77,0.1684565217568318,16.85,15.519110870154512,8.254148471615721,2.1664431684030765,14.31,0,-0.5679965893927423,0.7679101731720878
FLL-DFW,FLL,Fort Lauderdale-Hollywood International Airport,DFW,Dallas/Fort Worth International Airport,26.07258,-80.15275,32.89595,-97.0372,2892,431,9.789764868603044,0.1490318118948824,14.9,0.150271085226881,15.03,19.59880726484142,9.789764868603044,2.569492091496862,14.3,0,-0.5773485356793182,1.18348169353277
ORD-CRW,ORD,Chicago O'Hare International Airport,CRW,Yeager Airport,41.9796,-87.90446,38.37315,-81.59319,601,130,14.098169717138104,0.21630615640599,21.63,0.2119986975732213,21.2,4.072919490376796,14.098169717138104,3.700307012372206,14.29,0,0.3696883323017198,-1.4545064495742293
STL-MDW,STL,St. Louis International Airport at Lambert Field,MDW,Chicago Midway International Airport,38.74769,-90.35999,41.78598,-87.75242,2269,377,10.526223005729396,0.1661524900837373,16.62,0.1669949712954108,16.7,15.37679587964218,10.526223005729396,2.762788190480157,14.28,0,-0.35132815591817596,0.5562314420249247
PHF-ATL,PHF,Newport News/Williamsburg International Airport,ATL,Hartsfield-Jackson Atlanta International Airport,37.1319,-76.49299,33.64044,-84.42694,1341,256,14.150633855331842,0.1909023117076808,19.09,0.1905698036077919,19.06,9.08782867985904,14.150633855331842,3.714077127383685,14.27,0,0.21105418833742706,-0.6598723660635558
PHX-CLE,PHX,Phoenix Sky Harbor International Airport,CLE,Cleveland Hopkins International Airport,33.43417,-112.00806,41.41089,-81.8494,787,165,13.24269377382465,0.2096569250317662,20.97,0.2070023528735379,20.7,5.333423692057468,13.24269377382465,3.4757726440484644,14.27,0,0.23449586003169023,-1.1706247774333045
DEN-ONT,DEN,Denver International Airport,ONT,Ontario International Airport,39.85841,-104.667,34.056,-117.60119,1258,246,11.402225755166931,0.1955484896661367,19.55,0.1948535250359559,19.49,8.525345622119817,11.402225755166931,2.9927101719598244,14.27,0,-0.04588897372052909,-0.5119361577401058
FSD-MSP,FSD,Sioux Falls Regional Airport,MSP,Minneapolis-Saint Paul International Airport,43.58135,-96.7417,44.88055,-93.21692,1413,268,12.904458598726114,0.1896673743807501,18.97,0.1894323113012744,18.94,9.575765790187042,12.904458598726114,3.3869970075396627,14.27,0,0.07253483384060247,-0.480722580865185
MLU-ATL,MLU,Monroe Regional Airport,ATL,Hartsfield-Jackson Atlanta International Airport,32.51087,-92.03769,33.64044,-84.42694,1289,248,14.532971295577967,0.1923972071373157,19.24,0.1919446270689907,19.19,8.735429655733261,14.532971295577967,3.81442816156902,14.27,0,0.2625089973786002,-0.7471533549203792
FLL-RDU,FLL,Fort Lauderdale-Hollywood International Airport,RDU,Raleigh-Durham International Airport,26.07258,-80.15275,35.87764,-78.78747,654,140,13.435779816513762,0.2140672782874617,21.41,0.2103595318286845,21.04,4.432095418812686,13.435779816513762,3.526451395410436,14.26,0,0.2762048624814527,-1.3322636238176904
PHX-BUR,PHX,Phoenix Sky Harbor International Airport,BUR,Bob Hope Airport (Hollywood Burbank Airport),33.43417,-112.00806,34.20062,-118.3585,2044,354,9.45303326810176,0.1731898238747553,17.32,0.1737924846076624,17.38,13.851992409867172,9.45303326810176,2.481111093989964,14.26,0,-0.4133494319072745,0.43809272560180235
IAH-LFT,IAH,George Bush Intercontinental Airport,LFT,Lafayette Regional Airport,29.98047,-95.33972,30.20528,-91.98766,2266,377,9.96116504854369,0.1663724624889673,16.64,0.1672067147078732,16.72,15.356465166711846,9.96116504854369,2.6144790153657977,14.26,0,-0.41489939044066565,0.6041729778707401
MKE-DEN,MKE,General Mitchell International Airport,DEN,Denver International Airport,42.94722,-87.89658,39.85841,-104.667,2198,369,10.37761601455869,0.1678798908098271,16.79,0.1686732319403081,16.87,14.89563567362429,10.37761601455869,2.7237837308552995,14.25,0,-0.36153839878514615,0.5055691949408072
OAK-DAL,OAK,Oakland International Airport,DAL,Dallas Love Field,37.72129,-122.22072,32.84711,-96.85177,646,140,10.24922600619195,0.2167182662538699,21.67,0.2126153981217535,21.26,4.377880184331797,10.24922600619195,2.690085565929646,14.25,0,-0.04563242723463267,-1.071238009784951
MIA-CMH,MIA,Miami International Airport,CMH,Port Columbus International Airport,25.79325,-80.29056,39.99799,-82.89188,641,138,12.137285491419656,0.2152886115444617,21.53,0.2113509946003078,21.14,4.343995662781241,12.137285491419656,3.185639236593086,14.25,0,0.1427381373563812,-1.2346892646683976
SMF-PDX,SMF,Sacramento International Airport,PDX,Portland International Airport,38.69542,-121.59077,45.58872,-122.5975,1742,316,9.989667049368542,0.1814006888633754,18.14,0.1816563990221651,18.17,11.805367308213608,9.989667049368542,2.621959855477308,14.25,0,-0.29933247307151245,0.10146936012867241
JNU-SEA,JNU,Juneau International Airport,SEA,Seattle-Tacoma International Airport,58.35496,-134.57628,47.44898,-122.30931,1301,251,12.691775557263645,0.1929285165257494,19.29,0.192441889363903,19.24,8.816752507454595,12.691775557263645,3.3311746869458383,14.25,0,0.06488918123066971,-0.573839042322021
TUL-DFW,TUL,Tulsa International Airport,DFW,Dallas/Fort Worth International Airport,36.19837,-95.88824,32.89595,-97.0372,2795,419,11.30232558139535,0.1499105545617173,14.99,0.15116099723621,15.12,18.94144754676064,11.30232558139535,2.966489653909541,14.25,0,-0.4240901406562993,0.9716259858285676
DTW-PHX,DTW,Detroit Metropolitan Airport,PHX,Phoenix Sky Harbor International Airport,42.21206,-83.34884,33.43417,-112.00806,2932,433,8.676671214188268,0.1476807639836289,14.77,0.1489482476909064,14.89,19.869883437245868,8.676671214188268,2.2773415260336662,14.24,0,-0.7268977902408633,1.3218785821944563
MSP-STL,MSP,Minneapolis-Saint Paul International Airport,STL,St. Louis International Airport at Lambert Field,44.88055,-93.21692,38.74769,-90.35999,2509,400,9.257473096851337,0.1594260661618174,15.94,0.1604488643153806,16.04,17.003252914068852,9.257473096851337,2.429782965052844,14.24,0,-0.556910043256825,0.8933538385717232
ORD-EAU,ORD,Chicago O'Hare International Airport,EAU,Chippewa Valley Regional Airport,41.9796,-87.90446,44.86526,-91.48507,698,148,13.525787965616043,0.2120343839541547,21.2,0.2087858233068021,20.88,4.730279208457577,13.525787965616043,3.5500755815265213,14.24,0,0.26675070158930875,-1.2869819166804342
RAP-DFW,RAP,Rapid City Regional Airport,DFW,Dallas/Fort Worth International Airport,44.04532,-103.05737,32.89595,-97.0372,543,118,14.360957642725598,0.2173112338858195,21.73,0.2124589222376798,21.25,3.67985904039035,14.360957642725598,3.7692802211878207,14.24,0,0.3842700439380566,-1.5323238363961653
PBI-DCA,PBI,Palm Beach International Airport,DCA,Ronald Reagan Washington National Airport,26.68316,-80.09559,38.85208,-77.03772,1048,211,11.657442748091604,0.2013358778625954,20.13,0.2000096576644844,20.0,7.1021957169964764,11.657442748091604,3.059696259341628,14.23,0,0.0038022602059068523,-0.7473605631202803
SFO-MIA,SFO,San Francisco International Airport,MIA,Miami International Airport,37.619,-122.37484,25.79325,-80.29056,1106,218,14.445750452079563,0.1971066907775768,19.71,0.1961949311764744,19.62,7.495256166982922,14.445750452079563,3.79153555172692,14.21,0,0.2636727352860103,-0.920416083448248
DTW-GRR,DTW,Detroit Metropolitan Airport,GRR,Gerald R. Ford International Airport,42.21206,-83.34884,42.88082,-85.52277,1507,281,12.037823490378235,0.1864631718646317,18.65,0.1864412489102851,18.64,10.21279479533749,12.037823490378235,3.159533724508723,14.21,0,-0.05958607001448227,-0.3035549221792704
LAX-CLE,LAX,Los Angeles International Airport,CLE,Cleveland Hopkins International Airport,33.94254,-118.40807,41.41089,-81.8494,888,182,13.26126126126126,0.2049549549549549,20.5,0.2030476589056965,20.3,6.017891027378694,13.26126126126126,3.48064600033104,14.21,0,0.18615458745118166,-1.0503038146718764
DCA-PHX,DCA,Ronald Reagan Washington National Airport,PHX,Phoenix Sky Harbor International Airport,38.85208,-77.03772,33.43417,-112.00806,1049,211,11.007626310772164,0.2011439466158246,20.11,0.1998355848553769,19.98,7.108972621306588,11.007626310772164,2.889140763982195,14.2,0,-0.0772179545493775,-0.6849458442598108
BOS-MDW,BOS,Gen. Edward Lawrence Logan International Airport,MDW,Chicago Midway International Airport,42.36435,-71.00518,41.78598,-87.75242,1500,279,12.548666666666668,0.186,18.6,0.1860069293742676,18.6,10.165356465166711,12.548666666666668,3.293613298337708,14.2,0,-0.014119587288300723,-0.35133850214594187
CLE-DFW,CLE,Cleveland Hopkins International Airport,DFW,Dallas/Fort Worth International Airport,41.41089,-81.8494,32.89595,-97.0372,1648,297,14.31128640776699,0.1802184466019417,18.02,0.1805555417613433,18.06,11.16833830306316,14.31128640776699,3.7562431516448793,14.19,0,0.12818091897551173,-0.3543847030128143
OME-ANC,OME,Nome Airport,ANC,Ted Stevens Anchorage International Airport,64.5122,-165.44525,61.17432,-149.99619,640,137,12.390625,0.2140625,21.41,0.2102852527011191,21.03,4.33721875847113,12.390625,3.252132545931759,14.19,0,0.1423234152608804,-1.247171421433518
GSP-EWR,GSP,Greenville-Spartanburg International Airport,EWR,Newark Liberty International Airport,34.89567,-82.21886,40.6925,-74.16866,737,154,14.557666214382632,0.208955223880597,20.9,0.2062259103928651,20.62,4.994578476551912,14.557666214382632,3.820909767554496,14.19,0,0.3406277652148935,-1.3228646111955564
BWI-AUS,BWI,Baltimore-Washington International Airport,AUS,Austin-Bergstrom International Airport,39.1754,-76.6682,30.19453,-97.66987,673,143,12.647845468053491,0.212481426448737,21.25,0.2090699702442796,20.91,4.560856600704798,12.647845468053491,3.319644479804066,14.18,0,0.15721060201797585,-1.2305200504523193
DTW-MCI,DTW,Detroit Metropolitan Airport,MCI,Kansas City International Airport,42.21206,-83.34884,39.29761,-94.71391,1531,283,11.693664271717832,0.1848465055519268,18.48,0.1849240263634752,18.49,10.375440498780158,11.693664271717832,3.0692032209233155,14.15,0,-0.12870496913055807,-0.23983807491324874
CLT-BDL,CLT,Charlotte Douglas International Airport,BDL,Bradley International Airport,35.21401,-80.94313,41.93887,-72.68323,1762,315,10.126560726447218,0.1787741203178206,17.88,0.1791681455417981,17.92,11.94090539441583,10.126560726447218,2.6578899544480885,14.14,0,-0.34088179876809616,0.12500539287356915
BNA-FLL,BNA,Nashville International Airport,FLL,Fort Lauderdale-Hollywood International Airport,36.12448,-86.67818,26.07258,-80.15275,835,173,10.917365269461078,0.2071856287425149,20.72,0.204931643849014,20.49,5.658715098942803,10.917365269461078,2.8654502019582884,14.14,0,-0.07057344051303309,-0.897112678498774
ORD-ATW,ORD,Chicago O'Hare International Airport,ATW,Appleton International Airport,41.9796,-87.90446,44.25741,-88.51948,1498,279,10.9392523364486,0.1862483311081442,18.62,0.186239729035562,18.62,10.15180265654649,10.9392523364486,2.8711948389628867,14.14,0,-0.2011758361177846,-0.20733239862707034
LAS-BOI,LAS,McCarran International Airport,BOI,Boise Airport (Boise Air Terminal),36.08036,-115.15233,43.56444,-116.22278,716,152,9.681564245810057,0.2122905027932961,21.23,0.2090822144593482,20.91,4.852263486039577,9.681564245810057,2.541092977902902,14.14,0,-0.16995939412715738,-0.923709356574372
SJT-DFW,SJT,San Angelo Regional Airport (Mathis Field),DFW,Dallas/Fort Worth International Airport,31.35775,-100.49631,32.89595,-97.0372,1693,303,12.826343768458358,0.1789722386296515,17.9,0.1793703775788221,17.94,11.473298997018162,12.826343768458358,3.366494427416892,14.14,0,-0.05454636552520379,-0.17489052583118936
ORD-MKG,ORD,Chicago O'Hare International Airport,MKG,Muskegon County Airport,41.9796,-87.90446,43.16949,-86.23822,679,143,13.561119293078056,0.2106038291605302,21.06,0.2074596752231426,20.75,4.601518026565465,13.561119293078056,3.559348895821012,14.13,0,0.22455124721294173,-1.2917345213626257
JAX-BOS,JAX,Jacksonville International Airport,BOS,Gen. Edward Lawrence Logan International Airport,30.49406,-81.68786,42.36435,-71.00518,731,152,14.647058823529411,0.2079343365253078,20.79,0.2053081672669412,20.53,4.953917050691245,14.647058823529411,3.844372394627142,14.13,0,0.32238182112067837,-1.3256313238008357
IAH-BTR,IAH,George Bush Intercontinental Airport,BTR,Baton Rouge Metropolitan Airport,29.98047,-95.33972,30.53316,-91.14963,2494,394,9.042502004811547,0.1579791499599037,15.8,0.1590636418653925,15.91,16.901599349417186,9.042502004811547,2.3733601062497502,14.13,0,-0.6280298497521145,0.911976486137683
GSO-ATL,GSO,Piedmont Triad International Airport,ATL,Hartsfield-Jackson Atlanta International Airport,36.09775,-79.9373,33.64044,-84.42694,2892,418,11.866182572614107,0.144536652835408,14.45,0.1459261654407848,14.59,19.59880726484142,11.866182572614107,3.114483614859346,14.12,0,-0.45740331031389253,1.0228385706947998
EWR-CHS,EWR,Newark Liberty International Airport,CHS,Charleston International Airport/Charleston AFB,40.6925,-74.16866,32.89865,-80.04051,1352,257,11.335798816568047,0.1900887573964497,19.01,0.1898147982085593,18.98,9.162374627270262,11.335798816568047,2.97527527993912,14.12,0,-0.1388404489006749,-0.3870603299515912
SNA-DFW,SNA,John Wayne Airport (Orange County Airport),DFW,Dallas/Fort Worth International Airport,33.67566,-117.86822,32.89595,-97.0372,3040,431,9.624671052631578,0.1417763157894737,14.18,0.1431882442671427,14.32,20.601789102737868,9.624671052631578,2.526160381268131,14.12,0,-0.7226775360542661,1.3465812391757785
JFK-SAV,JFK,John F. Kennedy International Airport (New York International Airport),SAV,Savannah/Hilton Head International Airport,40.63975,-73.77893,32.12758,-81.20214,718,150,13.292479108635098,0.2089136490250696,20.89,0.2061260232259512,20.61,4.8658172946598,13.292479108635098,3.488839661059081,14.11,0,0.17770147978979053,-1.2205393252764791
DTW-RSW,DTW,Detroit Metropolitan Airport,RSW,Southwest Florida International Airport,42.21206,-83.34884,26.53617,-81.75517,1690,304,10.931360946745562,0.1798816568047337,17.99,0.1802296575412448,18.02,11.452968284087827,10.931360946745562,2.8691236080697013,14.11,0,-0.25785255485520836,-0.010665833393433638
JAN-IAH,JAN,Jackson-Evers International Airport,IAH,George Bush Intercontinental Airport,32.31117,-90.07589,29.98047,-95.33972,2084,349,11.859404990403071,0.1674664107485604,16.75,0.1683200947796832,16.83,14.12306858227162,11.859404990403071,3.11270472189057,14.1,0,-0.25889475923527566,0.2910862670223075
SFO-RDM,SFO,San Francisco International Airport,RDM,Redmond Municipal Airport (Roberts Field),37.619,-122.37484,44.25407,-121.14996,898,182,13.217149220489976,0.2026726057906459,20.27,0.2010131132252787,20.1,6.085660070479805,13.217149220489976,3.4690680368740097,14.1,0,0.13076921648161302,-1.017787255856401
ATL-CRW,ATL,Hartsfield-Jackson Atlanta International Airport,CRW,Yeager Airport,33.64044,-84.42694,38.37315,-81.59319,1429,267,11.89923023093072,0.1868439468159552,18.68,0.1867960019613003,18.68,9.684196259148822,11.89923023093072,3.1231575409266985,14.1,0,-0.11040133617289644,-0.35216354336020417
PDX-ORD,PDX,Portland International Airport,ORD,Chicago O'Hare International Airport,45.58872,-122.5975,41.9796,-87.90446,2370,378,11.340084388185652,0.1594936708860759,15.95,0.1605712902829263,16.06,16.061263214963407,11.340084388185652,2.9764001018859982,14.1,0,-0.3810048057374916,0.6028951776065239
HOU-BWI,HOU,William P. Hobby Airport,BWI,Baltimore-Washington International Airport,29.64542,-95.27889,39.1754,-76.6682,1112,219,11.468525179856115,0.1969424460431654,19.69,0.1960487516491981,19.6,7.535917592843589,11.468525179856115,3.01011159576276,14.1,0,-0.08990185339073918,-0.6409158307860423
TVC-ORD,TVC,Cherry Capital Airport,ORD,Chicago O'Hare International Airport,44.74144,-85.58224,41.9796,-87.90446,1841,320,12.68169473112439,0.1738185768604019,17.38,0.1744518737758001,17.45,12.476280834914611,12.68169473112439,3.3285288008200498,14.09,0,-0.12527688526924524,-0.01079611702101357
BWI-PHX,BWI,Baltimore-Washington International Airport,PHX,Phoenix Sky Harbor International Airport,39.1754,-76.6682,33.43417,-112.00806,1712,305,12.04731308411215,0.1781542056074766,17.82,0.1785933151207661,17.86,11.602060178910277,12.04731308411215,3.1620244315254986,14.09,0,-0.15835347159575752,-0.0829736015870773
MCO-MKE,MCO,Orlando International Airport,MKE,General Mitchell International Airport,28.42889,-81.31603,42.94722,-87.89658,1297,248,11.285273708558211,0.1912104857363145,19.12,0.1908454452389607,19.08,8.78964489021415,11.285273708558211,2.962014096734439,14.09,0,-0.148159583428977,-0.43325382026289483
MDW-PVD,MDW,Chicago Midway International Airport,PVD,Theodore Francis Green State Airport,41.78598,-87.75242,41.724,-71.42822,954,193,10.69077568134172,0.2023060796645702,20.23,0.2007695322569527,20.08,6.465166711846029,10.69077568134172,2.805977869118561,14.09,0,-0.14202739054121866,-0.7398338985683096
TPA-FLL,TPA,Tampa International Airport,FLL,Fort Lauderdale-Hollywood International Airport,27.97547,-82.53325,26.07258,-80.15275,2058,348,10.018950437317784,0.1690962099125364,16.91,0.1698846556991789,16.99,13.946869070208727,10.018950437317784,2.6296457840729093,14.08,0,-0.44716819188435486,0.4283260999358165
PBI-PHL,PBI,Palm Beach International Airport,PHL,Philadelphia International Airport,26.68316,-80.09559,39.87195,-75.24114,1145,224,11.268122270742358,0.1956331877729257,19.56,0.1948683429709463,19.49,7.759555435077256,11.268122270742358,2.957512407018992,14.08,0,-0.12583934799973664,-0.5862105068608525
MDT-ORD,MDT,Harrisburg International Airport,ORD,Chicago O'Hare International Airport,40.1935,-76.7634,41.9796,-87.90446,1683,298,14.31372549019608,0.1770647653000594,17.71,0.1775721183392193,17.76,11.405529953917052,14.31372549019608,3.756883330760126,14.07,0,0.06574368070738301,-0.30298551063352225
PHL-PIT,PHL,Philadelphia International Airport,PIT,Pittsburgh International Airport,39.87195,-75.24114,40.49147,-80.23287,954,192,11.867924528301886,0.2012578616352201,20.13,0.1998207656535371,19.98,6.465166711846029,11.867924528301886,3.1149408210766105,14.07,0,-0.029654222886792054,-0.8383562873451925
ATL-DHN,ATL,Hartsfield-Jackson Atlanta International Airport,DHN,Dothan Regional Airport,33.64044,-84.42694,31.32134,-85.44963,1360,257,11.005882352941176,0.1889705882352941,18.9,0.188774717122485,18.88,9.216589861751151,11.005882352941176,2.888683032268025,14.07,0,-0.20006106108347504,-0.3410490660024879
LAS-MSP,LAS,McCarran International Airport,MSP,Minneapolis-Saint Paul International Airport,36.08036,-115.15233,44.88055,-93.21692,2791,413,9.748835542816195,0.1479756359727696,14.8,0.1492947378065818,14.93,18.9143399295202,9.748835542816195,2.558749486303463,14.07,0,-0.6641134500150688,1.1239047272412388
PVD-MCO,PVD,Theodore Francis Green State Airport,MCO,Orlando International Airport,41.724,-71.42822,28.42889,-81.31603,2124,352,12.054613935969869,0.1657250470809793,16.57,0.1666416758088256,16.66,14.394144754676065,12.054613935969869,3.163940665608889,14.07,0,-0.26202808003271943,0.3156879812793058
BWI-SAT,BWI,Baltimore-Washington International Airport,SAT,San Antonio International Airport,39.1754,-76.6682,29.53369,-98.46978,847,172,14.099173553719009,0.2030696576151121,20.31,0.2012788669470202,20.13,5.740037950664137,14.099173553719009,3.700570486540422,14.07,0,0.2144736780380118,-1.1413628689973006
KTN-SEA,KTN,Ketchikan International Airport,SEA,Seattle-Tacoma International Airport,55.35557,-131.71374,47.44898,-122.30931,1391,261,11.57800143781452,0.1876347951114306,18.76,0.1875325868536741,18.75,9.426673895364598,11.57800143781452,3.0388455217360946,14.06,0,-0.151048356163146,-0.35818053605348993
SFO-PHL,SFO,San Francisco International Airport,PHL,Philadelphia International Airport,37.619,-122.37484,39.87195,-75.24114,2274,371,8.996921723834653,0.1631486367634124,16.31,0.1641158748941989,16.41,15.410680401192735,8.996921723834653,2.361396777909358,14.05,0,-0.6129459552211739,0.7225704927378569
DAL-BWI,DAL,Dallas Love Field,BWI,Baltimore-Washington International Airport,32.84711,-96.85177,39.1754,-76.6682,1186,230,11.3212478920742,0.193929173693086,19.39,0.1933212185060872,19.33,8.037408511791813,11.3212478920742,2.9714561396520205,14.05,0,-0.1398860849011835,-0.5447383023955445
ABI-DFW,ABI,Abilene Regional Airport,DFW,Dallas/Fort Worth International Airport,32.41132,-99.6819,32.89595,-97.0372,2423,380,11.788278992983903,0.1568303755674783,15.68,0.1579909183507047,15.8,16.420439143399296,11.788278992983903,3.094036481098138,14.05,0,-0.3729894633444372,0.6188753058334406
MCO-FLL,MCO,Orlando International Airport,FLL,Fort Lauderdale-Hollywood International Airport,28.42889,-81.31603,26.07258,-80.15275,725,151,12.41793103448276,0.2082758620689655,20.83,0.2055891963622159,20.56,4.913255624830577,12.41793103448276,3.2592994841162097,14.05,0,0.06331551497445628,-1.1298125060791475
CLE-LAX,CLE,Cleveland Hopkins International Airport,LAX,Los Angeles International Airport,41.41089,-81.8494,33.94254,-118.40807,884,178,14.281674208144796,0.2013574660633484,20.14,0.1998080152427115,19.98,5.990783410138248,14.281674208144796,3.748470920772912,14.05,0,0.21661759225717733,-1.1138203464796914
CLT-STL,CLT,Charlotte Douglas International Airport,STL,St. Louis International Airport at Lambert Field,35.21401,-80.94313,38.74769,-90.35999,1032,205,11.456395348837209,0.1986434108527131,19.86,0.1975362959353605,19.75,6.9937652480346975,11.456395348837209,3.006927913080632,14.05,0,-0.09690916232334494,-0.7164422517573034
FLL-AUS,FLL,Fort Lauderdale-Hollywood International Airport,AUS,Austin-Bergstrom International Airport,26.07258,-80.15275,30.19453,-97.66987,840,171,13.094047619047618,0.2035714285714285,20.36,0.2017139223391788,20.17,5.692599620493358,13.094047619047618,3.436757905261842,14.04,0,0.10235414016839219,-1.0592882070091385
DFW-SJC,DFW,Dallas/Fort Worth International Airport,SJC,Norman Y. Mineta San José International Airport,32.89595,-97.0372,37.36186,-121.92901,1629,293,11.934929404542665,0.1798649478207489,17.99,0.180226192596199,18.02,11.039577121171048,11.934929404542665,3.1325274027671037,14.04,0,-0.17414836656160151,-0.14799021835666773
LGA-HOU,LGA,LaGuardia Airport (Marine Air Terminal),HOU,William P. Hobby Airport,40.77724,-73.87261,29.64542,-95.27889,971,192,15.14315139031926,0.1977342945417095,19.77,0.1966490074685603,19.66,6.580374085117918,15.14315139031926,3.9745804174066297,14.04,0,0.2808513648000897,-1.0922156124638545
HOU-MCI,HOU,William P. Hobby Airport,MCI,Kansas City International Airport,29.64542,-95.27889,39.29761,-94.71391,672,141,12.040178571428571,0.2098214285714285,20.98,0.2067501126927825,20.68,4.554079696394687,12.040178571428571,3.1601518560179973,14.02,0,0.021363046125909533,-1.1502517491865156
SAN-AUS,SAN,San Diego International Airport (Lindbergh Field),AUS,Austin-Bergstrom International Airport,32.73356,-117.18966,30.19453,-97.66987,689,144,12.319303338171265,0.2089985486211901,20.9,0.2060977021531408,20.61,4.669287069666576,12.319303338171265,3.23341294965125,14.02,0,0.04566855917802499,-1.1548445854372344
SFO-MCO,SFO,San Francisco International Airport,MCO,Orlando International Airport,37.619,-122.37484,28.42889,-81.31603,847,172,12.789846517119244,0.2030696576151121,20.31,0.2012788669470202,20.13,5.740037950664137,12.789846517119244,3.356915096356757,14.02,0,0.05946394452852009,-1.0214148553315952
CLT-SJU,CLT,Charlotte Douglas International Airport,SJU,Luis Muñoz Marín International Airport,35.21401,-80.94313,18.43942,-66.00183,732,152,11.709016393442624,0.2076502732240437,20.77,0.2050614026428223,20.51,4.960693955001355,11.709016393442624,3.073232649197539,14.01,0,-0.029847786146478417,-1.0536986136962305
MDW-DSM,MDW,Chicago Midway International Airport,DSM,Des Moines International Airport,41.78598,-87.75242,41.53493,-93.66068,688,143,13.651162790697674,0.2078488372093023,20.78,0.2050902119274469,20.51,4.662510165356465,13.651162790697674,3.582982359763169,14.01,0,0.17493221066024284,-1.266472047210386
CAE-ORD,CAE,Columbia Metropolitan Airport,ORD,Chicago O'Hare International Airport,33.93884,-81.11954,41.9796,-87.90446,628,132,13.636942675159236,0.2101910828025477,21.02,0.2068833612621265,20.69,4.255895906749797,13.636942675159236,3.579250045973553,14.01,0,0.1891924102257651,-1.3339004277907305
PHX-TPA,PHX,Phoenix Sky Harbor International Airport,TPA,Tampa International Airport,33.43417,-112.00806,27.97547,-82.53325,1062,210,10.221280602636536,0.1977401129943503,19.77,0.1967393175549295,19.67,7.197072377338031,10.221280602636536,2.682750814340298,14.0,0,-0.24839055839099758,-0.5724435849801759
DFW-BMI,DFW,Dallas/Fort Worth International Airport,BMI,Central Illinois Regional Airport at Bloomington-Normal,32.89595,-97.0372,40.47799,-88.91595,689,144,11.895500725689406,0.2089985486211901,20.9,0.2060977021531408,20.61,4.669287069666576,11.895500725689406,3.122178668159949,14.0,0,-0.004955203633168617,-1.1161763451172522
LAS-IAD,LAS,McCarran International Airport,IAD,Washington Dulles International Airport,36.08036,-115.15233,38.94453,-77.45581,1276,241,13.093260188087774,0.1888714733542319,18.89,0.1886708481096135,18.87,8.647329899701816,13.093260188087774,3.4365512304692323,14.0,0,-0.004101180229224515,-0.594749667629104
ROA-ATL,ROA,Roanoke Regional Airport (Woodrum Field),ATL,Hartsfield-Jackson Atlanta International Airport,37.32547,-79.97543,33.64044,-84.42694,1604,286,14.05423940149626,0.1783042394014962,17.83,0.1787623749993123,17.88,10.87015451341827,14.05423940149626,3.688776745799543,14.0,0,0.023350373320444234,-0.34748221031152193
CLT-MCI,CLT,Charlotte Douglas International Airport,MCI,Kansas City International Airport,35.21401,-80.94313,39.29761,-94.71391,1352,255,10.136094674556212,0.1886094674556213,18.86,0.1884373877402398,18.84,9.162374627270262,10.136094674556212,2.660392303033127,13.99,0,-0.31938396137636227,-0.2641043617944439
MDW-ICT,MDW,Chicago Midway International Airport,ICT,Wichita Dwight D. Eisenhower National Airport (Wichita Mid-Continent Airport),41.78598,-87.75242,37.64996,-97.43305,659,138,12.320182094081945,0.2094081942336874,20.94,0.2063387180485219,20.63,4.465979940363242,12.320182094081945,3.233643594247229,13.98,0,0.03481050666191915,-1.1816035803495213
MLU-DFW,MLU,Monroe Regional Airport,DFW,Dallas/Fort Worth International Airport,32.51087,-92.03769,32.89595,-97.0372,1008,197,15.070436507936508,0.1954365079365079,19.54,0.1945948438617582,19.46,6.83111954459203,15.070436507936508,3.955495146440028,13.98,0,0.23813329215422932,-1.0366598494319537
PHX-CMH,PHX,Phoenix Sky Harbor International Airport,CMH,Port Columbus International Airport,33.43417,-112.00806,39.99799,-82.89188,1140,221,11.41578947368421,0.193859649122807,19.39,0.1932347475797001,19.32,7.725670913526701,11.41578947368421,2.996270203066722,13.97,0,-0.15711781552875506,-0.5880792265814653
CMI-ORD,CMI,University of Illinois - Willard Airport,ORD,Chicago O'Hare International Airport,40.03925,-88.27806,41.9796,-87.90446,1850,315,14.206486486486488,0.1702702702702702,17.03,0.1710826087173478,17.11,12.53727297370561,14.206486486486488,3.7287366106263744,13.96,0,-0.03376457665771346,-0.11570786243048366
ORD-EVV,ORD,Chicago O'Hare International Airport,EVV,Evansville Regional Airport,41.9796,-87.90446,38.03799,-87.53063,1854,320,10.728694714131608,0.1725997842502697,17.26,0.173291242066954,17.33,12.564380590946056,10.728694714131608,2.815930371163152,13.96,0,-0.38270975995552026,0.18719909622433675
STX-MIA,STX,Henry E. Rohlsen Airport,MIA,Miami International Airport,17.70189,-64.79856,25.79325,-80.29056,572,121,13.173076923076923,0.2115384615384615,21.15,0.2077545937482561,20.78,3.876389265383573,13.173076923076923,3.457500504744599,13.96,0,0.12887398682847595,-1.3464466683511056
ATL-ABE,ATL,Hartsfield-Jackson Atlanta International Airport,ABE,Lehigh Valley International Airport,33.64044,-84.42694,40.65236,-75.4404,980,194,12.331632653061224,0.1979591836734693,19.8,0.1968621175915075,19.69,6.641366223908918,12.331632653061224,3.236648990304783,13.96,0,-0.039596901989683776,-0.8309642370493275
ATL-MLU,ATL,Hartsfield-Jackson Atlanta International Airport,MLU,Monroe Regional Airport,33.64044,-84.42694,32.51087,-92.03769,1297,244,12.013878180416343,0.1881264456437933,18.81,0.1879821667851311,18.8,8.78964489021415,12.013878180416343,3.153248866251009,13.95,0,-0.1397295947599315,-0.47323011668342996
TLH-DFW,TLH,Tallahassee International Airport,DFW,Dallas/Fort Worth International Airport,30.39653,-84.35033,32.89595,-97.0372,691,143,13.360347322720695,0.2069464544138929,20.69,0.2043123729441569,20.43,4.682840878286799,13.360347322720695,3.506652840609106,13.95,0,0.11978547821689256,-1.2291935694910334
BHM-BWI,BHM,Birmingham-Shuttlesworth International Airport,BWI,Baltimore-Washington International Airport,33.56294,-86.75355,39.1754,-76.6682,633,133,11.848341232227488,0.2101105845181674,21.01,0.2068364079110888,20.68,4.289780428300352,11.848341232227488,3.109800848353671,13.95,0,-0.021464368334988177,-1.1648479285313351
MKG-ORD,MKG,Muskegon County Airport,ORD,Chicago O'Hare International Airport,43.16949,-86.23822,41.9796,-87.90446,680,140,14.980882352941176,0.2058823529411764,20.59,0.203347547434395,20.33,4.6082949308755765,14.980882352941176,3.931990118882198,13.94,0,0.27978885727864095,-1.3760275504168047
STL-MCI,STL,St. Louis International Airport at Lambert Field,MCI,Kansas City International Airport,38.74769,-90.35999,39.29761,-94.71391,1296,245,10.580246913580249,0.1890432098765432,18.9,0.1888331568759514,18.88,8.782867985904039,10.580246913580249,2.7769676938530834,13.94,0,-0.2877975596241214,-0.3503813578719121
ORD-JAN,ORD,Chicago O'Hare International Airport,JAN,Jackson-Evers International Airport,41.9796,-87.90446,32.31117,-90.07589,607,127,13.914332784184516,0.2092257001647446,20.92,0.2059562758116381,20.6,4.113580916237463,13.914332784184516,3.6520558488673274,13.94,0,0.18623377970095412,-1.3657615896873372
MDW-BUF,MDW,Chicago Midway International Airport,BUF,Buffalo Niagara International Airport,41.78598,-87.75242,42.94052,-78.73217,1039,204,11.404234841193457,0.1963426371511068,19.63,0.1954443257232907,19.54,7.041203578205475,11.404234841193457,2.9932374911268917,13.93,0,-0.1569437863690733,-0.6855982974524688
IAH-XNA,IAH,George Bush Intercontinental Airport,XNA,Northwest Arkansas Regional Airport,29.98047,-95.33972,36.28187,-94.30681,1162,223,11.99053356282272,0.1919104991394148,19.19,0.1914509405695944,19.15,7.874762808349146,11.99053356282272,3.1471216700322096,13.93,0,-0.1240837709309925,-0.6066036188791111
IAH-CLE,IAH,George Bush Intercontinental Airport,CLE,Cleveland Hopkins International Airport,29.98047,-95.33972,41.41089,-81.8494,1265,238,12.789723320158105,0.1881422924901185,18.81,0.1879934703288118,18.8,8.572783952290594,12.789723320158105,3.3568827611963523,13.93,0,-0.06569628683871746,-0.5681709507476529
EVV-ATL,EVV,Evansville Regional Airport,ATL,Hartsfield-Jackson Atlanta International Airport,38.03799,-87.53063,33.64044,-84.42694,1034,201,13.90715667311412,0.1943907156673114,19.44,0.1936605705457038,19.37,7.007319056654921,13.90715667311412,3.650172355148064,13.92,0,0.09006126683637919,-0.9015246841877631
IAH-SHV,IAH,George Bush Intercontinental Airport,SHV,Shreveport Regional Airport,29.98047,-95.33972,32.44663,-93.8256,1554,281,10.624839124839124,0.1808236808236808,18.08,0.1811433415954221,18.11,10.531309297912712,10.624839124839124,2.7886716863094816,13.92,0,-0.34688050453839553,-0.0910109681963504
LAX-COS,LAX,Los Angeles International Airport,COS,City of Colorado Springs Municipal Airport,33.94254,-118.40807,38.80581,-104.70025,697,144,12.751793400286944,0.2065997130559541,20.66,0.2040289673761959,20.4,4.723502304147465,12.751793400286944,3.3469274016501167,13.92,0,0.04357847162802276,-1.1657660870739617
AUS-FLL,AUS,Austin-Bergstrom International Airport,FLL,Fort Lauderdale-Hollywood International Airport,30.19453,-97.66987,26.07258,-80.15275,841,170,11.772889417360286,0.2021403091557669,20.21,0.2004368618478513,20.04,5.69937652480347,11.772889417360286,3.0899972224042744,13.91,0,-0.08980644727891848,-0.9237941358254238
DFW-PIA,DFW,Dallas/Fort Worth International Airport,PIA,General Wayne A. Downing Peoria International Airport,32.89595,-97.0372,40.66424,-89.69331,987,195,11.476190476190476,0.1975683890577507,19.76,0.1965143394653432,19.65,6.688804554079697,11.476190476190476,3.0121234845644294,13.91,0,-0.14793424949702436,-0.7436063356844532
DTW-MSY,DTW,Detroit Metropolitan Airport,MSY,Louis Armstrong New Orleans International Airport,42.21206,-83.34884,29.99339,-90.25803,1059,205,13.436260623229462,0.1935788479697828,19.36,0.192934501293208,19.29,7.1767416644076985,13.436260623229462,3.5265775913988087,13.9,0,0.028083405653102078,-0.831657303864272
GTR-ATL,GTR,Golden Triangle Regional Airport,ATL,Hartsfield-Jackson Atlanta International Airport,33.45033,-88.59137,33.64044,-84.42694,1000,196,12.702,0.196,19.6,0.1951009881807528,19.51,6.776904310111141,12.702,3.333858267716536,13.9,0,-0.0334896615952008,-0.8313536222571769
PVD-BWI,PVD,Theodore Francis Green State Airport,BWI,Baltimore-Washington International Airport,41.724,-71.42822,39.1754,-76.6682,2715,401,9.094290976058932,0.1476979742173112,14.77,0.1490625531079318,14.91,18.399295201951748,9.094290976058932,2.386953012088959,13.9,0,-0.7891842330552362,1.1328647855123046
BWI-DAY,BWI,Baltimore-Washington International Airport,DAY,James M. Cox Dayton International Airport,39.1754,-76.6682,39.90238,-84.21938,737,151,12.32428765264586,0.2048846675712347,20.49,0.2026416810021841,20.26,4.994578476551912,12.32428765264586,3.2347211686734543,13.89,0,-0.022374167501695765,-1.079782964597491
DEN-MAF,DEN,Denver International Airport,MAF,Midland International Airport,39.85841,-104.667,31.94253,-102.20191,1159,222,11.540983606557376,0.1915444348576359,19.15,0.1911128570284576,19.11,7.854432095418813,11.540983606557376,3.029129555526871,13.88,0,-0.19007160807317985,-0.5640783703055229
STL-SAT,STL,St. Louis International Airport at Lambert Field,SAT,San Antonio International Airport,38.74769,-90.35999,29.53369,-98.46978,674,140,11.38427299703264,0.2077151335311572,20.77,0.2049238850114058,20.49,4.567633505014909,11.38427299703264,2.9879981619508245,13.88,0,-0.10698689207033045,-1.0686525152389892
PHX-MKE,PHX,Phoenix Sky Harbor International Airport,MKE,General Mitchell International Airport,33.43417,-112.00806,42.94722,-87.89658,1516,276,9.344327176781002,0.1820580474934037,18.21,0.1823088409646213,18.23,10.27378693412849,9.344327176781002,2.452579311491077,13.87,0,-0.48774553226593365,-0.013281111386090406
BNA-BOS,BNA,Nashville International Airport,BOS,Gen. Edward Lawrence Logan International Airport,36.12448,-86.67818,42.36435,-71.00518,688,142,12.07703488372093,0.2063953488372093,20.64,0.2038211763944519,20.38,4.662510165356465,12.07703488372093,3.1698254287981444,13.87,0,-0.046516785728935355,-1.1088605923134558
DFW-ROW,DFW,Dallas/Fort Worth International Airport,ROW,Roswell International Air Center,32.89595,-97.0372,33.30156,-104.53056,1003,197,11.27716849451645,0.1964107676969092,19.64,0.1954769601077317,19.55,6.797235023041474,11.27716849451645,2.9598867439675725,13.87,0,-0.19040142085023812,-0.7025113727707346
BWI-BHM,BWI,Baltimore-Washington International Airport,BHM,Birmingham-Shuttlesworth International Airport,39.1754,-76.6682,33.56294,-86.75355,636,132,12.7437106918239,0.2075471698113207,20.75,0.2046346290744947,20.46,4.310111141230686,12.7437106918239,3.344805955859291,13.86,0,0.0257093409747572,-1.2199965222307834
PIA-ATL,PIA,General Wayne A. Downing Peoria International Airport,ATL,Hartsfield-Jackson Atlanta International Airport,40.66424,-89.69331,33.64044,-84.42694,968,188,15.570247933884298,0.1942148760330578,19.42,0.1934560739689402,19.35,6.560043372187585,15.570247933884298,4.086679247738661,13.86,0,0.2433782569893896,-1.1022246542912781
RSW-EWR,RSW,Southwest Florida International Airport,EWR,Newark Liberty International Airport,26.53617,-81.75517,40.6925,-74.16866,1446,264,11.134163208852003,0.1825726141078838,18.26,0.182801479300665,18.28,9.79940363242071,11.134163208852003,2.92235254825512,13.86,0,-0.30091691067134474,-0.23324977633921884
BOS-HOU,BOS,Gen. Edward Lawrence Logan International Airport,HOU,William P. Hobby Airport,42.36435,-71.00518,29.64542,-95.27889,959,189,12.022940563086548,0.1970802919708029,19.71,0.1960444636438414,19.6,6.499051233396584,12.022940563086548,3.155627444379672,13.86,0,-0.11197049860463192,-0.8100944735132953
DFW-BHM,DFW,Dallas/Fort Worth International Airport,BHM,Birmingham-Shuttlesworth International Airport,32.89595,-97.0372,33.56294,-86.75355,627,130,13.251993620414671,0.2073365231259968,20.73,0.2044169009612491,20.44,4.249119002439686,13.251993620414671,3.478213548665268,13.85,0,0.07506211629272776,-1.2716822979250781
BFL-SFO,BFL,Meadows Field,SFO,San Francisco International Airport,35.4336,-119.05677,37.619,-122.37484,702,142,16.02849002849003,0.2022792022792023,20.23,0.2002632007466685,20.03,4.757386825698021,16.02849002849003,4.20695276338321,13.84,0,0.3332833432237897,-1.4215664454503047
IAH-ABQ,IAH,George Bush Intercontinental Airport,ABQ,Albuquerque International Sunport,29.98047,-95.33972,35.04022,-106.60919,841,168,13.098692033293698,0.1997621878715814,19.98,0.1983114633356303,19.83,5.69937652480347,13.098692033293698,3.4379769116256425,13.84,0,0.010709506613451445,-1.0235909645594825
LAX-MSY,LAX,Los Angeles International Airport,MSY,Louis Armstrong New Orleans International Airport,33.94254,-118.40807,29.99339,-90.25803,2006,333,10.608175473579262,0.1660019940179461,16.6,0.1669568314334416,16.7,13.594470046082948,10.608175473579262,2.7842980245614863,13.84,0,-0.48816759425591794,0.36055356695682134
MSY-DAL,MSY,Louis Armstrong New Orleans International Airport,DAL,Dallas Love Field,29.99339,-90.25803,32.84711,-96.85177,2596,389,9.305084745762713,0.1498459167950693,14.98,0.1511910560084674,15.12,17.592843589048524,9.305084745762713,2.442279460830108,13.84,0,-0.7671967863566405,1.0169808018282198
MGM-DFW,MGM,Montgomery Regional Airport,DFW,Dallas/Fort Worth International Airport,32.30064,-86.39398,32.89595,-97.0372,1006,196,12.405566600397616,0.1948310139165009,19.48,0.1940425741399892,19.4,6.817565735971807,12.405566600397616,3.256054225826146,13.83,0,-0.09541847692963107,-0.7887224530093062
HOU-SAN,HOU,William P. Hobby Airport,SAN,San Diego International Airport (Lindbergh Field),29.64542,-95.27889,32.73356,-117.18966,746,152,11.726541554959786,0.2037533512064343,20.38,0.2016679515352578,20.17,5.055570615342911,11.726541554959786,3.0778324291233035,13.83,0,-0.11306146445463044,-1.008004939106616
LAX-BWI,LAX,Los Angeles International Airport,BWI,Baltimore-Washington International Airport,33.94254,-118.40807,39.1754,-76.6682,1252,236,10.315495207667732,0.1884984025559105,18.85,0.1883218099103758,18.83,8.484684196259149,10.315495207667732,2.707479057130638,13.83,0,-0.35731083420699866,-0.35463225108248564
MDW-CLT,MDW,Chicago Midway International Airport,CLT,Charlotte Douglas International Airport,41.78598,-87.75242,35.21401,-80.94313,676,139,12.319526627218934,0.2056213017751479,20.56,0.2031070708747785,20.31,4.581187313635131,12.319526627218934,3.233471555700508,13.82,0,-0.04373779372975377,-1.1327342064855357
DFW-COS,DFW,Dallas/Fort Worth International Airport,COS,City of Colorado Springs Municipal Airport,32.89595,-97.0372,38.80581,-104.70025,1139,217,12.043898156277436,0.1905179982440737,19.05,0.1901622978198774,19.02,7.71889400921659,12.043898156277436,3.1611281250072008,13.82,0,-0.165997776415843,-0.6161475152284852
JLN-DFW,JLN,Joplin Regional Airport,DFW,Dallas/Fort Worth International Airport,37.15181,-94.49827,32.89595,-97.0372,687,140,14.39155749636099,0.2037845705967976,20.38,0.2015388653098197,20.15,4.655733261046354,14.39155749636099,3.7773116788349057,13.82,0,0.1642721872343065,-1.297008445025893
ABE-ORD,ABE,Lehigh Valley International Airport,ORD,Chicago O'Hare International Airport,40.65236,-75.4404,41.9796,-87.90446,722,145,16.67590027700831,0.2008310249307479,20.08,0.1990402518233919,19.9,4.892924911900244,16.67590027700831,4.376876713125541,13.82,0,0.3858687335556419,-1.451355015334281
ELM-ORD,ELM,Elmira/Corning Regional Airport,ORD,Chicago O'Hare International Airport,42.15991,-76.89144,41.9796,-87.90446,638,131,14.617554858934168,0.2053291536050156,20.53,0.2027250501339134,20.27,4.323664949850908,14.617554858934168,3.836628571898732,13.82,0,0.1963845671625648,-1.3693616623004776
DEN-LNK,DEN,Denver International Airport,LNK,Lincoln Airport (Lincoln Municipal),39.85841,-104.667,40.85097,-96.75925,829,166,12.452352231604342,0.2002412545235223,20.02,0.1987202228189754,19.87,5.618053673082136,12.452352231604342,3.268333919056258,13.82,0,-0.06217743010381545,-0.9773952977362323
COU-DFW,COU,Columbia Regional Airport,DFW,Dallas/Fort Worth International Airport,38.81809,-92.21963,32.89595,-97.0372,688,138,18.24709302325581,0.2005813953488372,20.06,0.1987450342624722,19.87,4.662510165356465,18.24709302325581,4.789263260697065,13.81,0,0.5456284268913794,-1.6189085008169082
MAF-DAL,MAF,Midland International Airport,DAL,Dallas Love Field,31.94253,-102.20191,32.84711,-96.85177,1620,286,11.20925925925926,0.1765432098765432,17.65,0.1770994691853652,17.71,10.978584982380047,11.20925925925926,2.9420627977058422,13.81,0,-0.3522219165314488,-0.06024693363779146
ATL-GSP,ATL,Hartsfield-Jackson Atlanta International Airport,GSP,Greenville-Spartanburg International Airport,33.64044,-84.42694,34.89567,-82.21886,2678,393,9.347647498132934,0.1467513069454817,14.68,0.1481681378685486,14.82,18.148549742477638,9.347647498132934,2.453450786911531,13.8,0,-0.8035312574027321,1.0904497806451074
SNA-SMF,SNA,John Wayne Airport (Orange County Airport),SMF,Sacramento International Airport,33.67566,-117.86822,38.69542,-121.59077,2314,366,8.200518582541054,0.1581676750216076,15.82,0.1593252224518758,15.93,15.68175657359718,8.200518582541054,2.152367082031773,13.8,0,-0.8202198504062255,0.8601919990798895
GSO-EWR,GSO,Piedmont Triad International Airport,EWR,Newark Liberty International Airport,36.09775,-79.9373,40.6925,-74.16866,928,181,14.739224137931034,0.1950431034482758,19.5,0.1941742091428289,19.42,6.28896719978314,14.739224137931034,3.868562765861164,13.8,0,0.14088443458093547,-1.0638809589290605
ATL-SGF,ATL,Hartsfield-Jackson Atlanta International Airport,SGF,Springfield-Branson National Airport,33.64044,-84.42694,37.24433,-93.38686,1397,254,12.796707229778097,0.1818181818181818,18.18,0.1821049345349553,18.21,9.467335321225264,12.796707229778097,3.358715808340708,13.8,0,-0.15149778463751368,-0.4151856187055656
DEN-CID,DEN,Denver International Airport,CID,The Eastern Iowa Airport,39.85841,-104.667,41.88459,-91.71087,738,149,13.638211382113822,0.2018970189701897,20.19,0.2000132303088641,20.0,5.001355380862022,13.638211382113822,3.579583039924888,13.79,0,0.06256285588611646,-1.1712573227703282
STL-BOS,STL,St. Louis International Airport at Lambert Field,BOS,Gen. Edward Lawrence Logan International Airport,38.74769,-90.35999,42.36435,-71.00518,731,148,13.285909712722296,0.2024623803009576,20.25,0.2004946895292757,20.05,4.953917050691245,13.285909712722296,3.487115410163333,13.79,0,0.03015194486219371,-1.1501311904816411
SFO-LGB,SFO,San Francisco International Airport,LGB,Long Beach Airport (Daugherty Field),37.619,-122.37484,33.81772,-118.15161,1077,207,11.889507892293407,0.192200557103064,19.22,0.191683166524068,19.17,7.298725941989699,11.889507892293407,3.1206057460087684,13.79,0,-0.1794351087439407,-0.6643633305188358
IAH-LIT,IAH,George Bush Intercontinental Airport,LIT,Bill and Hillary Clinton National Airport (Adams Field),29.98047,-95.33972,34.7294,-92.22425,1915,322,9.987989556135773,0.1681462140992167,16.81,0.1690377602971852,16.9,12.977771753862836,9.987989556135773,2.6215195685395725,13.78,0,-0.5559408194215459,0.3354033692978817
ROA-ORD,ROA,Roanoke Regional Airport (Woodrum Field),ORD,Chicago O'Hare International Airport,37.32547,-79.97543,41.9796,-87.90446,831,164,15.348977135980746,0.197352587244284,19.74,0.196145098817216,19.61,5.631607481702358,15.348977135980746,4.0286029228295925,13.78,0,0.21199026805255786,-1.2147798311292624
BNA-IAH,BNA,Nashville International Airport,IAH,George Bush Intercontinental Airport,36.12448,-86.67818,29.98047,-95.33972,1379,251,12.84844089920232,0.1820159535895576,18.2,0.1822928242047519,18.23,9.345351043643264,12.84844089920232,3.3722941992657005,13.78,0,-0.15063900786909332,-0.4352341227030172
ORD-LSE,ORD,Chicago O'Hare International Airport,LSE,La Crosse Regional Airport,41.9796,-87.90446,43.87938,-91.25654,1196,225,12.12458193979933,0.1881270903010033,18.81,0.1879715177460093,18.8,8.105177554892926,12.12458193979933,3.1823049710759403,13.78,0,-0.18500564838266056,-0.5595136383201618
ATL-VLD,ATL,Hartsfield-Jackson Atlanta International Airport,VLD,Valdosta Regional Airport,33.64044,-84.42694,30.7825,-83.27672,1009,196,11.5203171456888,0.1942517343904856,19.43,0.1935176618564726,19.35,6.837896448902142,11.5203171456888,3.023705287582362,13.77,0,-0.21192177839050647,-0.7007573846298634
TPA-PIT,TPA,Tampa International Airport,PIT,Pittsburgh International Airport,27.97547,-82.53325,40.49147,-80.23287,900,176,14.171111111111111,0.1955555555555555,19.56,0.1946110869988281,19.46,6.099213879100027,14.171111111111111,3.719451735199767,13.76,0,0.07030434220316405,-1.0380051446607867
TPA-BDL,TPA,Tampa International Airport,BDL,Bradley International Airport,27.97547,-82.53325,41.93887,-72.68323,1000,193,13.281,0.193,19.3,0.1923737154534801,19.24,6.776904310111141,13.281,3.485826771653543,13.76,0,-0.03918213541199287,-0.8572122055498056
DTW-ELM,DTW,Detroit Metropolitan Airport,ELM,Elmira/Corning Regional Airport,42.21206,-83.34884,42.15991,-76.89144,1551,275,11.576402321083172,0.1773049645390071,17.73,0.1778383325250322,17.78,10.51097858498238,11.576402321083172,3.038425806058575,13.75,0,-0.327536529263841,-0.15112976874410844
DFW-SJT,DFW,Dallas/Fort Worth International Airport,SJT,San Angelo Regional Airport (Mathis Field),32.89595,-97.0372,31.35775,-100.49631,1693,295,9.88422917897224,0.1742468989958653,17.42,0.1749085817059833,17.49,11.473298997018162,9.88422917897224,2.594285873745995,13.75,0,-0.5290091448888662,0.13375537203373633
JNU-ANC,JNU,Juneau International Airport,ANC,Ted Stevens Anchorage International Airport,58.35496,-134.57628,61.17432,-149.99619,1106,209,14.1500904159132,0.1889692585895117,18.9,0.1887322446093102,18.87,7.495256166982922,14.1500904159132,3.7139344923656696,13.75,0,0.02393850907948705,-0.8202853230586957
DTW-PIT,DTW,Detroit Metropolitan Airport,PIT,Pittsburgh International Airport,42.21206,-83.34884,40.49147,-80.23287,676,138,12.681952662721894,0.2041420118343195,20.41,0.2018184110809641,20.18,4.581187313635131,12.681952662721894,3.3285964994020723,13.75,0,-0.037256314716387594,-1.15204552507529
ORD-ALO,ORD,Chicago O'Hare International Airport,ALO,Waterloo Regional Airport,41.9796,-87.90446,42.55708,-92.40034,641,131,13.929797191887676,0.204368174726989,20.44,0.2019043009430879,20.19,4.343995662781241,13.929797191887676,3.656114748526949,13.75,0,0.09485292808265651,-1.295507592378615
ORD-ABE,ORD,Chicago O'Hare International Airport,ABE,Lehigh Valley International Airport,41.9796,-87.90446,40.65236,-75.4404,714,145,12.299719887955185,0.2030812324929972,20.31,0.2009964213744817,20.1,4.838709677419355,12.299719887955185,3.228272936471176,13.75,0,-0.08304247788542429,-1.0785950127353898
ISP-PBI,ISP,Long Island MacArthur Airport,PBI,Palm Beach International Airport,40.79524,-73.10021,26.68316,-80.09559,741,149,13.39541160593792,0.2010796221322537,20.11,0.1992997467286898,19.93,5.021686093792355,13.39541160593792,3.515856064550636,13.74,0,0.015887472676645663,-1.1393936234163768
SMF-DEN,SMF,Sacramento International Airport,DEN,Denver International Airport,38.69542,-121.59077,39.85841,-104.667,2589,385,8.809965237543453,0.1487060641174198,14.87,0.1500970944584708,15.01,17.545405258877743,8.809965237543453,2.3123268340009067,13.74,0,-0.860988241288693,1.064989090043973
SHV-IAH,SHV,Shreveport Regional Airport,IAH,George Bush Intercontinental Airport,32.44663,-93.8256,29.98047,-95.33972,1581,277,12.793168880455408,0.1752055660974067,17.52,0.1758543051747936,17.59,10.714285714285714,12.793168880455408,3.3577871077310784,13.74,0,-0.21927109902967842,-0.22302725752273017
MCO-STL,MCO,Orlando International Airport,STL,St. Louis International Airport at Lambert Field,28.42889,-81.31603,38.74769,-90.35999,1633,286,10.646050214329454,0.1751377832210655,17.51,0.1757709676854173,17.58,11.066684738411494,10.646050214329454,2.7942389013988067,13.73,0,-0.44817444684003105,0.012301722795285292
ISP-BWI,ISP,Long Island MacArthur Airport,BWI,Baltimore-Washington International Airport,40.79524,-73.10021,39.1754,-76.6682,1638,287,10.228327228327228,0.1752136752136752,17.52,0.1758406714607757,17.58,11.10056925996205,10.228327228327228,2.684600322395598,13.73,0,-0.4929390480465674,0.05408236314680828
DEN-RNO,DEN,Denver International Airport,RNO,Reno/Tahoe International Airport,39.85841,-104.667,39.49858,-119.76806,1485,266,11.017508417508418,0.1791245791245791,17.91,0.1795653545733931,17.96,10.063702900515043,11.017508417508418,2.891734492784362,13.73,0,-0.3817143385439894,-0.16405530848552044
DEN-CPR,DEN,Denver International Airport,CPR,Natrona County International Airport,39.85841,-104.667,42.90836,-106.46447,993,193,10.83987915407855,0.1943605236656596,19.44,0.1936057520574823,19.36,6.729465979940363,10.83987915407855,2.845112638865761,13.73,0,-0.29828977105721977,-0.6512629421708876
BWI-STL,BWI,Baltimore-Washington International Airport,STL,St. Louis International Airport at Lambert Field,39.1754,-76.6682,38.74769,-90.35999,1310,241,11.706870229007633,0.1839694656488549,18.4,0.1841213382970412,18.41,8.877744646245594,11.706870229007633,3.0726693514455725,13.73,0,-0.27457345631713964,-0.39910941818847007
LAS-MSY,LAS,McCarran International Airport,MSY,Louis Armstrong New Orleans International Airport,36.08036,-115.15233,29.99339,-90.25803,760,153,11.963157894736842,0.2013157894736842,20.13,0.1995477755800327,19.95,5.150447275684467,11.963157894736842,3.1399364553115072,13.73,0,-0.13717501051922873,-0.9954226468659888
STL-MSY,STL,St. Louis International Airport at Lambert Field,MSY,Louis Armstrong New Orleans International Airport,38.74769,-90.35999,29.99339,-90.25803,597,124,11.323283082077053,0.2077051926298157,20.77,0.2046070114760805,20.46,4.045811873136351,11.323283082077053,2.971990310256444,13.73,0,-0.1649827701572505,-1.1219297194001778
MLI-ORD,MLI,Quad City International Airport,ORD,Chicago O'Hare International Airport,41.44853,-90.50754,41.9796,-87.90446,1650,286,12.350909090909092,0.1733333333333333,17.33,0.1740634782850446,17.41,11.181892111683384,12.350909090909092,3.241708422810785,13.73,0,-0.2830096718857133,-0.1162136722426641
ATL-TLH,ATL,Hartsfield-Jackson Atlanta International Airport,TLH,Tallahassee International Airport,33.64044,-84.42694,30.39653,-84.35033,2289,358,9.746177370030582,0.1564001747487986,15.64,0.1576438204264663,15.76,15.512333965844402,9.746177370030582,2.5580518031576327,13.72,0,-0.6984617913738937,0.7143863675295703
ABQ-DFW,ABQ,Albuquerque International Sunport,DFW,Dallas/Fort Worth International Airport,35.04022,-106.60919,32.89595,-97.0372,1930,316,14.384455958549225,0.1637305699481865,16.37,0.1648330477826739,16.48,13.079425318514504,14.384455958549225,3.775447758149402,13.72,0,-0.14466660817176444,-0.02191091187576095
SAT-ORD,SAT,San Antonio International Airport,ORD,Chicago O'Hare International Airport,29.53369,-98.46978,41.9796,-87.90446,1155,216,13.882251082251084,0.187012987012987,18.7,0.1869411051783491,18.69,7.827324478178369,13.882251082251084,3.643635454659077,13.72,0,-0.028732056616610598,-0.7408639588080715
BNA-HOU,BNA,Nashville International Airport,HOU,William P. Hobby Airport,36.12448,-86.67818,29.64542,-95.27889,1308,241,11.069571865443423,0.1842507645259938,18.43,0.1843828742889404,18.44,8.864190837625372,11.069571865443423,2.9053994397489307,13.72,0,-0.3431993390533945,-0.34498211853217253
ORD-PAH,ORD,Chicago O'Hare International Airport,PAH,Barkley Regional Airport,41.9796,-87.90446,37.06083,-88.77375,684,139,12.850877192982455,0.2032163742690058,20.32,0.2010345497434032,20.1,4.635402548116021,12.850877192982455,3.372933646452088,13.72,0,-0.03456934347294556,-1.1528671888047115
DFW-PDX,DFW,Dallas/Fort Worth International Airport,PDX,Portland International Airport,32.89595,-97.0372,45.58872,-122.5975,1955,323,10.592838874680307,0.1652173913043478,16.52,0.1662341055955368,16.62,13.24884792626728,10.592838874680307,2.7802726705197656,13.7,0,-0.540561878655378,0.3315880644763306
OAJ-ATL,OAJ,Albert J. Ellis Airport,ATL,Hartsfield-Jackson Atlanta International Airport,34.82916,-77.61214,33.64044,-84.42694,1230,225,15.799186991869918,0.1829268292682926,18.29,0.1831662308261865,18.32,8.335592301436703,15.799186991869918,4.146768239335937,13.7,0,0.13878588415794818,-0.8242975432184587
DFW-SPS,DFW,Dallas/Fort Worth International Airport,SPS,Wichita Falls Municipal Airport/Sheppard AFB,32.89595,-97.0372,33.9888,-98.49189,1287,238,10.734265734265737,0.1849261849261849,18.49,0.1850115984129979,18.5,8.72187584711304,10.734265734265737,2.817392581172109,13.7,0,-0.37963219280905725,-0.3355578880843231
RDU-IAH,RDU,Raleigh-Durham International Airport,IAH,George Bush Intercontinental Airport,35.87764,-78.78747,29.98047,-95.33972,539,112,13.296846011131723,0.2077922077922078,20.78,0.2043991971812647,20.44,3.652751423149905,13.296846011131723,3.4899858296933663,13.7,0,0.03228500974415322,-1.3475786046589975
AVL-ORD,AVL,Asheville Regional Airport,ORD,Chicago O'Hare International Airport,35.43619,-82.54181,41.9796,-87.90446,784,154,16.404336734693878,0.1964285714285714,19.64,0.1952614106321585,19.53,5.313092979127135,16.404336734693878,4.305600192833039,13.69,0,0.2863670412443356,-1.3385808649273332
TRI-ATL,TRI,Tri-Cities Regional Airport,ATL,Hartsfield-Jackson Atlanta International Airport,36.47521,-82.40742,33.64044,-84.42694,2065,333,11.317191283292978,0.1612590799031477,16.13,0.1624069685906827,16.24,13.994307400379508,11.317191283292978,2.970391412937789,13.69,0,-0.4998820897344995,0.3744641224133057
BHM-MCO,BHM,Birmingham-Shuttlesworth International Airport,MCO,Orlando International Airport,33.56294,-86.75355,28.42889,-81.31603,716,144,13.167597765363128,0.2011173184357542,20.11,0.1992782928907207,19.93,4.852263486039577,13.167597765363128,3.45606240560712,13.69,0,-0.025643072239188474,-1.137749818158717
STL-SFO,STL,St. Louis International Airport at Lambert Field,SFO,San Francisco International Airport,38.74769,-90.35999,37.619,-122.37484,959,185,13.2148070907195,0.1929092805005213,19.29,0.1922673153907725,19.23,6.499051233396584,13.2148070907195,3.468453304650787,13.68,0,-0.0736510366207364,-0.8814220820280974
PWM-JFK,PWM,Portland International Jetport,JFK,John F. Kennedy International Airport (New York International Airport),43.64617,-70.30875,40.63975,-73.77893,1247,227,15.617481956696071,0.1820368885324779,18.2,0.1823393370444158,18.23,8.450799674708593,15.617481956696071,4.099076629054086,13.67,0,0.10320233955508044,-0.7866571704575294
BIS-MSP,BIS,Bismarck Municipal Airport,MSP,Minneapolis-Saint Paul International Airport,46.77411,-100.74672,44.88055,-93.21692,1650,285,11.685454545454546,0.1727272727272727,17.27,0.1734920497136161,17.35,11.181892111683384,11.685454545454546,3.0670484371271773,13.67,0,-0.37790441740309344,-0.05009290122129065
FNT-ORD,FNT,Bishop International Airport,ORD,Chicago O'Hare International Airport,42.9655,-83.74346,41.9796,-87.90446,1949,320,11.130323242688558,0.1641867624422781,16.42,0.1652567530496965,16.53,13.208186500406612,11.130323242688558,2.9213446831203567,13.66,0,-0.5056400223773668,0.2857130393637162
DFW-ORF,DFW,Dallas/Fort Worth International Airport,ORF,Norfolk International Airport,32.89595,-97.0372,36.89461,-76.20122,677,137,12.4903988183161,0.2023633677991137,20.24,0.200271669239161,20.03,4.587964217945243,12.4903988183161,3.278319899820499,13.66,0,-0.09970097914396636,-1.1174617320669635
JAC-DEN,JAC,Jackson Hole Airport,DEN,Denver International Airport,43.60732,-110.73774,39.85841,-104.667,1121,210,13.3978590544157,0.1873327386262266,18.73,0.1872326674847077,18.72,7.596909731634589,13.3978590544157,3.5164984394791863,13.66,0,-0.09780654517705926,-0.7248645420877888
LAX-SBA,LAX,Los Angeles International Airport,SBA,Santa Barbara Municipal Airport (Santa Barbara Airport),33.94254,-118.40807,34.42621,-119.84037,1578,278,9.600760456273765,0.1761723700887199,17.62,0.1767646525618761,17.68,10.69395500135538,9.600760456273765,2.519884634192589,13.66,0,-0.5744083850173197,0.05868555961697384
DFW-OMA,DFW,Dallas/Fort Worth International Airport,OMA,Eppley Airfield,32.89595,-97.0372,41.30252,-95.89417,1439,258,10.868658790826965,0.1792911744266851,17.93,0.1797342995443977,17.97,9.751965302249932,10.868658790826965,2.8526663492984152,13.65,0,-0.42192598829206746,-0.185890749375553
CID-DTW,CID,The Eastern Iowa Airport,DTW,Detroit Metropolitan Airport,41.88459,-91.71087,42.21206,-83.34884,745,147,15.6,0.1973154362416107,19.73,0.1959894520696191,19.6,5.0487937110328,15.6,4.094488188976378,13.64,0,0.1891310737870106,-1.3025660259096523
TUS-DEN,TUS,Tucson International Airport,DEN,Denver International Airport,32.11608,-110.94103,39.85841,-104.667,2032,330,9.521653543307089,0.1624015748031496,16.24,0.1635136430576117,16.35,13.77066955814584,9.521653543307089,2.4991216649099965,13.63,0,-0.7002435550826943,0.5068065489125133
IAH-CMH,IAH,George Bush Intercontinental Airport,CMH,Port Columbus International Airport,29.98047,-95.33972,39.99799,-82.89188,1015,195,10.382266009852216,0.1921182266009852,19.21,0.1915794502231642,19.16,6.878557874762809,10.382266009852216,2.725004202060949,13.62,0,-0.3965529025790431,-0.5724137734988762
DFW-RAP,DFW,Dallas/Fort Worth International Airport,RAP,Rapid City Regional Airport,32.89595,-97.0372,44.04532,-103.05737,557,115,12.096947935368044,0.2064631956912028,20.65,0.2033654292219606,20.34,3.7747357007319056,12.096947935368044,3.1750519515401683,13.62,0,-0.1283242867853598,-1.2118980293413104
DFW-COU,DFW,Dallas/Fort Worth International Airport,COU,Columbia Regional Airport,32.89595,-97.0372,38.81809,-92.21963,696,139,14.280172413793103,0.1997126436781609,19.97,0.1980038781392313,19.8,4.716725399837355,14.280172413793103,3.748076749027061,13.62,0,0.05938775433505696,-1.241631282869713
TPA-MDW,TPA,Tampa International Airport,MDW,Chicago Midway International Airport,27.97547,-82.53325,41.78598,-87.75242,1521,267,11.849441157133464,0.1755424063116371,17.55,0.1761943781609057,17.62,10.307671455679046,11.849441157133464,3.110089542554715,13.62,0,-0.35649990933633124,-0.18308819521926745
MEM-DAL,MEM,Memphis International Airport,DAL,Dallas Love Field,35.04242,-89.97667,32.84711,-96.85177,518,107,13.451737451737452,0.2065637065637065,20.66,0.2032541860822461,20.33,3.510436432637571,13.451737451737452,3.530639751112192,13.61,0,0.009369505061949066,-1.3661440795319504
MCO-CVG,MCO,Orlando International Airport,CVG,Cincinnati/Northern Kentucky International Airport,28.42889,-81.31603,39.04614,-84.66217,976,186,13.793032786885243,0.1905737704918032,19.06,0.190159002787015,19.02,6.614258606668474,13.793032786885243,3.620218579234973,13.61,0,-0.052121052150299135,-0.9002517608732322
CID-ATL,CID,The Eastern Iowa Airport,ATL,Hartsfield-Jackson Atlanta International Airport,41.88459,-91.71087,33.64044,-84.42694,924,176,16.3495670995671,0.1904761904761904,19.05,0.1900498896472931,19.0,6.261859582542694,16.3495670995671,4.291224960516299,13.61,0,0.21653601725656335,-1.172262821436677
CMH-MDW,CMH,Port Columbus International Airport,MDW,Chicago Midway International Airport,39.99799,-82.89188,41.78598,-87.75242,1987,323,10.654755913437343,0.1625566180171112,16.26,0.1636852357445271,16.37,13.465708864190836,10.654755913437343,2.796523861794578,13.61,0,-0.5851686287500124,0.36920535140424354
PSP-LAX,PSP,Palm Springs International Airport,LAX,Los Angeles International Airport,33.82922,-116.50625,33.94254,-118.40807,753,150,11.883134130146082,0.199203187250996,19.92,0.1976683317688489,19.77,5.1030089455136896,11.883134130146082,3.118932842558027,13.61,0,-0.2003338851325862,-0.9739824903164483
JAX-EWR,JAX,Jacksonville International Airport,EWR,Newark Liberty International Airport,30.49406,-81.68786,40.6925,-74.16866,966,184,14.320910973084889,0.1904761904761904,19.05,0.1900666857399889,19.01,6.546489563567362,14.320910973084889,3.7587692842742486,13.61,0,0.0022973296806870704,-0.9550996907244435
TUL-DAL,TUL,Tulsa International Airport,DAL,Dallas Love Field,36.19837,-95.88824,32.84711,-96.85177,1006,193,10.566600397614314,0.1918489065606362,19.18,0.1913300967439676,19.13,6.817565735971807,10.566600397614314,2.7733859311323656,13.6,0,-0.38709555687374836,-0.5929742998643099
PHL-STL,PHL,Philadelphia International Airport,STL,St. Louis International Airport at Lambert Field,39.87195,-75.24114,38.74769,-90.35999,664,133,14.441265060240964,0.2003012048192771,20.03,0.1984438311502986,19.84,4.4998644619137975,14.441265060240964,3.790358283527812,13.6,0,0.07244342855131745,-1.2859911267035031
CLT-BUF,CLT,Charlotte Douglas International Airport,BUF,Buffalo Niagara International Airport,35.21401,-80.94313,42.94052,-78.73217,1303,239,9.565617805065234,0.1834228702993093,18.34,0.1836144597283165,18.36,8.830306316074816,9.565617805065234,2.51066084122447,13.6,0,-0.5471179489882008,-0.20335027539549064
CHS-IAH,CHS,Charleston International Airport/Charleston AFB,IAH,George Bush Intercontinental Airport,32.89865,-80.04051,29.98047,-95.33972,629,127,13.891891891891891,0.2019077901430842,20.19,0.199740860080697,19.97,4.262672811059908,13.891891891891891,3.646165850890261,13.59,0,0.022540563291492875,-1.2777350296297156
DEN-MOT,DEN,Denver International Airport,MOT,Minot International Airport,39.85841,-104.667,48.25938,-101.28033,1114,209,11.1229802513465,0.1876122082585278,18.76,0.1874885395377497,18.75,7.549471401463811,11.1229802513465,2.919417388804856,13.58,0,-0.3631218579771625,-0.5245304421279808
PHX-RNO,PHX,Phoenix Sky Harbor International Airport,RNO,Reno/Tahoe International Airport,33.43417,-112.00806,39.49858,-119.76806,1866,311,8.979635584137192,0.1666666666666666,16.67,0.1676556902333815,16.77,12.645703442667388,8.979635584137192,2.3568597333693417,13.58,0,-0.7392417767949414,0.4031676997068045
DSM-DFW,DSM,Des Moines International Airport,DFW,Dallas/Fort Worth International Airport,41.53493,-93.66068,32.89595,-97.0372,870,167,15.919540229885058,0.1919540229885057,19.2,0.1913516360812661,19.14,5.895906749796693,15.919540229885058,4.178357015717863,13.58,0,0.17146025275589155,-1.188103970544883
EWR-ORF,EWR,Newark Liberty International Airport,ORF,Norfolk International Airport,40.6925,-74.16866,36.89461,-76.20122,728,146,10.362637362637363,0.2005494505494505,20.05,0.198805660626604,19.88,4.933586337760911,10.362637362637363,2.7198523261515386,13.57,0,-0.3650124098686246,-0.8661080049837521
XNA-ATL,XNA,Northwest Arkansas Regional Airport,ATL,Hartsfield-Jackson Atlanta International Airport,36.28187,-94.30681,33.64044,-84.42694,1726,292,11.238702201622248,0.1691772885283893,16.92,0.1701046478635422,17.01,11.69693683925183,11.238702201622248,2.9497906041003272,13.57,0,-0.482945467858637,0.07477392088688868
DRO-DEN,DRO,Durango-La Plata County Airport,DEN,Denver International Airport,37.15152,-107.75377,39.85841,-104.667,586,119,13.46245733788396,0.2030716723549488,20.31,0.2005992521848806,20.06,3.971265925725129,13.46245733788396,3.533453369523349,13.56,0,-0.02689267332902261,-1.2822928347115667
BNA-CMH,BNA,Nashville International Airport,CMH,Port Columbus International Airport,36.12448,-86.67818,39.99799,-82.89188,688,138,11.957848837209305,0.2005813953488372,20.06,0.1987450342624722,19.87,4.662510165356465,11.957848837209305,3.138543001892206,13.56,0,-0.20010776334316846,-1.0431512376408643
ORD-MHK,ORD,Chicago O'Hare International Airport,MHK,Manhattan Regional Airport,41.9796,-87.90446,39.14097,-96.67083,679,135,14.586156111929307,0.198821796759941,19.88,0.1971900988431683,19.72,4.601518026565465,14.586156111929307,3.8283874309525743,13.56,0,0.06445685916367212,-1.2739865244522572
EWR-IND,EWR,Newark Liberty International Airport,IND,Indianapolis International Airport,40.6925,-74.16866,39.71733,-86.29438,1287,235,10.45920745920746,0.1825951825951826,18.26,0.1828486568124211,18.28,8.72187584711304,10.45920745920746,2.745198808190934,13.56,0,-0.4717319128115154,-0.2898887483439737
STL-FLL,STL,St. Louis International Airport at Lambert Field,FLL,Fort Lauderdale-Hollywood International Airport,38.74769,-90.35999,26.07258,-80.15275,521,107,13.431861804222647,0.2053742802303263,20.54,0.2022722818016556,20.23,3.530767145567905,13.431861804222647,3.5254230457277296,13.55,0,-0.01943790265782947,-1.3507610764337434
CID-DEN,CID,The Eastern Iowa Airport,DEN,Denver International Airport,41.88459,-91.71087,39.85841,-104.667,910,174,14.14065934065934,0.1912087912087912,19.12,0.1907040465334932,19.07,6.1669829222011385,14.14065934065934,3.7114591445300102,13.54,0,-0.035068984672992146,-0.9873668763679396
DCA-DTW,DCA,Ronald Reagan Washington National Airport,DTW,Detroit Metropolitan Airport,38.85208,-77.03772,42.21206,-83.34884,1851,304,12.179902755267422,0.164235548352242,16.42,0.165356784725181,16.54,12.544049878015723,12.179902755267422,3.1968248701489297,13.54,0,-0.433358334728307,0.1190693748827894
GGG-DFW,GGG,East Texas Regional Airport,DFW,Dallas/Fort Worth International Airport,32.38486,-94.71171,32.89595,-97.0372,669,133,14.251121076233185,0.1988041853512705,19.88,0.1971535591662264,19.72,4.533748983464354,14.251121076233185,3.740451726045455,13.53,0,0.01888756843364214,-1.2510124691658475
SAT-IAH,SAT,San Antonio International Airport,IAH,George Bush Intercontinental Airport,29.53369,-98.46978,29.98047,-95.33972,2495,365,11.116633266533066,0.1462925851703407,14.63,0.1478270084773904,14.78,16.908376253727297,11.116633266533066,2.917751513525739,13.53,0,-0.7036132115172836,0.8054119662374392
MCO-IND,MCO,Orlando International Airport,IND,Indianapolis International Airport,28.42889,-81.31603,39.71733,-86.29438,1344,241,11.90922619047619,0.1793154761904762,17.93,0.1797860713288283,17.98,9.108159392789371,11.90922619047619,3.1257811523559558,13.53,0,-0.3512549079043054,-0.3520372537802684
ORF-BWI,ORF,Norfolk International Airport,BWI,Baltimore-Washington International Airport,36.89461,-76.20122,39.1754,-76.6682,1239,227,10.488297013720745,0.1832122679580306,18.32,0.1834287430909844,18.34,8.396584440227704,10.488297013720745,2.7528338618689614,13.52,0,-0.47905121503545545,-0.33356140328591133
MCI-EWR,MCI,Kansas City International Airport,EWR,Newark Liberty International Airport,39.29761,-94.71391,40.6925,-74.16866,626,125,15.134185303514377,0.1996805111821086,19.97,0.1978114145989368,19.78,4.242342098129575,15.134185303514377,3.972227113783301,13.52,0,0.11581574903775146,-1.3729912946001868
SEA-PHL,SEA,Seattle-Tacoma International Airport,PHL,Philadelphia International Airport,47.44898,-122.30931,39.87195,-75.24114,1035,196,10.401932367149758,0.1893719806763285,18.94,0.1890846581487472,18.91,7.01409596096503,10.401932367149758,2.7301659756298577,13.51,0,-0.45013866118055157,-0.5342489712535525
JFK-STT,JFK,John F. Kennedy International Airport (New York International Airport),STT,Cyril E. King Airport,40.63975,-73.77893,18.33731,-64.97336,562,113,15.998220640569397,0.2010676156583629,20.11,0.1988082885178672,19.88,3.808620222282461,15.998220640569397,4.1990080421441975,13.51,0,0.21082090413352267,-1.5136702712692272
IAH-TUL,IAH,George Bush Intercontinental Airport,TUL,Tulsa International Airport,29.98047,-95.33972,36.19837,-95.88824,1933,316,9.145887221934816,0.1634764614588722,16.35,0.164589811607884,16.46,13.099756031444835,9.145887221934816,2.400495333841159,13.51,0,-0.7691681326997923,0.461476877886055
SHV-ATL,SHV,Shreveport Regional Airport,ATL,Hartsfield-Jackson Atlanta International Airport,32.44663,-93.8256,33.64044,-84.42694,2196,338,11.953551912568306,0.1539162112932604,15.39,0.1553184176824164,15.53,14.882081865004066,11.953551912568306,3.137415200149161,13.51,0,-0.5530950767104541,0.46510441644244555
BOI-ORD,BOI,Boise Airport (Boise Air Terminal),ORD,Chicago O'Hare International Airport,43.56444,-116.22278,41.9796,-87.90446,578,116,15.548442906574394,0.2006920415224913,20.07,0.1985414262519589,19.85,3.9170506912442393,15.548442906574394,4.080956143457846,13.5,0,0.15806077530361148,-1.4565559109600381
DEN-GTF,DEN,Denver International Airport,GTF,Great Falls International Airport,39.85841,-104.667,47.482,-111.37069,838,163,11.682577565632458,0.1945107398568019,19.45,0.1936152313420342,19.36,5.679045811873136,11.682577565632458,3.0662933243129813,13.5,0,-0.2875558267806761,-0.8470358236437984
IAH-SNA,IAH,George Bush Intercontinental Airport,SNA,John Wayne Airport (Orange County Airport),29.98047,-95.33972,33.67566,-117.86822,1628,278,11.216830466830467,0.1707616707616707,17.08,0.1716499346058033,17.16,11.032800216860938,11.216830466830467,2.944049991294086,13.5,0,-0.4973360934357684,-0.00713604228671183
DFW-CLL,DFW,Dallas/Fort Worth International Airport,CLL,Easterwood Airport,32.89595,-97.0372,30.58859,-96.36382,1658,284,8.939686369119421,0.1712907117008444,17.13,0.1721337241176497,17.21,11.236107346164273,8.939686369119421,2.346374375096961,13.49,0,-0.7371036152047762,0.21891455234346727
MIA-GNV,MIA,Miami International Airport,GNV,Gainesville Regional Airport,25.79325,-80.29056,29.69006,-82.27178,629,126,13.14308426073132,0.2003179650238473,20.03,0.1983691179682142,19.84,4.262672811059908,13.14308426073132,3.4496284148901104,13.49,0,-0.10193799447439568,-1.1940879119138341
MHT-ORD,MHT,Manchester-Boston Regional Airport,ORD,Chicago O'Hare International Airport,42.93452,-71.43706,41.9796,-87.90446,505,102,16.861386138613863,0.201980198019802,20.2,0.1993571685931043,19.94,3.4223366766061263,16.861386138613863,4.425560666302851,13.48,0,0.29748015949664175,-1.6447392569118444
AVL-ATL,AVL,Asheville Regional Airport,ATL,Hartsfield-Jackson Atlanta International Airport,35.43619,-82.54181,33.64044,-84.42694,1983,316,12.197175995965708,0.1593545133635905,15.94,0.160639024003278,16.06,13.438601246950393,12.197175995965708,3.2013585291248576,13.48,0,-0.4905611087271397,0.25039869878532844
DFW-RNO,DFW,Dallas/Fort Worth International Airport,RNO,Reno/Tahoe International Airport,32.89595,-97.0372,39.49858,-119.76806,791,155,11.369152970922883,0.1959544879898862,19.6,0.1948497048247229,19.48,5.3605313092979125,11.369152970922883,2.9840296511608617,13.48,0,-0.3178043337093893,-0.8676277623691636
FLL-SFO,FLL,Fort Lauderdale-Hollywood International Airport,SFO,San Francisco International Airport,26.07258,-80.15275,37.619,-122.37484,1354,242,11.000738552437223,0.1787296898079763,17.87,0.1792373363128116,17.92,9.175928435890484,11.000738552437223,2.8873329533955965,13.48,0,-0.4687723562706526,-0.2558483691460236
STL-DCA,STL,St. Louis International Airport at Lambert Field,DCA,Ronald Reagan Washington National Airport,38.74769,-90.35999,38.85208,-77.03772,1039,196,10.604427333974977,0.1886429258902791,18.86,0.1884206207189009,18.84,7.041203578205475,10.604427333974977,2.7833142608858203,13.48,0,-0.4435735553606193,-0.542660580992981
DFW-CMH,DFW,Dallas/Fort Worth International Airport,CMH,Port Columbus International Airport,32.89595,-97.0372,39.99799,-82.89188,1618,276,11.135970333745364,0.1705809641532756,17.06,0.1714849167629966,17.15,10.965031173759826,11.135970333745364,2.922826859250752,13.47,0,-0.5166520348031844,-0.00584631880025881
STL-MIA,STL,St. Louis International Airport at Lambert Field,MIA,Miami International Airport,38.74769,-90.35999,25.79325,-80.29056,628,124,16.660828025477706,0.197452229299363,19.75,0.1958943502731155,19.59,4.255895906749797,16.660828025477706,4.372920741595198,13.47,0,0.24577069842511182,-1.4904155143229825
SCE-ORD,SCE,University Park Airport,ORD,Chicago O'Hare International Airport,40.85121,-77.8463,41.9796,-87.90446,697,136,16.36441893830703,0.1951219512195122,19.51,0.1939913262218671,19.4,4.723502304147465,16.36441893830703,4.29512308092048,13.47,0,0.19779534718209948,-1.388252193058389
SEA-IAH,SEA,Seattle-Tacoma International Airport,IAH,George Bush Intercontinental Airport,47.44898,-122.30931,29.98047,-95.33972,2349,353,9.891868880374629,0.1502767134951043,15.03,0.1517399293584435,15.17,15.918948224451071,9.891868880374629,2.59629104471775,13.47,0,-0.8159898453722588,0.7876449730239112
STL-IAH,STL,St. Louis International Airport at Lambert Field,IAH,George Bush Intercontinental Airport,38.74769,-90.35999,29.98047,-95.33972,639,128,12.377151799687011,0.2003129890453834,20.03,0.1983911867372505,19.84,4.330441854161019,12.377151799687011,3.2485962728837303,13.47,0,-0.1876498128754897,-1.1165281766630697
MIA-BHM,MIA,Miami International Airport,BHM,Birmingham-Shuttlesworth International Airport,25.79325,-80.29056,33.56294,-86.75355,567,115,12.24514991181658,0.2028218694885361,20.28,0.2003164722621111,20.03,3.842504743833017,12.24514991181658,3.213950108088341,13.46,0,-0.19037262331048835,-1.1825471284761413
SEA-KTN,SEA,Seattle-Tacoma International Airport,KTN,Ketchikan International Airport,47.44898,-122.30931,55.35557,-131.71374,1400,249,9.82857142857143,0.1778571428571428,17.79,0.1784073913325521,17.84,9.487666034155598,9.82857142857143,2.5796775403074617,13.46,0,-0.6037861894034429,-0.1077464826781427
BWI-MIA,BWI,Baltimore-Washington International Airport,MIA,Miami International Airport,39.1754,-76.6682,25.79325,-80.29056,1163,213,12.248495270851247,0.1831470335339639,18.31,0.1833816999198956,18.34,7.881539712659258,12.248495270851247,3.214828155079068,13.46,0,-0.31468150930403765,-0.5508474996857321
MCI-MSP,MCI,Kansas City International Airport,MSP,Minneapolis-Saint Paul International Airport,39.29761,-94.71391,44.88055,-93.21692,2116,333,8.928166351606805,0.1573724007561436,15.74,0.1586692630861138,15.87,14.339929520195174,8.928166351606805,2.3433507484532297,13.46,0,-0.8596635693860094,0.6590838406936761
EWR-AUS,EWR,Newark Liberty International Airport,AUS,Austin-Bergstrom International Airport,40.6925,-74.16866,30.19453,-97.66987,989,185,14.120323559150656,0.1870576339737108,18.71,0.1869706951320736,18.7,6.702358362699918,14.120323559150656,3.7061216690684144,13.45,0,-0.09357293885928435,-0.8885229024758222
BNA-AUS,BNA,Nashville International Airport,AUS,Austin-Bergstrom International Airport,36.12448,-86.67818,30.19453,-97.66987,667,133,11.695652173913045,0.1994002998500749,19.94,0.1976676492813926,19.77,4.520195174844131,11.695652173913045,3.0697249800296698,13.45,0,-0.2719287012690019,-1.0243772069407089
CMH-BWI,CMH,Port Columbus International Airport,BWI,Baltimore-Washington International Airport,39.99799,-82.89188,39.1754,-76.6682,1533,264,11.48467058056099,0.172211350293542,17.22,0.1730625150023442,17.31,10.38899430740038,11.48467058056099,3.014349233743042,13.44,0,-0.47878533345389324,-0.11314805332934343
FLL-CLE,FLL,Fort Lauderdale-Hollywood International Airport,CLE,Cleveland Hopkins International Airport,26.07258,-80.15275,41.41089,-81.8494,893,170,13.538633818589023,0.1903695408734602,19.04,0.1899406717007332,18.99,6.051775548929249,13.538633818589023,3.553447196480059,13.44,0,-0.13725679370589144,-0.937405255802389
PIT-IAH,PIT,Pittsburgh International Airport,IAH,George Bush Intercontinental Airport,40.49147,-80.23287,29.98047,-95.33972,964,183,10.939834024896266,0.1898340248962655,18.98,0.1894841043222069,18.95,6.5329357549471405,10.939834024896266,2.871347513096133,13.43,0,-0.41722763068227237,-0.6410110762512988
PHX-FLG,PHX,Phoenix Sky Harbor International Airport,FLG,Flagstaff Pulliam Airport,33.43417,-112.00806,35.13845,-111.67122,1762,293,10.251986379114642,0.1662883087400681,16.63,0.1673528931250419,16.74,11.94090539441583,10.251986379114642,2.690810073258436,13.43,0,-0.6556211974467441,0.21450941487989825
BNA-DEN,BNA,Nashville International Airport,DEN,Denver International Airport,36.12448,-86.67818,39.85841,-104.667,2193,338,9.680346557227542,0.1541267669858641,15.41,0.1555216253810851,15.55,14.861751152073731,9.680346557227542,2.5407733746004046,13.43,0,-0.8182748422916759,0.6697445588576446
MSP-FSD,MSP,Minneapolis-Saint Paul International Airport,FSD,Sioux Falls Regional Airport,44.88055,-93.21692,43.58135,-96.7417,1410,247,12.268085106382978,0.175177304964539,17.52,0.1759013821184292,17.59,9.555435077256709,12.268085106382978,3.219969844195007,13.43,0,-0.3773194559305491,-0.3003158603210635
RSW-PHL,RSW,Southwest Florida International Airport,PHL,Philadelphia International Airport,26.53617,-81.75517,39.87195,-75.24114,1010,191,9.68019801980198,0.1891089108910891,18.91,0.1888388171160614,18.88,6.844673353212253,9.68019801980198,2.540734388399469,13.42,0,-0.5581078245965676,-0.4841709440943239
BTR-IAH,BTR,Baton Rouge Metropolitan Airport,IAH,George Bush Intercontinental Airport,30.53316,-91.14963,29.98047,-95.33972,2498,361,10.53402722177742,0.144515612489992,14.45,0.1461166616623665,14.61,16.928706966657632,10.53402722177742,2.764836541148929,13.41,0,-0.8198455518558628,0.8734602418070357
LAS-STL,LAS,McCarran International Airport,STL,St. Louis International Airport at Lambert Field,36.08036,-115.15233,38.74769,-90.35999,1562,268,10.628681177976953,0.1715749039692701,17.16,0.1724495108296198,17.24,10.585524532393602,10.628681177976953,2.7896800992065494,13.41,0,-0.5824293034815634,-0.008225948988124131
SAT-MDW,SAT,San Antonio International Airport,MDW,Chicago Midway International Airport,29.53369,-98.46978,41.78598,-87.75242,733,145,9.616643929058664,0.1978171896316507,19.78,0.1964118691462522,19.64,4.967470859311467,9.616643929058664,2.524053524687313,13.4,0,-0.5166400795689753,-0.7687559249788107
TPA-CMH,TPA,Tampa International Airport,CMH,Port Columbus International Airport,27.97547,-82.53325,39.99799,-82.89188,705,139,11.558865248226953,0.1971631205673759,19.72,0.1957901701848796,19.58,4.777717538628354,11.558865248226953,3.0338228997971,13.4,0,-0.3176794945484408,-0.9618677410583609
IAH-IND,IAH,George Bush Intercontinental Airport,IND,Indianapolis International Airport,29.98047,-95.33972,39.71733,-86.29438,1026,191,12.174463937621832,0.1861598440545809,18.62,0.1861554946703624,18.62,6.953103822174031,12.174463937621832,3.1953973589558613,13.39,0,-0.32490041021199345,-0.6744120971057301
BNA-JAX,BNA,Nashville International Airport,JAX,Jacksonville International Airport,36.12448,-86.67818,30.49406,-81.68786,979,185,10.069458631256383,0.1889683350357507,18.9,0.1887035097301465,18.87,6.634589319598808,10.069458631256383,2.6429025278888143,13.38,0,-0.5321138983389262,-0.5421649423354414
MSP-ANC,MSP,Minneapolis-Saint Paul International Airport,ANC,Ted Stevens Anchorage International Airport,44.88055,-93.21692,61.17432,-149.99619,635,128,8.565354330708661,0.2015748031496063,20.16,0.1994708666650723,19.95,4.303334236920574,8.565354330708661,2.2481244962489924,13.38,0,-0.611249626998854,-0.7827872335325682
ORD-RST,ORD,Chicago O'Hare International Airport,RST,Rochester International Airport,41.9796,-87.90446,43.90883,-92.49799,1382,243,11.12083936324168,0.1758321273516642,17.58,0.1765256997293037,17.65,9.365681756573595,11.12083936324168,2.918855475916451,13.37,0,-0.5132137697257898,-0.22117584358227127
PIA-DFW,PIA,General Wayne A. Downing Peoria International Airport,DFW,Dallas/Fort Worth International Airport,40.66424,-89.69331,32.89595,-97.0372,976,183,12.013319672131148,0.1875,18.75,0.1873708986977956,18.74,6.614258606668474,12.013319672131148,3.153102276149908,13.37,0,-0.34005338320369327,-0.7090837642132201
SDF-BWI,SDF,Louisville International Airport (Standiford Field),BWI,Baltimore-Washington International Airport,38.17439,-85.736,39.1754,-76.6682,1222,221,10.967266775777414,0.1808510638297872,18.09,0.1812489311640152,18.12,8.281377066955814,10.967266775777414,2.878547710177799,13.37,0,-0.49261020235088704,-0.36987061883558375
LAX-KOA,LAX,Los Angeles International Airport,KOA,Kona International Airport at Keahole,33.94254,-118.40807,19.73877,-156.04563,1484,256,11.502695417789758,0.1725067385444744,17.25,0.1733655852265329,17.34,10.056925996204932,11.502695417789758,3.019080162149543,13.37,0,-0.4965433803610753,-0.15336270434923147
RDU-LAX,RDU,Raleigh-Durham International Airport,LAX,Los Angeles International Airport,35.87764,-78.78747,33.94254,-118.40807,872,167,11.111238532110091,0.1915137614678899,19.15,0.1909579084350083,19.1,5.909460558416916,11.111238532110091,2.9163355727323075,13.37,0,-0.40872641042532565,-0.7418527097731636
PHX-PSP,PHX,Phoenix Sky Harbor International Airport,PSP,Palm Springs International Airport,33.43417,-112.00806,33.82922,-116.50625,1858,302,10.01291711517761,0.16254036598493,16.25,0.1637441710923535,16.37,12.5914882081865,10.01291711517761,2.628062234954753,13.36,0,-0.733374620181941,0.33627619882446597
TPA-HOU,TPA,Tampa International Airport,HOU,William P. Hobby Airport,27.97547,-82.53325,29.64542,-95.27889,1044,193,12.386015325670495,0.1848659003831417,18.49,0.184974726397577,18.5,7.075088099756031,12.386015325670495,3.250922657656299,13.36,0,-0.3218689682681242,-0.6683177898512173
MCO-MHT,MCO,Orlando International Airport,MHT,Manchester-Boston Regional Airport,28.42889,-81.31603,42.93452,-71.43706,751,145,13.700399467376831,0.1930758988015978,19.31,0.1922574465321129,19.23,5.089455136893467,13.700399467376831,3.595905372014917,13.35,0,-0.13439603936306138,-1.0849215959083758
FLL-HPN,FLL,Fort Lauderdale-Hollywood International Airport,HPN,Westchester County Airport,26.07258,-80.15275,41.06696,-73.70757,712,139,12.676966292134832,0.1952247191011236,19.52,0.1941023238901824,19.41,4.825155868799133,12.676966292134832,3.327287740717803,13.35,0,-0.22866662513373376,-1.0404208574204128
HOU-DCA,HOU,William P. Hobby Airport,DCA,Ronald Reagan Washington National Airport,29.64542,-95.27889,38.85208,-77.03772,1326,236,10.114630467571644,0.1779788838612368,17.8,0.1785491493680421,17.85,8.986175115207374,10.114630467571644,2.6547586529059437,13.35,0,-0.6090727033221065,-0.18940671713788937
EWR-BTV,EWR,Newark Liberty International Airport,BTV,Burlington International Airport,40.6925,-74.16866,44.473,-73.15031,637,126,12.419152276295131,0.1978021978021978,19.78,0.1962158575289391,19.62,4.3168880455407965,12.419152276295131,3.259620020024969,13.34,0,-0.24344779059506647,-1.0979576049793933
ORD-CMX,ORD,Chicago O'Hare International Airport,CMX,Houghton County Memorial Airport,41.9796,-87.90446,47.16842,-88.48906,674,133,11.238872403560832,0.1973293768545994,19.73,0.195879957362827,19.59,4.567633505014909,11.238872403560832,2.9498352765251528,13.34,0,-0.37117081998653406,-0.9572980828908582
PHX-BOI,PHX,Phoenix Sky Harbor International Airport,BOI,Boise Airport (Boise Air Terminal),33.43417,-112.00806,43.56444,-116.22278,1183,216,8.89010989010989,0.1825866441251056,18.26,0.1828613304745348,18.29,8.01707779886148,8.89010989010989,2.333362175881861,13.33,0,-0.7149421084502259,-0.2240044338122546
ORD-DBQ,ORD,Chicago O'Hare International Airport,DBQ,Dubuque Regional Airport,41.9796,-87.90446,42.40296,-90.70917,953,179,11.48688352570829,0.1878279118572927,18.78,0.1876648499514037,18.77,6.458389807535918,11.48688352570829,3.014930059241021,13.33,0,-0.4075122867395331,-0.6809380867615967
ORD-CAK,ORD,Chicago O'Hare International Airport,CAK,Akron-Canton Regional Airport,41.9796,-87.90446,40.91631,-81.44247,1320,233,11.533333333333331,0.1765151515151515,17.65,0.1771909063372029,17.72,8.945513689346708,11.533333333333331,3.027121609798775,13.32,0,-0.4807777322333669,-0.31092885737228654
DTW-SFO,DTW,Detroit Metropolitan Airport,SFO,San Francisco International Airport,42.21206,-83.34884,37.619,-122.37484,1448,251,10.564226519337016,0.173342541436464,17.33,0.1741673688622921,17.42,9.812957441040933,10.564226519337016,2.772762865967721,13.32,0,-0.6062798864282799,-0.10066057937287101
DEN-EUG,DEN,Denver International Airport,EUG,Eugene Airport (Mahlon Sweet Field),39.85841,-104.667,44.12326,-123.21869,676,132,13.542899408284024,0.1952662721893491,19.53,0.1940864523180775,19.41,4.581187313635131,13.542899408284024,3.5545667738278275,13.32,0,-0.1464523621042267,-1.1479247594244806
LAX-IND,LAX,Los Angeles International Airport,IND,Indianapolis International Airport,33.94254,-118.40807,39.71733,-86.29438,867,166,9.79354094579008,0.1914648212226067,19.15,0.1909111551177126,19.09,5.875576036866359,9.79354094579008,2.5704831878714125,13.31,0,-0.5687603495575682,-0.624338277659787
BDL-MCO,BDL,Bradley International Airport,MCO,Orlando International Airport,41.93887,-72.68323,28.42889,-81.31603,1756,287,11.60364464692483,0.1634396355353075,16.34,0.1646611460122996,16.47,11.900243968555165,11.60364464692483,3.045576022814916,13.31,0,-0.5743814368374514,0.10986949076527418
ABE-DTW,ABE,Lehigh Valley International Airport,DTW,Detroit Metropolitan Airport,40.65236,-75.4404,42.21206,-83.34884,770,147,14.71038961038961,0.1909090909090909,19.09,0.1903575712630208,19.04,5.218216318785579,14.71038961038961,3.860994648396223,13.31,0,-0.05594877638498858,-1.1424852866386734
ELM-DTW,ELM,Elmira/Corning Regional Airport,DTW,Detroit Metropolitan Airport,42.15991,-76.89144,42.21206,-83.34884,1549,263,11.213686249193028,0.1697869593285991,16.98,0.1707768872036556,17.08,10.497424776362156,11.213686249193028,2.943224737321005,13.31,0,-0.5661748947114933,-0.056711463930312546
RDU-DFW,RDU,Raleigh-Durham International Airport,DFW,Dallas/Fort Worth International Airport,35.87764,-78.78747,32.89595,-97.0372,1704,280,12.384976525821596,0.1643192488262911,16.43,0.1655272100880422,16.55,11.547844944429384,12.384976525821596,3.2506500067773216,13.3,0,-0.4875620652538691,-0.0060668707175890405
ELP-PHX,ELP,El Paso International Airport,PHX,Phoenix Sky Harbor International Airport,31.80667,-106.37781,33.43417,-112.00806,1558,265,9.909499358151477,0.1700898587933247,17.01,0.171056144148871,17.11,10.558416915153158,9.909499358151477,2.600918466706424,13.3,0,-0.7067042125119146,0.06696271781568479
STL-MCO,STL,St. Louis International Airport at Lambert Field,MCO,Orlando International Airport,38.74769,-90.35999,28.42889,-81.31603,1629,273,10.661755678330264,0.1675874769797421,16.76,0.1686588126077664,16.87,11.039577121171048,10.661755678330264,2.798361070427891,13.3,0,-0.6449207184337057,0.07025320036771752
HNL-PHX,HNL,Honolulu International Airport,PHX,Phoenix Sky Harbor International Airport,21.31869,-157.92241,33.43417,-112.00806,1209,218,10.309346567411083,0.1803143093465674,18.03,0.1807571329250024,18.08,8.193277310924369,10.309346567411083,2.7058652407903105,13.3,0,-0.5903016543632079,-0.314467681227471
LAX-EUG,LAX,Los Angeles International Airport,EUG,Eugene Airport (Mahlon Sweet Field),33.94254,-118.40807,44.12326,-123.21869,537,108,11.802607076350093,0.2011173184357542,20.11,0.1987615180515355,19.88,3.639197614529683,11.802607076350093,3.0977971329002867,13.3,0,-0.30145341715200746,-1.1488823764836453
BWI-ABQ,BWI,Baltimore-Washington International Airport,ABQ,Albuquerque International Sunport,39.1754,-76.6682,35.04022,-106.60919,566,113,12.17667844522968,0.1996466431095406,19.96,0.1976142447429852,19.76,3.8357278395229057,12.17667844522968,3.195978594548473,13.29,0,-0.2741575214580226,-1.14687763787165
EWR-GSO,EWR,Newark Liberty International Airport,GSO,Piedmont Triad International Airport,40.6925,-74.16866,36.09775,-79.9373,927,174,11.86623516720604,0.1877022653721682,18.77,0.1875473096385863,18.75,6.282190295473028,11.86623516720604,3.114497419214184,13.29,0,-0.3816631139124172,-0.7337991934069238
STL-DTW,STL,St. Louis International Airport at Lambert Field,DTW,Detroit Metropolitan Airport,38.74769,-90.35999,42.21206,-83.34884,1467,254,9.21949556918882,0.1731424676209952,17.31,0.1739700619009752,17.4,9.941718622933044,9.21949556918882,2.4198151100233125,13.29,0,-0.7601195775686859,0.03820988177708602
PDX-SMF,PDX,Portland International Airport,SMF,Sacramento International Airport,45.58872,-122.5975,38.69542,-121.59077,1762,289,9.721906923950057,0.1640181611804767,16.4,0.1652046654129045,16.52,11.94090539441583,9.721906923950057,2.551681607335973,13.28,0,-0.779035111837822,0.2820013969405187
FLG-PHX,FLG,Flagstaff Pulliam Airport,PHX,Phoenix Sky Harbor International Airport,35.13845,-111.67122,33.43417,-112.00806,1766,287,11.572480181200453,0.1625141562853907,16.25,0.1637787175770783,16.38,11.968013011656277,11.572480181200453,3.037396373018492,13.28,0,-0.5961882922809995,0.1276564780968882
SEA-JNU,SEA,Seattle-Tacoma International Airport,JNU,Juneau International Airport,47.44898,-122.30931,58.35496,-134.57628,1395,244,9.472401433691756,0.1749103942652329,17.49,0.1756595899657713,17.57,9.453781512605042,9.472401433691756,2.4861946020188337,13.28,0,-0.7237273943114508,-0.05314514903989103
ORD-LAN,ORD,Chicago O'Hare International Airport,LAN,Capital Region International Airport ( Lansing Capital City),41.9796,-87.90446,42.7787,-84.58736,921,173,11.577633007600436,0.1878393051031487,18.78,0.187670016649195,18.77,6.2415288696123605,11.577633007600436,3.0387488208925024,13.28,0,-0.41503950599427736,-0.7132744084848763
ATL-BQK,ATL,Hartsfield-Jackson Atlanta International Airport,BQK,Brunswick Golden Isles Airport,33.64044,-84.42694,31.25903,-81.46631,953,178,11.78174186778594,0.1867785939139559,18.68,0.1867151823350694,18.67,6.458389807535918,11.78174186778594,3.092320700206284,13.28,0,-0.3991568011278511,-0.6984820276307853
PIT-BOS,PIT,Pittsburgh International Airport,BOS,Gen. Edward Lawrence Logan International Airport,40.49147,-80.23287,42.36435,-71.00518,1249,223,10.43714971977582,0.1785428342674139,17.85,0.1791038450695538,17.91,8.464353483328816,10.43714971977582,2.7394093752692443,13.27,0,-0.5989279753204251,-0.2805272498309545
BOS-IAD,BOS,Gen. Edward Lawrence Logan International Airport,IAD,Washington Dulles International Airport,42.36435,-71.00518,38.94453,-77.45581,2201,332,10.094048159927306,0.1508405270331667,15.08,0.1523733537587258,15.24,14.915966386554622,10.094048159927306,2.649356472421865,13.27,0,-0.8534972573965663,0.661800481710423
BOS-MSP,BOS,Gen. Edward Lawrence Logan International Airport,MSP,Minneapolis-Saint Paul International Airport,42.36435,-71.00518,44.88055,-93.21692,1954,308,10.734902763561925,0.157625383828045,15.76,0.1590122137287381,15.9,13.24207102195717,10.734902763561925,2.817559780462448,13.27,0,-0.7264172991535878,0.37724525786762336
EWR-MSP,EWR,Newark Liberty International Airport,MSP,Minneapolis-Saint Paul International Airport,40.6925,-74.16866,44.88055,-93.21692,1333,233,12.06901725431358,0.1747936984246061,17.48,0.1755834521973678,17.56,9.033613445378151,12.06901725431358,3.1677210641242985,13.27,0,-0.45351502187277815,-0.33548805576711394
FAT-DEN,FAT,Fresno Yosemite International Airport,DEN,Denver International Airport,36.77619,-119.71814,39.85841,-104.667,1115,201,13.556053811659194,0.1802690582959641,18.03,0.1807498658426569,18.07,7.556248305773923,13.556053811659194,3.558019373138896,13.26,0,-0.26068749897110166,-0.6810920915039866
PSC-DEN,PSC,Tri-Cities Airport,DEN,Denver International Airport,46.26468,-119.11903,39.85841,-104.667,744,143,13.018817204301076,0.1922043010752688,19.22,0.1914823305673319,19.15,5.042016806722689,13.018817204301076,3.4170123895803357,13.26,0,-0.2414589664780797,-1.0194761698240469
CRP-IAH,CRP,Corpus Christi International Airport,IAH,George Bush Intercontinental Airport,27.77036,-97.50122,29.98047,-95.33972,2227,333,10.783565334530758,0.1495285136955545,14.95,0.1511005960459081,15.11,15.092165898617512,10.783565334530758,2.830332108800724,13.26,0,-0.79436604297546,0.6265178224462361
DCA-CHS,DCA,Ronald Reagan Washington National Airport,CHS,Charleston International Airport/Charleston AFB,38.85208,-77.03772,32.89865,-80.04051,703,135,14.923186344238976,0.1920341394025604,19.2,0.1912964968852156,19.13,4.764163730008132,14.923186344238976,3.916846809511542,13.26,0,-0.04389819554618388,-1.2226643653116311
RSW-DFW,RSW,Southwest Florida International Airport,DFW,Dallas/Fort Worth International Airport,26.53617,-81.75517,32.89595,-97.0372,1214,214,14.612026359143329,0.1762767710049423,17.63,0.1770251803644049,17.7,8.227161832474925,14.612026359143329,3.835177522084863,13.25,0,-0.18074316590625103,-0.668933814762317
EWR-SEA,EWR,Newark Liberty International Airport,SEA,Seattle-Tacoma International Airport,40.6925,-74.16866,47.44898,-122.30931,1589,265,12.28319697923222,0.1667715544367526,16.68,0.1679165701591641,16.79,10.768500948766604,12.28319697923222,3.2239362150215807,13.25,0,-0.49625064127785135,-0.10012209768875982
BUF-BWI,BUF,Buffalo Niagara International Airport,BWI,Baltimore-Washington International Airport,42.94052,-78.73217,39.1754,-76.6682,1942,307,9.930998970133883,0.1580844490216272,15.81,0.1594569475998179,15.95,13.160748170235836,9.930998970133883,2.606561409483959,13.25,0,-0.8143331529284642,0.43830027842261937
RDU-MIA,RDU,Raleigh-Durham International Airport,MIA,Miami International Airport,35.87764,-78.78747,25.79325,-80.29056,1098,201,9.759562841530055,0.1830601092896175,18.31,0.1833147637719767,18.33,7.441040932502033,9.759562841530055,2.561565050270356,13.24,0,-0.6491345917324517,-0.37131230264009535
IAH-GSP,IAH,George Bush Intercontinental Airport,GSP,Greenville-Spartanburg International Airport,29.98047,-95.33972,34.89567,-82.21886,558,111,11.833333333333334,0.1989247311827957,19.89,0.1969773358644804,19.7,3.7815126050420167,11.833333333333334,3.1058617672790905,13.23,0,-0.3356838399434376,-1.1148150476467302
HOU-DEN,HOU,William P. Hobby Airport,DEN,Denver International Airport,29.64542,-95.27889,39.85841,-104.667,1925,305,9.787532467532468,0.1584415584415584,15.84,0.1598079441969521,15.98,13.045540796963948,9.787532467532468,2.568906159457341,13.23,0,-0.8326202806474733,0.437013431404495
SAN-SAT,SAN,San Diego International Airport (Lindbergh Field),SAT,San Antonio International Airport,32.73356,-117.18966,29.53369,-98.46978,682,133,11.29765395894428,0.1950146627565982,19.5,0.1938760703309822,19.39,4.621848739495799,11.29765395894428,2.965263506284588,13.23,0,-0.4151766249495126,-0.9351597820146497
MDW-RDU,MDW,Chicago Midway International Airport,RDU,Raleigh-Durham International Airport,41.78598,-87.75242,35.87764,-78.78747,1125,204,10.767111111111111,0.1813333333333333,18.13,0.181723336325574,18.17,7.624017348875034,10.767111111111111,2.826013414989793,13.23,0,-0.558641507863693,-0.4274258585837884
SPI-ORD,SPI,Abraham Lincoln Capital Airport,ORD,Chicago O'Hare International Airport,39.84395,-89.67762,41.9796,-87.90446,1047,188,16.43935052531041,0.1795606494746895,17.96,0.180131723625831,18.01,7.095418812686365,16.43935052531041,4.314790164123467,13.23,0,0.026629028469268894,-0.9889955743030858
MBS-ORD,MBS,MBS International Airport,ORD,Chicago O'Hare International Airport,43.53291,-84.07965,41.9796,-87.90446,1221,215,13.747747747747749,0.1760851760851761,17.61,0.176844123390483,17.68,8.274600162645704,13.747747747747749,3.6083327421910094,13.22,0,-0.2840804841770767,-0.5826342486065729
LGB-SEA,LGB,Long Beach Airport (Daugherty Field),SEA,Seattle-Tacoma International Airport,33.81772,-118.15161,47.44898,-122.30931,845,161,9.814201183431951,0.1905325443786982,19.05,0.1900646423268022,19.01,5.7264841420439145,9.814201183431951,2.575905822423085,13.22,0,-0.6025314616455825,-0.6341970546931462
FWA-ATL,FWA,Fort Wayne International Airport,ATL,Hartsfield-Jackson Atlanta International Airport,40.97847,-85.19515,33.64044,-84.42694,1199,212,13.56463719766472,0.176814011676397,17.68,0.1775297051569115,17.75,8.125508267823259,13.56463719766472,3.560272230358194,13.22,0,-0.29916688950433973,-0.5883173004738271
GPT-DFW,GPT,Gulfport-Biloxi International Airport,DFW,Dallas/Fort Worth International Airport,30.40728,-89.07009,32.89595,-97.0372,969,178,13.939112487100104,0.1836945304437564,18.37,0.1839205678192966,18.39,6.566820276497695,13.939112487100104,3.65855970790029,13.22,0,-0.21150231745018014,-0.8558608677909804
ELP-ORD,ELP,El Paso International Airport,ORD,Chicago O'Hare International Airport,31.80667,-106.37781,41.9796,-87.90446,583,112,19.363636363636363,0.1921097770154373,19.21,0.191231459734741,19.12,3.950935212794795,19.363636363636363,5.082319255547603,13.22,0,0.4115849762105226,-1.720622536136295
EWR-GSP,EWR,Newark Liberty International Airport,GSP,Greenville-Spartanburg International Airport,40.6925,-74.16866,34.89567,-82.21886,729,141,11.164609053497944,0.1934156378600823,19.34,0.192534483713906,19.25,4.940363242071022,11.164609053497944,2.9303435835952607,13.22,0,-0.4420900910994698,-0.8721436387235277
LCH-DFW,LCH,Lake Charles Regional Airport,DFW,Dallas/Fort Worth International Airport,30.1261,-93.2234,32.89595,-97.0372,831,156,14.02286401925391,0.187725631768953,18.77,0.1875521879686661,18.76,5.631607481702358,14.02286401925391,3.680541737336984,13.22,0,-0.17925280404713184,-1.003810423803525
BMI-DFW,BMI,Central Illinois Regional Airport at Bloomington-Normal,DFW,Dallas/Fort Worth International Airport,40.47799,-88.91595,32.89595,-97.0372,686,132,14.330903790087463,0.1924198250728863,19.24,0.1916171590315879,19.16,4.648956356736242,14.330903790087463,3.7613920708890975,13.22,0,-0.11587977837972335,-1.1851291993684014
FLL-JAX,FLL,Fort Lauderdale-Hollywood International Airport,JAX,Jacksonville International Airport,26.07258,-80.15275,30.49406,-81.68786,784,149,13.16454081632653,0.1900510204081632,19.01,0.1896053020348734,18.96,5.313092979127135,13.16454081632653,3.455260056778617,13.22,0,-0.25264880516139515,-0.9827368154809591
BOS-JAX,BOS,Gen. Edward Lawrence Logan International Airport,JAX,Jacksonville International Airport,42.36435,-71.00518,30.49406,-81.68786,730,141,11.321917808219178,0.1931506849315068,19.32,0.1923025144564194,19.23,4.947140146381133,11.321917808219178,2.971631970661201,13.22,0,-0.4276526805097287,-0.8837037232242991
HOU-STL,HOU,William P. Hobby Airport,STL,St. Louis International Airport at Lambert Field,29.64542,-95.27889,38.74769,-90.35999,1312,230,10.923780487804878,0.1753048780487804,17.53,0.1760701749283485,17.61,8.891298454865817,10.923780487804878,2.8671339863004928,13.22,0,-0.5875482584499344,-0.2504766660415814
MSP-BNA,MSP,Minneapolis-Saint Paul International Airport,BNA,Nashville International Airport,44.88055,-93.21692,36.12448,-86.67818,1157,207,12.076058772687986,0.1789109766637856,17.89,0.1794837605400383,17.95,7.84087828679859,12.076058772687986,3.1695692316766366,13.21,0,-0.44509795323432366,-0.5019496872935116
PHX-MIA,PHX,Phoenix Sky Harbor International Airport,MIA,Miami International Airport,33.43417,-112.00806,25.79325,-80.29056,663,128,14.027149321266968,0.1930618401206636,19.31,0.1921508348608494,19.22,4.493087557603687,14.027149321266968,3.681666488521514,13.21,0,-0.14809987991740403,-1.1812026123612607
ATL-SBN,ATL,Hartsfield-Jackson Atlanta International Airport,SBN,South Bend International Airport (South Bend Regional),33.64044,-84.42694,41.70895,-86.31847,1191,209,15.58270361041142,0.1754827875734676,17.55,0.1763060317574191,17.63,8.07129303334237,15.58270361041142,4.089948454176225,13.21,0,-0.09790014065953956,-0.7676556396447419
IDA-DEN,IDA,Idaho Falls Regional Airport,DEN,Denver International Airport,43.51456,-112.07017,39.85841,-104.667,976,180,12.248975409836063,0.1844262295081967,18.44,0.1845827946085763,18.46,6.614258606668474,12.248975409836063,3.2149541758099907,13.21,0,-0.38903004076108855,-0.7024199843034578
IAH-OMA,IAH,George Bush Intercontinental Airport,OMA,Eppley Airfield,29.98047,-95.33972,41.30252,-95.89417,1303,229,10.262471220260936,0.1757482732156561,17.57,0.1764868759792075,17.65,8.830306316074816,10.262471220260936,2.6935620000684874,13.2,0,-0.6605408654697875,-0.20017067568373104
MCO-ISP,MCO,Orlando International Airport,ISP,Long Island MacArthur Airport,28.42889,-81.31603,40.79524,-73.10021,1134,203,12.775132275132275,0.1790123456790123,17.9,0.1795875907608007,17.96,7.685009487666034,12.775132275132275,3.353053090585899,13.2,0,-0.3730988543633523,-0.5840605247762569
ATL-AVL,ATL,Hartsfield-Jackson Atlanta International Airport,AVL,Asheville Regional Airport,33.64044,-84.42694,35.43619,-82.54181,1985,308,11.270025188916875,0.1551637279596977,15.52,0.1566480033567521,15.66,13.452155055570616,11.270025188916875,2.9580118606081043,13.2,0,-0.7122504139122643,0.3691968218305558
IAH-SMF,IAH,George Bush Intercontinental Airport,SMF,Sacramento International Airport,29.98047,-95.33972,38.69542,-121.59077,699,135,12.124463519313304,0.1931330472103004,19.31,0.1922541764691215,19.23,4.737056112767688,12.124463519313304,3.1822738895835445,13.2,0,-0.3512790974012584,-0.9800890762229348
EWR-MHT,EWR,Newark Liberty International Airport,MHT,Manchester-Boston Regional Airport,40.6925,-74.16866,42.93452,-71.43706,752,144,11.881648936170214,0.1914893617021276,19.15,0.1908580833319579,19.09,5.096232041203578,11.881648936170214,3.118543027866198,13.2,0,-0.387407054221524,-0.9025328587409475
ROC-BWI,ROC,Greater Rochester International Airport,BWI,Baltimore-Washington International Airport,43.11887,-77.67238,39.1754,-76.6682,770,147,11.82987012987013,0.1909090909090909,19.09,0.1903575712630208,19.04,5.218216318785579,11.82987012987013,3.1049527899921605,13.19,0,-0.39815009989897887,-0.8790097691157676
ELP-LAX,ELP,El Paso International Airport,LAX,Los Angeles International Airport,31.80667,-106.37781,33.94254,-118.40807,994,184,10.11066398390342,0.1851106639839034,18.51,0.1852020904925303,18.52,6.7362428842504745,10.11066398390342,2.653717581077013,13.19,0,-0.6156869271697142,-0.4995182639314311
CAK-LGA,CAK,Akron-Canton Regional Airport,LGA,LaGuardia Airport (Marine Air Terminal),40.91631,-81.44247,40.77724,-73.87261,535,105,14.906542056074766,0.1962616822429906,19.63,0.1946631291320128,19.47,3.6256438059094607,14.906542056074766,3.9124782299408833,13.18,0,-0.04658112005148915,-1.3884716742371022
MCI-LAS,MCI,Kansas City International Airport,LAS,McCarran International Airport,39.29761,-94.71391,36.08036,-115.15233,1745,284,9.672779369627508,0.1627507163323782,16.28,0.1640168493218581,16.4,11.825698021143944,9.672779369627508,2.538787236122705,13.18,0,-0.826641951284285,0.28432067087338686
STL-BWI,STL,St. Louis International Airport at Lambert Field,BWI,Baltimore-Washington International Airport,38.74769,-90.35999,39.1754,-76.6682,1284,226,10.299065420560748,0.17601246105919,17.6,0.1767421148835463,17.67,8.701545134182705,10.299065420560748,2.703166777050065,13.18,0,-0.6607057500568196,-0.2198518843690567
TPA-LAX,TPA,Tampa International Airport,LAX,Los Angeles International Airport,27.97547,-82.53325,33.94254,-118.40807,632,124,10.5126582278481,0.1962025316455696,19.62,0.1948238893426614,19.48,4.283003523990241,10.5126582278481,2.759227881324961,13.17,0,-0.5109176338802637,-0.912115456418237
DEN-GRR,DEN,Denver International Airport,GRR,Gerald R. Ford International Airport,39.85841,-104.667,42.88082,-85.52277,776,148,11.2590206185567,0.190721649484536,19.07,0.1901953047931828,19.02,5.258877744646245,11.2590206185567,2.955123521930892,13.17,0,-0.4670600375691336,-0.8200362955019639
DAL-SAN,DAL,Dallas Love Field,SAN,San Diego International Airport (Lindbergh Field),32.84711,-96.85177,32.73356,-117.18966,778,149,10.176092544987146,0.1915167095115681,19.15,0.1909010102492347,19.09,5.272431553266467,10.176092544987146,2.6708904317551565,13.17,0,-0.57532479163505,-0.7269173020425367
TUS-SAN,TUS,Tucson International Airport,SAN,San Diego International Airport (Lindbergh Field),32.11608,-110.94103,32.73356,-117.18966,995,184,9.790954773869348,0.1849246231155779,18.49,0.1850329561633133,18.5,6.743019788560585,9.790954773869348,2.56980440259038,13.17,0,-0.6579336071597519,-0.4674516851688904
DAL-LAS,DAL,Dallas Love Field,LAS,McCarran International Airport,32.84711,-96.85177,36.08036,-115.15233,1543,260,9.38755670771225,0.1685029163966299,16.85,0.1695746116852271,16.96,10.456763350501491,9.38755670771225,2.463925645068832,13.16,0,-0.8188774529756807,0.1171885262924307
ACT-DFW,ACT,Waco Regional Airport,DFW,Dallas/Fort Worth International Airport,31.61129,-97.23052,32.89595,-97.0372,1679,273,12.340678975580705,0.1625967837998808,16.26,0.1639185424389141,16.39,11.378422336676609,12.340678975580705,3.239023353170788,13.16,0,-0.5510376220120916,-0.00600844643178568
ATL-EVV,ATL,Hartsfield-Jackson Atlanta International Airport,EVV,Evansville Regional Airport,33.64044,-84.42694,38.03799,-87.53063,1040,189,11.7375,0.1817307692307692,18.17,0.1821149885954633,18.21,7.0479804825155865,11.7375,3.080708661417323,13.15,0,-0.4810287910385777,-0.5830806229282499
LAX-SBP,LAX,Los Angeles International Airport,SBP,San Luis Obispo County Regional Airport (McChesney Field),33.94254,-118.40807,35.23706,-120.64239,1462,249,10.10875512995896,0.1703146374829001,17.03,0.1713259199736416,17.13,9.90783410138249,10.10875512995896,2.653216569543034,13.15,0,-0.7317685916112328,-0.0228888727252774
DEN-JMS,DEN,Denver International Airport,JMS,Jamestown Regional Airport,39.85841,-104.667,46.92972,-98.6782,557,110,11.535008976660682,0.1974865350089766,19.75,0.1957550791458571,19.58,3.7747357007319056,11.535008976660682,3.0275614111970297,13.15,0,-0.4039764262917335,-1.0747164848758153
MCI-PHX,MCI,Kansas City International Airport,PHX,Phoenix Sky Harbor International Airport,39.29761,-94.71391,33.43417,-112.00806,1986,309,9.099697885196374,0.1555891238670695,15.56,0.1570522948220652,15.71,13.458931959880726,9.099697885196374,2.388372148345505,13.15,0,-0.9558059561131413,0.5651874853020578
SDF-MDW,SDF,Louisville International Airport (Standiford Field),MDW,Chicago Midway International Airport,38.17439,-85.736,41.78598,-87.75242,1245,220,10.083534136546184,0.1767068273092369,17.67,0.1774060126385339,17.74,8.43724586608837,10.083534136546184,2.646596886232594,13.15,0,-0.6891744439182425,-0.2350549332024836
ATL-FWA,ATL,Hartsfield-Jackson Atlanta International Airport,FWA,Fort Wayne International Airport,33.64044,-84.42694,40.97847,-85.19515,1167,205,14.547557840616967,0.1756640959725792,17.57,0.1764886243084673,17.65,7.908647329899701,14.547557840616967,3.818256651080569,13.14,0,-0.22882458935176417,-0.6923850314673266
STL-TPA,STL,St. Louis International Airport at Lambert Field,TPA,Tampa International Airport,38.74769,-90.35999,27.97547,-82.53325,788,149,12.140862944162436,0.1890862944162436,18.91,0.1887512240977794,18.88,5.34020059636758,12.140862944162436,3.186578200567569,13.14,0,-0.39431644666624854,-0.876949624047305
BWI-MSY,BWI,Baltimore-Washington International Airport,MSY,Louis Armstrong New Orleans International Airport,39.1754,-76.6682,29.99339,-90.25803,880,165,10.407954545454546,0.1875,18.75,0.1873582520396205,18.74,5.963675792897805,10.407954545454546,2.7317465998568364,13.14,0,-0.5859027200482229,-0.6344240744070195
TPA-IAD,TPA,Tampa International Airport,IAD,Washington Dulles International Airport,27.97547,-82.53325,38.94453,-77.45581,1064,192,12.355263157894736,0.1804511278195488,18.05,0.1809373599646289,18.09,7.2106261859582546,12.355263157894736,3.2428512225445503,13.14,0,-0.4264007736108077,-0.6107613545861547
BWI-SAN,BWI,Baltimore-Washington International Airport,SAN,San Diego International Airport (Lindbergh Field),39.1754,-76.6682,32.73356,-117.18966,764,146,10.540575916230368,0.1910994764397905,19.11,0.1905220914338288,19.05,5.177554892924912,10.540575916230368,2.766555358590648,13.14,0,-0.5502920723420237,-0.7668291553243811
HNL-SFO,HNL,Honolulu International Airport,SFO,San Francisco International Airport,21.31869,-157.92241,37.619,-122.37484,2195,325,10.925740318906604,0.1480637813211845,14.81,0.1497216065354371,14.97,14.875304960693954,10.925740318906604,2.867648377665776,13.13,0,-0.8331851346924938,0.6019642330543821
IAH-JAN,IAH,George Bush Intercontinental Airport,JAN,Jackson-Evers International Airport,29.98047,-95.33972,32.31117,-90.07589,2080,317,9.389903846153846,0.1524038461538461,15.24,0.1539500399077193,15.4,14.095960965031171,9.389903846153846,2.4645416919038965,13.13,0,-0.957874713796598,0.6292630395092946
ATL-ROA,ATL,Hartsfield-Jackson Atlanta International Airport,ROA,Roanoke Regional Airport (Woodrum Field),33.64044,-84.42694,37.32547,-79.97543,1598,264,10.936170212765957,0.1652065081351689,16.52,0.1664376248520778,16.64,10.829493087557603,10.936170212765957,2.8703858826157367,13.12,0,-0.6927810549718123,0.043000321951219465
LAW-DFW,LAW,Lawton-Fort Sill Regional Airport,DFW,Dallas/Fort Worth International Airport,34.56771,-98.41664,32.89595,-97.0372,1355,230,14.518081180811809,0.1697416974169741,16.97,0.1708667264596757,17.09,9.182705340200595,14.518081180811809,3.8105199949637294,13.12,0,-0.28103268504036477,-0.49963505107660144
IAH-PNS,IAH,George Bush Intercontinental Airport,PNS,Pensacola International Airport (Pensacola Gulf Coast Regional Airport),29.98047,-95.33972,30.47331,-87.18744,1504,254,9.44215425531915,0.1688829787234042,16.89,0.1699570367823118,17.0,10.192464082407156,9.44215425531915,2.4782557100575198,13.12,0,-0.823232750513568,0.08045855543966346
MSP-OMA,MSP,Minneapolis-Saint Paul International Airport,OMA,Eppley Airfield,44.88055,-93.21692,41.30252,-95.89417,1386,238,10.333333333333334,0.1717171717171717,17.17,0.1726857920584308,17.27,9.392789373814042,10.333333333333334,2.7121609798775155,13.12,0,-0.709069903031139,-0.11083495148450327
ORD-JAX,ORD,Chicago O'Hare International Airport,JAX,Jacksonville International Airport,41.9796,-87.90446,30.49406,-81.68786,541,106,13.733826247689464,0.1959334565619223,19.59,0.1944010717610423,19.44,3.666305231770128,13.733826247689464,3.604678805167839,13.12,0,-0.19144594869364895,-1.273060016761255
SEA-CLT,SEA,Seattle-Tacoma International Airport,CLT,Charlotte Douglas International Airport,47.44898,-122.30931,35.21401,-80.94313,888,166,10.06981981981982,0.1869369369369369,18.69,0.1868533269218908,18.69,6.017891027378694,10.06981981981982,2.642997328036698,13.11,0,-0.635491419372779,-0.5920525690838745
IAH-GPT,IAH,George Bush Intercontinental Airport,GPT,Gulfport-Biloxi International Airport,29.98047,-95.33972,30.40728,-89.07009,1330,230,10.626315789473685,0.1729323308270676,17.29,0.1738539069921875,17.39,9.013282732447818,10.626315789473685,2.7890592623290518,13.11,0,-0.6732100428725647,-0.18913557577566156
ATL-XNA,ATL,Hartsfield-Jackson Atlanta International Airport,XNA,Northwest Arkansas Regional Airport,33.64044,-84.42694,36.28187,-94.30681,1726,280,9.655272305909618,0.1622247972190034,16.22,0.1635329063520417,16.35,11.69693683925183,9.655272305909618,2.53419220627549,13.11,0,-0.8544613556448208,0.27685321918846784
BMI-ATL,BMI,Central Illinois Regional Airport at Bloomington-Normal,ATL,Hartsfield-Jackson Atlanta International Airport,40.47799,-88.91595,33.64044,-84.42694,945,171,15.688888888888888,0.1809523809523809,18.1,0.1814460162668212,18.14,6.404174573055029,15.688888888888888,4.117818606007583,13.1,0,-0.08541325513026278,-1.0089459024106737
BRO-DFW,BRO,Brownsville/South Padre Island International Airport,DFW,Dallas/Fort Worth International Airport,25.90683,-97.42586,32.89595,-97.0372,1091,193,15.077910174152152,0.1769019248395967,17.69,0.1776751360191672,17.77,7.393602602331255,15.077910174152152,3.957456738622613,13.1,0,-0.1772215326917911,-0.8080593315162191
SAT-HOU,SAT,San Antonio International Airport,HOU,William P. Hobby Airport,29.53369,-98.46978,29.64542,-95.27889,1390,239,9.49568345323741,0.1719424460431654,17.19,0.1728933469790793,17.29,9.419896991054486,9.49568345323741,2.492305368303782,13.1,0,-0.8014090990314146,-0.03319674507701075
AUS-PHX,AUS,Austin-Bergstrom International Airport,PHX,Phoenix Sky Harbor International Airport,30.19453,-97.66987,33.43417,-112.00806,1709,277,9.851375073142188,0.1620830895260386,16.21,0.1634113250408116,16.34,11.58172946597994,9.851375073142188,2.585662748856217,13.09,0,-0.8424620411378396,0.24780125767118028
DEN-CMH,DEN,Denver International Airport,CMH,Port Columbus International Airport,39.85841,-104.667,39.99799,-82.89188,748,141,13.372994652406415,0.1885026737967914,18.85,0.1882206214608822,18.82,5.0691244239631335,13.372994652406415,3.5099723497129705,13.09,0,-0.28633561173682726,-1.013752306071853
SEA-EWR,SEA,Seattle-Tacoma International Airport,EWR,Newark Liberty International Airport,47.44898,-122.30931,40.6925,-74.16866,1616,266,9.748762376237623,0.1646039603960396,16.46,0.1658572768058439,16.59,10.951477365139604,9.748762376237623,2.5587302824770664,13.08,0,-0.8374844413950902,0.16957803038021643
SMF-DFW,SMF,Sacramento International Airport,DFW,Dallas/Fort Worth International Airport,38.69542,-121.59077,32.89595,-97.0372,1411,233,17.825655563430193,0.1651311126860382,16.51,0.1665195810713621,16.65,9.56221198156682,17.825655563430193,4.678649754181153,13.08,0,0.021708243448291798,-0.7219914000262428
BOI-LAX,BOI,Boise Airport (Boise Air Terminal),LAX,Los Angeles International Airport,43.56444,-116.22278,33.94254,-118.40807,740,140,12.781081081081082,0.1891891891891892,18.92,0.1888227226176525,18.88,5.014909189482244,12.781081081081082,3.3546144569766616,13.08,0,-0.34556004332102164,-0.97245652410609
FAY-ATL,FAY,Fayetteville Regional Airport,ATL,Hartsfield-Jackson Atlanta International Airport,34.99147,-78.88,33.64044,-84.42694,1762,279,12.699205448354142,0.1583427922814983,15.83,0.1598340961325607,15.98,11.94090539441583,12.699205448354142,3.3331247895942635,13.07,0,-0.5767313313634354,0.055579338938803804
CLE-BOS,CLE,Cleveland Hopkins International Airport,BOS,Gen. Edward Lawrence Logan International Airport,41.41089,-81.8494,42.36435,-71.00518,1993,305,10.467636728549923,0.1530356246864024,15.3,0.1546159039650397,15.46,13.506370290051503,10.467636728549923,2.7474112148425,13.06,0,-0.8602740983847703,0.4651106651138155
CLE-DEN,CLE,Cleveland Hopkins International Airport,DEN,Denver International Airport,41.41089,-81.8494,39.85841,-104.667,1353,225,17.94161123429416,0.1662971175166297,16.63,0.1676607618711824,16.77,9.169151531580374,17.94161123429416,4.709084313463034,13.06,0,0.03588956700367764,-0.7849983793216235
BDL-FLL,BDL,Bradley International Airport,FLL,Fort Lauderdale-Hollywood International Airport,41.93887,-72.68323,26.07258,-80.15275,996,181,11.078313253012048,0.1817269076305221,18.17,0.182126904196011,18.21,6.749796692870697,11.078313253012048,2.907693767194764,13.05,0,-0.5840736156266751,-0.5553950401976608
AUS-BWI,AUS,Austin-Bergstrom International Airport,BWI,Baltimore-Washington International Airport,30.19453,-97.66987,39.1754,-76.6682,689,132,10.984034833091435,0.1915820029027576,19.16,0.1908885766778557,19.09,4.669287069666576,10.984034833091435,2.882948775089616,13.05,0,-0.5302150116093949,-0.8689603926158754
RST-ORD,RST,Rochester International Airport,ORD,Chicago O'Hare International Airport,43.90883,-92.49799,41.9796,-87.90446,1376,232,13.387354651162791,0.1686046511627907,16.86,0.1697907093487995,16.98,9.32502033071293,13.387354651162791,3.5137413782579507,13.05,0,-0.432383335969054,-0.37092469554862695
LEX-DFW,LEX,Blue Grass Airport,DFW,Dallas/Fort Worth International Airport,38.03697,-84.60539,32.89595,-97.0372,748,139,15.914438502673796,0.1858288770053476,18.58,0.1858621308948445,18.59,5.0691244239631335,15.914438502673796,4.1770179797044085,13.05,0,-0.04922470933730303,-1.2215904361423582
FWA-DTW,FWA,Fort Wayne International Airport,DTW,Detroit Metropolitan Airport,40.97847,-85.19515,42.21206,-83.34884,1044,186,13.617816091954024,0.1781609195402299,17.82,0.1788558452786959,17.89,7.075088099756031,13.617816091954024,3.5742299453947566,13.04,0,-0.34342344127690766,-0.7206242656190457
ABQ-ORD,ABQ,Albuquerque International Sunport,ORD,Chicago O'Hare International Airport,35.04022,-106.60919,41.9796,-87.90446,618,117,16.68284789644013,0.1893203883495145,18.93,0.1888733802212091,18.89,4.1881268636486855,16.68284789644013,4.378700235286123,13.04,0,0.050145279237904725,-1.4224192399319087
IAH-VPS,IAH,George Bush Intercontinental Airport,VPS,Destin-Fort Walton Beach Airport/Eglin AFB,29.98047,-95.33972,30.48325,-86.5254,937,172,10.404482390608324,0.183564567769477,18.36,0.183810112824328,18.38,6.349959338574139,10.404482390608324,2.7308352731255443,13.03,0,-0.6502409005755584,-0.5547874483738126
TPA-BUF,TPA,Tampa International Airport,BUF,Buffalo Niagara International Airport,27.97547,-82.53325,42.94052,-78.73217,586,113,13.226962457337883,0.1928327645051194,19.28,0.1918528964997495,19.19,3.971265925725129,13.226962457337883,3.471643689589996,13.03,0,-0.2953346298948523,-1.163361730416739
PDX-SEA,PDX,Portland International Airport,SEA,Seattle-Tacoma International Airport,45.58872,-122.5975,47.44898,-122.30931,2004,306,9.64121756487026,0.1526946107784431,15.27,0.154282836026059,15.43,13.580916237462723,9.64121756487026,2.5305032978662103,13.03,0,-0.9604465859162935,0.5508155481478144
CLE-PHX,CLE,Cleveland Hopkins International Airport,PHX,Phoenix Sky Harbor International Airport,41.41089,-81.8494,33.43417,-112.00806,783,147,11.136653895274584,0.1877394636015325,18.77,0.1875550249137351,18.76,5.306316074817024,11.136653895274584,2.9230062717256127,13.02,0,-0.5494852239001253,-0.7758306251254691
LEX-ORD,LEX,Blue Grass Airport,ORD,Chicago O'Hare International Airport,38.03697,-84.60539,41.9796,-87.90446,2127,313,11.9158439116126,0.1471556182416549,14.72,0.1489048437354414,14.89,14.414475467606398,11.9158439116126,3.127518087037428,13.01,0,-0.7746452836232703,0.4710018889912678
JFK-LGB,JFK,John F. Kennedy International Airport (New York International Airport),LGB,Long Beach Airport (Daugherty Field),40.63975,-73.77893,33.81772,-118.15161,648,124,11.88425925925926,0.191358024691358,19.14,0.1906565334208932,19.07,4.391433992952019,11.88425925925926,3.119228152036551,13.01,0,-0.45172896409834307,-0.9802262979240581
DTW-IND,DTW,Detroit Metropolitan Airport,IND,Indianapolis International Airport,42.21206,-83.34884,39.71733,-86.29438,884,162,12.845022624434389,0.1832579185520362,18.33,0.1835478526410855,18.35,5.990783410138248,12.845022624434389,3.371397014287241,13.01,0,-0.40001541836215043,-0.8152074909358954
DAL-OAK,DAL,Dallas Love Field,OAK,Oakland International Airport,32.84711,-96.85177,37.72129,-122.22072,647,124,11.51468315301391,0.1916537867078825,19.17,0.1909117630506401,19.09,4.384657088641909,11.51468315301391,3.022226549347484,13.0,0,-0.49065033818401904,-0.9499458408143989
LAX-PSP,LAX,Los Angeles International Airport,PSP,Palm Springs International Airport,33.94254,-118.40807,33.82922,-116.50625,748,142,9.409090909090908,0.1898395721925133,18.98,0.1893998667439011,18.94,5.0691244239631335,9.409090909090908,2.46957766642806,13.0,0,-0.7245358600422767,-0.6634307108806619
RAP-DEN,RAP,Rapid City Regional Airport,DEN,Denver International Airport,44.04532,-103.05737,39.85841,-104.667,574,111,12.207317073170731,0.1933797909407665,19.34,0.1923013160220002,19.23,3.8899430740037952,12.207317073170731,3.2040202291786697,12.99,0,-0.4113553640024814,-1.0844986711010267
ONT-SJC,ONT,Ontario International Airport,SJC,Norman Y. Mineta San José International Airport,34.056,-117.60119,37.36186,-121.92901,1434,242,9.03207810320781,0.1687587168758716,16.88,0.1698898872221826,16.99,9.718080780699378,9.03207810320781,2.370624174070292,12.98,0,-0.9132153026901955,0.0682443818767107
STL-RSW,STL,St. Louis International Airport at Lambert Field,RSW,Southwest Florida International Airport,38.74769,-90.35999,26.53617,-81.75517,570,110,12.66140350877193,0.1929824561403508,19.3,0.1919568462669076,19.2,3.862835456763351,12.66140350877193,3.323203020675048,12.98,0,-0.36893014980940864,-1.1256292878101184
PSP-DEN,PSP,Palm Springs International Airport,DEN,Denver International Airport,33.82922,-116.50625,39.85841,-104.667,1030,183,13.148543689320388,0.1776699029126213,17.77,0.1784168911494054,17.84,6.980211439414476,13.148543689320388,3.4510613357796296,12.97,0,-0.4198842945553255,-0.6831391279467494
OKC-HOU,OKC,Will Rogers World Airport,HOU,William P. Hobby Airport,35.39309,-97.60073,29.64542,-95.27889,1320,226,10.070454545454544,0.1712121212121212,17.12,0.1722613288724142,17.23,8.945513689346708,10.070454545454544,2.643163922691482,12.97,0,-0.7891319307217856,-0.13089188741413002
SUX-ORD,SUX,Sioux Gateway Airport,ORD,Chicago O'Hare International Airport,42.4026,-96.38437,41.9796,-87.90446,646,121,15.922600619195046,0.1873065015479876,18.73,0.1871462292209492,18.71,4.377880184331797,15.922600619195046,4.179160267505262,12.95,0,-0.07250860618902148,-1.3124701641545853
GRR-DEN,GRR,Gerald R. Ford International Airport,DEN,Denver International Airport,42.88082,-85.52277,39.85841,-104.667,842,154,13.507125890736342,0.1828978622327791,18.29,0.1832389458586286,18.32,5.706153429113581,13.507125890736342,3.545177399143397,12.95,0,-0.3538691651449867,-0.903502998146338
LAS-MKE,LAS,McCarran International Airport,MKE,General Mitchell International Airport,36.08036,-115.15233,42.94722,-87.89658,1187,206,11.795282224094356,0.1735467565290648,17.35,0.1745229891210785,17.45,8.044185416101925,11.795282224094356,3.095874599499831,12.95,0,-0.5984105674465691,-0.40597591098185143
CLE-BWI,CLE,Cleveland Hopkins International Airport,BWI,Baltimore-Washington International Airport,41.41089,-81.8494,39.1754,-76.6682,1274,220,9.468602825745682,0.1726844583987441,17.27,0.1736616353703261,17.37,8.633776091081593,9.468602825745682,2.485197592059234,12.95,0,-0.8479675681505267,-0.12256180997598737
ATL-LFT,ATL,Hartsfield-Jackson Atlanta International Airport,LFT,Lafayette Regional Airport,33.64044,-84.42694,30.20528,-91.98766,1303,223,10.130468150422104,0.1711435149654643,17.11,0.172210325729742,17.22,8.830306316074816,10.130468150422104,2.6589155250451717,12.94,0,-0.7938107778063832,-0.1476736428115246
ONT-DEN,ONT,Ontario International Airport,DEN,Denver International Airport,34.056,-117.60119,39.85841,-104.667,1270,218,10.470866141732284,0.1716535433070866,17.17,0.1727088226268818,17.27,8.606668473841149,10.470866141732284,2.748258829850993,12.93,0,-0.7572791367558352,-0.20789998244705848
RDU-PHL,RDU,Raleigh-Durham International Airport,PHL,Philadelphia International Airport,35.87764,-78.78747,39.87195,-75.24114,927,169,10.21143473570658,0.1823085221143473,18.23,0.1826787604662396,18.27,6.282190295473028,10.21143473570658,2.680166597298315,12.93,0,-0.7107864134155745,-0.5332869070749666
AUS-MDW,AUS,Austin-Bergstrom International Airport,MDW,Chicago Midway International Airport,30.19453,-97.66987,41.78598,-87.75242,943,171,10.745493107104984,0.1813361611876988,18.13,0.181793947266374,18.18,6.390620764434807,10.745493107104984,2.8203393981902845,12.93,0,-0.6623556340736655,-0.5608562011011747
MAF-IAH,MAF,Midland International Airport,IAH,George Bush Intercontinental Airport,31.94253,-102.20191,29.98047,-95.33972,2159,314,11.096804075961094,0.1454377026401111,14.54,0.1472381969892997,14.72,14.631336405529954,11.096804075961094,2.912547001564592,12.93,0,-0.9027203895287667,0.5818352147282535
FSM-DFW,FSM,Fort Smith Regional Airport,DFW,Dallas/Fort Worth International Airport,35.33659,-94.36744,32.89595,-97.0372,1355,227,12.517343173431737,0.1675276752767527,16.75,0.1688048707895726,16.88,9.182705340200595,12.517343173431737,3.285391909037201,12.92,0,-0.5749143071896615,-0.296984656740814
SAN-ABQ,SAN,San Diego International Airport (Lindbergh Field),ABQ,Albuquerque International Sunport,32.73356,-117.18966,35.04022,-106.60919,667,127,10.250374812593703,0.1904047976011994,19.04,0.1898449634926051,18.98,4.520195174844131,10.250374812593703,2.690387089919607,12.92,0,-0.6592102614338083,-0.8067696516262268
DAL-ICT,DAL,Dallas Love Field,ICT,Wichita Dwight D. Eisenhower National Airport (Wichita Mid-Continent Airport),32.84711,-96.85177,37.64996,-97.43305,641,123,9.377535101404057,0.1918876755070203,19.19,0.1911080796205508,19.11,4.343995662781241,9.377535101404057,2.461295302205789,12.92,0,-0.7419345785623436,-0.7606985689401401
SBN-ATL,SBN,South Bend International Airport (South Bend Regional),ATL,Hartsfield-Jackson Atlanta International Airport,41.70895,-86.31847,33.64044,-84.42694,1202,205,14.732113144758737,0.170549084858569,17.05,0.1717443064507128,17.17,8.145838980753592,14.732113144758737,3.866696363453736,12.92,0,-0.3188402425632198,-0.637324222551859
DFW-PIT,DFW,Dallas/Fort Worth International Airport,PIT,Pittsburgh International Airport,32.89595,-97.0372,40.49147,-80.23287,1518,249,10.706192358366271,0.1640316205533596,16.4,0.1653962218781385,16.54,10.287340742748713,10.706192358366271,2.8100242410410163,12.92,0,-0.7924479436542765,0.016456778484744236
SBN-DTW,SBN,South Bend International Airport (South Bend Regional),DTW,Detroit Metropolitan Airport,41.70895,-86.31847,42.21206,-83.34884,1410,233,13.270212765957448,0.1652482269503546,16.52,0.1666298589396213,16.66,9.555435077256709,13.270212765957448,3.482995476629251,12.91,0,-0.5154839123195348,-0.30624931685674955
DEN-OAK,DEN,Denver International Airport,OAK,Oakland International Airport,39.85841,-104.667,37.72129,-122.22072,1346,228,9.86552748885587,0.1693907875185735,16.94,0.1705470864445561,17.05,9.121713201409596,9.86552748885587,2.5893772936629578,12.9,0,-0.846966866990453,-0.07701018322850461
EWR-SAN,EWR,Newark Liberty International Airport,SAN,San Diego International Airport (Lindbergh Field),40.6925,-74.16866,32.73356,-117.18966,1055,187,10.755450236966825,0.1772511848341232,17.73,0.1780182571418425,17.8,7.149634047167254,10.755450236966825,2.8229528181015286,12.89,0,-0.7005542988356929,-0.4420325176336446
BOS-MKE,BOS,Gen. Edward Lawrence Logan International Airport,MKE,General Mitchell International Airport,42.36435,-71.00518,42.94722,-87.89658,641,121,12.68798751950078,0.188767550702028,18.88,0.1884090242899165,18.84,4.343995662781241,12.68798751950078,3.3301804513125406,12.89,0,-0.42335976855536195,-1.0343763343500187
BNA-MCI,BNA,Nashville International Airport,MCI,Kansas City International Airport,36.12448,-86.67818,39.29761,-94.71391,1176,205,9.818027210884354,0.1743197278911564,17.43,0.1752437985884233,17.52,7.969639468690702,9.818027210884354,2.576910029103505,12.89,0,-0.8199856306596881,-0.2401867911035863
MCO-MCI,MCO,Orlando International Airport,MCI,Kansas City International Airport,28.42889,-81.31603,39.29761,-94.71391,962,173,10.891891891891891,0.1798336798336798,17.98,0.1804247523529455,18.04,6.519381946326917,10.891891891891891,2.8587642760871104,12.88,0,-0.6725811838664901,-0.5464140215376678
SLC-MCO,SLC,Salt Lake City International Airport,MCO,Orlando International Airport,40.78839,-111.97777,28.42889,-81.31603,1352,229,9.005917159763314,0.169378698224852,16.94,0.1705310516520854,17.05,9.162374627270262,9.005917159763314,2.363757784714781,12.88,0,-0.9451152435668956,0.006167118445647053
ISN-DEN,ISN,Sloulin Field International Airport,DEN,Denver International Airport,48.17794,-103.64235,39.85841,-104.667,1247,210,14.878909382518044,0.1684041700080192,16.84,0.169718698588588,16.97,8.450799674708593,14.878909382518044,3.9052255597160217,12.88,0,-0.33110759543760143,-0.5995332816797074
AUS-JFK,AUS,Austin-Bergstrom International Airport,JFK,John F. Kennedy International Airport (New York International Airport),30.19453,-97.66987,40.63975,-73.77893,1698,265,13.588928150765607,0.1560659599528857,15.61,0.1577369783085807,15.77,11.507183518568716,13.588928150765607,3.5666478085998965,12.87,0,-0.5642717205386905,-0.05322445598135578
IAH-MOB,IAH,George Bush Intercontinental Airport,MOB,Mobile Regional Airport,29.98047,-95.33972,30.69142,-88.24283,1614,260,9.625774473358115,0.161090458488228,16.11,0.1625502257869475,16.26,10.93792355651938,9.625774473358115,2.52644999300738,12.87,0,-0.9450641485783113,0.20833723791738698
IAH-OKC,IAH,George Bush Intercontinental Airport,OKC,Will Rogers World Airport,29.98047,-95.33972,35.39309,-97.60073,1088,191,11.276654411764708,0.1755514705882352,17.56,0.1764403089215725,17.64,7.373271889400922,11.276654411764708,2.959751814111472,12.87,0,-0.6636513722239296,-0.4499861737741414
CLT-AUS,CLT,Charlotte Douglas International Airport,AUS,Austin-Bergstrom International Airport,35.21401,-80.94313,30.19453,-97.66987,504,98,10.944444444444445,0.1944444444444444,19.44,0.1930647135742187,19.31,3.415559772296015,10.944444444444445,2.872557596967046,12.87,0,-0.57904027468972,-1.0314153230612355
ATL-FAY,ATL,Hartsfield-Jackson Atlanta International Airport,FAY,Fayetteville Regional Airport,33.64044,-84.42694,34.99147,-78.88,1767,276,10.242784380305602,0.1561969439728353,15.62,0.1577991896083707,15.78,11.974789915966388,10.242784380305602,2.6883948504739115,12.86,0,-0.9210185030074249,0.3009051109545586
DEN-MSO,DEN,Denver International Airport,MSO,Missoula International Airport,39.85841,-104.667,46.91631,-114.09056,609,116,11.049261083743842,0.1904761904761904,19.05,0.1898604894200679,18.99,4.127134724857686,11.049261083743842,2.900068525917019,12.86,0,-0.5953053253250813,-0.9247768169788684
MCO-BNA,MCO,Orlando International Airport,BNA,Nashville International Airport,28.42889,-81.31603,36.12448,-86.67818,1482,243,10.338056680161944,0.1639676113360323,16.4,0.1653673116301063,16.54,10.04337218758471,10.338056680161944,2.713400703454578,12.84,0,-0.8564506893174105,0.02406548007863918
ABY-ATL,ABY,Southwest Georgia Regional Airport,ATL,Hartsfield-Jackson Atlanta International Airport,31.53552,-84.19447,33.64044,-84.42694,952,169,13.512605042016808,0.1775210084033613,17.75,0.1783375351699887,17.83,6.451612903225806,13.512605042016808,3.546615496592337,12.84,0,-0.42493185404650163,-0.7726488249762151
HNL-SJC,HNL,Honolulu International Airport,SJC,Norman Y. Mineta San José International Airport,21.31869,-157.92241,37.36186,-121.92901,603,115,10.154228855721392,0.1907131011608623,19.07,0.1900584452330414,19.01,4.086473298997018,10.154228855721392,2.665151930635536,12.83,0,-0.6992340515719248,-0.8492150498060409
LGB-SMF,LGB,Long Beach Airport (Daugherty Field),SMF,Sacramento International Airport,33.81772,-118.15161,38.69542,-121.59077,716,134,10.18435754189944,0.1871508379888268,18.72,0.1870233909299364,18.7,4.852263486039577,10.18435754189944,2.673059722283318,12.83,0,-0.7159480277762654,-0.7338087935462816
MSY-DCA,MSY,Louis Armstrong New Orleans International Airport,DCA,Ronald Reagan Washington National Airport,29.99339,-90.25803,38.85208,-77.03772,829,151,11.986731001206271,0.1821471652593486,18.21,0.1825738288469624,18.26,5.618053673082136,11.986731001206271,3.146123622363852,12.83,0,-0.5593279618718153,-0.7670862990299635
TPA-ISP,TPA,Tampa International Airport,ISP,Long Island MacArthur Airport,27.97547,-82.53325,40.79524,-73.10021,508,98,11.655511811023622,0.1929133858267716,19.29,0.1917945509849147,19.18,3.44266738953646,11.655511811023622,3.059189451712237,12.83,0,-0.5275464858282765,-1.0788704863653222
SAT-DEN,SAT,San Antonio International Airport,DEN,Denver International Airport,29.53369,-98.46978,39.85841,-104.667,1834,281,10.913304252998907,0.1532170119956379,15.32,0.1549178319538925,15.49,12.428842504743832,10.913304252998907,2.864384318372417,12.83,0,-0.8851510743278995,0.3111668560120262
MCO-SLC,MCO,Orlando International Airport,SLC,Salt Lake City International Airport,28.42889,-81.31603,40.78839,-111.97777,1352,227,9.659763313609467,0.1678994082840236,16.79,0.1691536411837659,16.92,9.162374627270262,9.659763313609467,2.535370948453928,12.82,0,-0.9053577258865526,-0.0414166478252161
CHS-BWI,CHS,Charleston International Airport/Charleston AFB,BWI,Baltimore-Washington International Airport,32.89865,-80.04051,39.1754,-76.6682,1092,191,10.791208791208792,0.1749084249084249,17.49,0.1758482273480102,17.58,7.400379506641366,10.791208791208792,2.832338265409132,12.82,0,-0.7359676081225289,-0.39646903230045244
SEA-KOA,SEA,Seattle-Tacoma International Airport,KOA,Kona International Airport at Keahole,47.44898,-122.30931,19.73877,-156.04563,629,120,8.888712241653419,0.1907790143084261,19.08,0.190138665293317,19.01,4.262672811059908,8.888712241653419,2.3329953390166454,12.82,0,-0.8338092837223263,-0.7144285108012275
MKE-DFW,MKE,General Mitchell International Airport,DFW,Dallas/Fort Worth International Airport,42.94722,-87.89658,32.89595,-97.0372,1077,185,15.53481894150418,0.1717734447539461,17.18,0.1729915777390213,17.3,7.298725941989699,15.53481894150418,4.0773802996073965,12.82,0,-0.2584981278718966,-0.8137986162912885
ORD-SJU,ORD,Chicago O'Hare International Airport,SJU,Luis Muñoz Marín International Airport,41.9796,-87.90446,18.43942,-66.00183,1105,192,11.218099547511311,0.1737556561085972,17.38,0.1747809850612681,17.48,7.48847926267281,11.218099547511311,2.944383083336302,12.8,0,-0.7055235889662194,-0.4162376086994016
MDW-RSW,MDW,Chicago Midway International Airport,RSW,Southwest Florida International Airport,41.78598,-87.75242,26.53617,-81.75517,1224,209,10.370915032679738,0.1707516339869281,17.08,0.1719116971290242,17.19,8.294930875576037,10.370915032679738,2.7220249429605614,12.8,0,-0.817061904733472,-0.22441692188579307
IAH-PIT,IAH,George Bush Intercontinental Airport,PIT,Pittsburgh International Airport,29.98047,-95.33972,40.49147,-80.23287,845,153,11.966863905325445,0.1810650887573964,18.11,0.1815990338611938,18.16,5.7264841420439145,11.966863905325445,3.140909161502741,12.8,0,-0.5784733062194516,-0.7435699665626437
IAH-SJC,IAH,George Bush Intercontinental Airport,SJC,Norman Y. Mineta San José International Airport,29.98047,-95.33972,37.36186,-121.92901,513,98,13.124756335282653,0.1910331384015594,19.1,0.1902301582362612,19.02,3.476551911087016,13.124756335282653,3.444817935769725,12.8,0,-0.39469950652793917,-1.191463657772934
IAH-ICT,IAH,George Bush Intercontinental Airport,ICT,Wichita Dwight D. Eisenhower National Airport (Wichita Mid-Continent Airport),29.98047,-95.33972,37.64996,-97.43305,1098,192,9.766848816029144,0.174863387978142,17.49,0.1758022429038632,17.58,7.441040932502033,9.766848816029144,2.5634773795352084,12.79,0,-0.8540580902192783,-0.2983510394963665
OMA-DFW,OMA,Eppley Airfield,DFW,Dallas/Fort Worth International Airport,41.30252,-95.89417,32.89595,-97.0372,1432,233,13.095670391061452,0.1627094972067039,16.27,0.1642370019574596,16.42,9.704526972079154,13.095670391061452,3.4371838296749218,12.79,0,-0.590427214944052,-0.2531357875641216
MSN-DEN,MSN,Dane County Regional Airport,DEN,Denver International Airport,43.13986,-89.33751,39.85841,-104.667,788,143,13.652284263959393,0.1814720812182741,18.15,0.1819944673410226,18.2,5.34020059636758,13.652284263959393,3.5832767097006277,12.79,0,-0.4009769756428327,-0.9442590875561253
ELP-DFW,ELP,El Paso International Airport,DFW,Dallas/Fort Worth International Airport,31.80667,-106.37781,32.89595,-97.0372,1454,236,12.740027510316368,0.1623108665749656,16.23,0.1638423983261442,16.38,9.853618866901598,12.740027510316368,3.3438392415528524,12.79,0,-0.6312259101752308,-0.20130641276214076
MSY-MCO,MSY,Louis Armstrong New Orleans International Airport,MCO,Orlando International Airport,29.99339,-90.25803,28.42889,-81.31603,1225,208,11.204897959183674,0.1697959183673469,16.98,0.1710272354708137,17.1,8.301707779886149,11.204897959183674,2.940918099523274,12.78,0,-0.7426467290513511,-0.2912719002389681
SFO-SBP,SFO,San Francisco International Airport,SBP,San Luis Obispo County Regional Airport (McChesney Field),37.619,-122.37484,35.23706,-120.64239,1109,192,11.110009017132551,0.1731289449954914,17.31,0.1742027187748785,17.42,7.515586879913255,11.110009017132551,2.916012865389121,12.77,0,-0.7325056485578869,-0.3970608876512969
DEN-FLL,DEN,Denver International Airport,FLL,Fort Lauderdale-Hollywood International Airport,39.85841,-104.667,26.07258,-80.15275,1272,215,10.1375786163522,0.1690251572327044,16.9,0.1702704715734899,17.03,8.620222282461372,10.1375786163522,2.6607817890688192,12.77,0,-0.8634174679573597,-0.1528368619597917
AUS-EWR,AUS,Austin-Bergstrom International Airport,EWR,Newark Liberty International Airport,30.19453,-97.66987,40.6925,-74.16866,1033,180,12.649564375605031,0.1742497579864472,17.42,0.175296634597377,17.53,7.000542152344809,12.649564375605031,3.320095636641741,12.77,0,-0.5630750774422818,-0.6037778394752439
MDW-BHM,MDW,Chicago Midway International Airport,BHM,Birmingham-Shuttlesworth International Airport,41.78598,-87.75242,33.56294,-86.75355,681,127,10.953010279001468,0.1864904552129221,18.65,0.1864418527513804,18.64,4.615071835185687,10.953010279001468,2.874805847506947,12.77,0,-0.6608617445159858,-0.8236818541383057
GCK-DFW,GCK,Garden City Regional Airport,DFW,Dallas/Fort Worth International Airport,37.92752,-100.72441,32.89595,-97.0372,697,128,13.948350071736012,0.1836441893830703,18.36,0.1839536850675384,18.4,4.723502304147465,13.948350071736012,3.660984270796853,12.77,0,-0.3640517581040006,-1.0592581656621256
BZN-DEN,BZN,Bozeman Yellowstone International Airport (Gallatin Field Airport),DEN,Denver International Airport,45.7769,-111.15301,39.85841,-104.667,950,168,12.463157894736842,0.1768421052631578,17.68,0.1777248447607887,17.77,6.438059094605585,12.463157894736842,3.2711700511120325,12.76,0,-0.5671245531179544,-0.6717123063143731
MHK-ORD,MHK,Manhattan Regional Airport,ORD,Chicago O'Hare International Airport,39.14097,-96.67083,41.9796,-87.90446,678,125,13.684365781710914,0.1843657817109144,18.44,0.1845900861167456,18.46,4.594741122255354,13.684365781710914,3.591697055567169,12.76,0,-0.38910487042583025,-1.0565740669515287
ATL-PIA,ATL,Hartsfield-Jackson Atlanta International Airport,PIA,General Wayne A. Downing Peoria International Airport,33.64044,-84.42694,40.66424,-89.69331,974,173,10.1129363449692,0.177618069815195,17.76,0.1784088333322422,17.84,6.600704798048252,10.1129363449692,2.654314001304252,12.75,0,-0.8128047329512865,-0.44610437173169604
MFE-IAH,MFE,McAllen-Miller International Airport (McAllen Miller International),IAH,George Bush Intercontinental Airport,26.17583,-98.23861,29.98047,-95.33972,2007,294,11.299451918286,0.1464872944693572,14.65,0.1483678628376023,14.84,13.601246950393062,11.299451918286,2.965735411623622,12.75,0,-0.927413547661557,0.44931172681500753
ATL-CHO,ATL,Hartsfield-Jackson Atlanta International Airport,CHO,Charlottesville-Albemarle Airport,33.64044,-84.42694,38.13864,-78.45286,1009,176,12.96729435084242,0.174430128840436,17.44,0.1754833967527756,17.55,6.837896448902142,12.96729435084242,3.403489330929769,12.75,0,-0.5340303319483142,-0.652512963381565
IAH-PDX,IAH,George Bush Intercontinental Airport,PDX,Portland International Airport,29.98047,-95.33972,45.58872,-122.5975,821,149,11.143727161997564,0.1814859926918392,18.15,0.1819881509216375,18.2,5.563838438601247,11.143727161997564,2.924862772177838,12.75,0,-0.6792471662475957,-0.6899353117802356
DFW-BDL,DFW,Dallas/Fort Worth International Airport,BDL,Bradley International Airport,32.89595,-97.0372,41.93887,-72.68323,677,126,11.144756277695716,0.1861152141802068,18.61,0.1861146550821469,18.61,4.587964217945243,11.144756277695716,2.925132881284965,12.75,0,-0.6494925748532383,-0.8407786064960898
SFO-MRY,SFO,San Francisco International Airport,MRY,Monterey Regional Airport (Monterey Peninsula Airport),37.619,-122.37484,36.58698,-121.84295,807,146,12.138785625774473,0.1809169764560099,18.09,0.1814896218289174,18.15,5.468961778259691,12.138785625774473,3.1860329726442185,12.74,0,-0.5827356682589946,-0.7857829429761077
RSW-DTW,RSW,Southwest Florida International Airport,DTW,Detroit Metropolitan Airport,26.53617,-81.75517,42.21206,-83.34884,1693,263,10.710572947430595,0.1553455404607206,15.53,0.157061398214628,15.71,11.473298997018162,10.710572947430595,2.811174001950288,12.72,0,-0.9254741578203318,0.21318495225317877
SPS-DFW,SPS,Wichita Falls Municipal Airport/Sheppard AFB,DFW,Dallas/Fort Worth International Airport,33.9888,-98.49189,32.89595,-97.0372,1287,213,13.176379176379177,0.1655011655011655,16.55,0.166987085074858,16.7,8.72187584711304,13.176379176379177,3.458367237894797,12.72,0,-0.5848023611204538,-0.38928084482368513
DFW-TXK,DFW,Dallas/Fort Worth International Airport,TXK,Texarkana Regional Airport (Webb Field),32.89595,-97.0372,33.45371,-93.99102,998,176,10.0250501002004,0.1763527054108216,17.64,0.1772414271391877,17.72,6.76335050149092,10.0250501002004,2.631246745459423,12.72,0,-0.8408980564968842,-0.4088553514712462
DCA-PBI,DCA,Ronald Reagan Washington National Airport,PBI,Palm Beach International Airport,38.85208,-77.03772,26.68316,-80.09559,1048,183,10.46087786259542,0.174618320610687,17.46,0.1756194137620454,17.56,7.1021957169964764,10.46087786259542,2.745637234277013,12.72,0,-0.8060774562550072,-0.3960753370787617
MSY-MDW,MSY,Louis Armstrong New Orleans International Airport,MDW,Chicago Midway International Airport,29.99339,-90.25803,41.78598,-87.75242,933,166,10.520900321543408,0.1779206859592711,17.79,0.1787135401731153,17.87,6.322851721333694,10.520900321543408,2.761391160510081,12.72,0,-0.77899089343959,-0.5163187670095939
CLE-TPA,CLE,Cleveland Hopkins International Airport,TPA,Tampa International Airport,41.41089,-81.8494,27.97547,-82.53325,578,105,20.226643598615915,0.1816608996539792,18.17,0.1823172374613984,18.23,3.9170506912442393,20.226643598615915,5.3088303408440725,12.71,0,0.2658893373164466,-1.7046782978552137
SDF-DEN,SDF,Louisville International Airport (Standiford Field),DEN,Denver International Airport,38.17439,-85.736,39.85841,-104.667,547,103,12.720292504570384,0.1882998171846435,18.83,0.1879614945886061,18.8,3.706966657630794,12.720292504570384,3.3386594500184734,12.71,0,-0.48463104540110985,-1.1034158736853026
BNA-RDU,BNA,Nashville International Airport,RDU,Raleigh-Durham International Airport,36.12448,-86.67818,35.87764,-78.78747,1064,186,9.224624060150376,0.1748120300751879,17.48,0.1757827207893712,17.58,7.2106261859582546,9.224624060150376,2.4211611706431437,12.71,0,-0.938417966273189,-0.2730824762164706
DCA-MSP,DCA,Ronald Reagan Washington National Airport,MSP,Minneapolis-Saint Paul International Airport,38.85208,-77.03772,44.88055,-93.21692,1814,275,10.656560088202866,0.1515986769570011,15.16,0.1534018218384682,15.34,12.293304418541611,10.656560088202866,2.7969973984784424,12.7,0,-0.9678801581031806,0.3335859890578428
CWA-ORD,CWA,Central Wisconsin Airport,ORD,Chicago O'Hare International Airport,44.77762,-89.66678,41.9796,-87.90446,1481,237,12.411208642808912,0.1600270087778528,16.0,0.1616768418714915,16.17,10.0365952832746,12.411208642808912,3.257535076852733,12.7,0,-0.7136614023889222,-0.1324860953043574
LAN-DTW,LAN,Capital Region International Airport ( Lansing Capital City),DTW,Detroit Metropolitan Airport,42.7787,-84.58736,42.21206,-83.34884,512,96,15.140625,0.1875,18.75,0.1872730179719414,18.73,3.469775006776904,15.140625,3.973917322834645,12.7,0,-0.23737011411749756,-1.3437852391216107
MSO-DEN,MSO,Missoula International Airport,DEN,Denver International Airport,46.91631,-114.09056,39.85841,-104.667,609,114,11.510673234811168,0.1871921182266009,18.72,0.1870396149489818,18.7,4.127134724857686,11.510673234811168,3.021174077378259,12.7,0,-0.6201733290593263,-0.9356203931463345
ALB-ORD,ALB,Albany International Airport,ORD,Chicago O'Hare International Airport,42.74812,-73.80298,41.9796,-87.90446,953,166,14.199370409233998,0.1741867785939139,17.42,0.175319170939058,17.53,6.458389807535918,14.199370409233998,3.7268688738146976,12.69,0,-0.42483224518642354,-0.804510368988833
TPA-MCI,TPA,Tampa International Airport,MCI,Kansas City International Airport,27.97547,-82.53325,39.29761,-94.71391,521,99,11.37236084452975,0.1900191938579654,19.0,0.1893898341365992,18.94,3.530767145567905,11.37236084452975,2.984871612737467,12.69,0,-0.6211272432540245,-1.0158963960301652
RSW-BWI,RSW,Southwest Florida International Airport,BWI,Baltimore-Washington International Airport,26.53617,-81.75517,39.1754,-76.6682,1257,210,11.313444709626092,0.1670644391408114,16.71,0.1684680081052528,16.85,8.518568717809705,11.313444709626092,2.9694080602693163,12.69,0,-0.7806293700183823,-0.25429347673119085
RDM-SFO,RDM,Redmond Municipal Airport (Roberts Field),SFO,San Francisco International Airport,44.25407,-121.14996,37.619,-122.37484,906,159,14.164459161147905,0.1754966887417218,17.55,0.1765517763407834,17.66,6.139875304960694,14.164459161147905,3.717705816574253,12.69,0,-0.42069683568878696,-0.8481113477513607
JAX-FLL,JAX,Jacksonville International Airport,FLL,Fort Lauderdale-Hollywood International Airport,30.49406,-81.68786,26.07258,-80.15275,785,142,11.778343949044586,0.1808917197452229,18.09,0.181481454235964,18.15,5.319869883437246,11.778343949044586,3.091428858016952,12.68,0,-0.6389510898696447,-0.7694759256769425
BOS-SAN,BOS,Gen. Edward Lawrence Logan International Airport,SAN,San Diego International Airport (Lindbergh Field),42.36435,-71.00518,32.73356,-117.18966,1020,178,10.783333333333331,0.1745098039215686,17.45,0.1755456133918108,17.55,6.912442396313365,10.783333333333331,2.830271216097988,12.68,0,-0.7860924061672123,-0.4451291424235669
GRK-ATL,GRK,Killeen-Fort Hood Regional Airport,ATL,Hartsfield-Jackson Atlanta International Airport,31.0649,-97.8278,33.64044,-84.42694,633,114,19.19905213270142,0.1800947867298578,18.01,0.1809155347869415,18.09,4.289780428300352,19.19905213270142,5.039121294672289,12.68,0,0.13718712201648275,-1.554438627762512
CLE-FLL,CLE,Cleveland Hopkins International Airport,FLL,Fort Lauderdale-Hollywood International Airport,41.41089,-81.8494,26.07258,-80.15275,888,157,12.989864864864863,0.1768018018018018,17.68,0.1777440151810001,17.77,6.017891027378694,12.989864864864863,3.409413350358232,12.68,0,-0.5390758619011187,-0.7654099892728958
ELP-SAT,ELP,El Paso International Airport,SAT,San Antonio International Airport,31.80667,-106.37781,29.53369,-98.46978,865,155,10.457803468208091,0.1791907514450867,17.92,0.1799078621749514,17.99,5.862022228246137,10.457803468208091,2.7448303066162976,12.67,0,-0.7928371781356732,-0.5730624966537785
TYS-ATL,TYS,McGhee Tyson Airport,ATL,Hartsfield-Jackson Atlanta International Airport,35.81249,-83.99286,33.64044,-84.42694,1870,280,10.254545454545454,0.1497326203208556,14.97,0.1515792319791006,15.16,12.672811059907836,10.254545454545454,2.6914817465998566,12.67,0,-1.0359608387519763,0.4245718692700321
MDW-CHS,MDW,Chicago Midway International Airport,CHS,Charleston International Airport/Charleston AFB,41.78598,-87.75242,32.89865,-80.04051,600,112,11.626666666666669,0.1866666666666666,18.67,0.186587267141183,18.66,4.066142586066684,11.626666666666669,3.05161854768154,12.67,0,-0.6223716403643988,-0.9482244487669876
TPA-CLE,TPA,Tampa International Airport,CLE,Cleveland Hopkins International Airport,27.97547,-82.53325,41.41089,-81.8494,577,105,18.7105719237435,0.1819757365684575,18.2,0.1825865391415482,18.26,3.9102737869341286,18.7105719237435,4.910911266074409,12.67,0,0.09381545772609975,-1.5695047764497512
MCI-MCO,MCI,Kansas City International Airport,MCO,Orlando International Airport,39.29761,-94.71391,28.42889,-81.31603,958,168,11.382045929018789,0.1753653444676409,17.54,0.1763809896019169,17.64,6.492274329086473,11.382045929018789,2.9874136296637244,12.66,0,-0.7252629602845607,-0.5537049364849511
DFW-DRO,DFW,Dallas/Fort Worth International Airport,DRO,Durango-La Plata County Airport,32.89595,-97.0372,37.15152,-107.75377,870,156,9.833333333333334,0.1793103448275862,17.93,0.1800114298956991,18.0,5.895906749796693,9.833333333333334,2.58092738407699,12.66,0,-0.8613730287688448,-0.5131310827461288
DFW-GCK,DFW,Dallas/Fort Worth International Airport,GCK,Garden City Regional Airport,32.89595,-97.0372,37.92752,-100.72441,695,128,10.398561151079136,0.1841726618705036,18.42,0.1844164616337461,18.44,4.709948495527243,10.398561151079136,2.7292811420155214,12.65,0,-0.7737775454416359,-0.7409129444839692
SAN-IAH,SAN,San Diego International Airport (Lindbergh Field),IAH,George Bush Intercontinental Airport,32.73356,-117.18966,29.98047,-95.33972,1827,274,11.1455938697318,0.1499726327312534,15.0,0.1518479953289196,15.18,12.381404174573056,11.1455938697318,2.9253527217143835,12.64,0,-0.9473321037360845,0.3107864838624779
ABQ-MDW,ABQ,Albuquerque International Sunport,MDW,Chicago Midway International Airport,35.04022,-106.60919,41.78598,-87.75242,701,129,10.017118402282454,0.1840228245363766,18.4,0.184283504368075,18.43,4.75060992138791,10.017118402282454,2.6291649349822714,12.64,0,-0.8189836887310209,-0.6998807270482815
FLL-MDW,FLL,Fort Lauderdale-Hollywood International Airport,MDW,Chicago Midway International Airport,26.07258,-80.15275,41.78598,-87.75242,1193,201,10.85498742665549,0.1684828164291701,16.85,0.1698461616386915,16.98,8.084846841962591,10.85498742665549,2.8490780647389737,12.64,0,-0.8348173256856058,-0.2709097867540793
FLL-MCO,FLL,Fort Lauderdale-Hollywood International Airport,MCO,Orlando International Airport,26.07258,-80.15275,28.42889,-81.31603,729,133,10.567901234567902,0.1824417009602194,18.24,0.1828843027730134,18.29,4.940363242071022,10.567901234567902,2.773727358154305,12.63,0,-0.7756011001823322,-0.7142118313274765
DFW-MKE,DFW,Dallas/Fort Worth International Airport,MKE,General Mitchell International Airport,32.89595,-97.0372,42.94722,-87.89658,1085,186,10.901382488479262,0.1714285714285714,17.14,0.1726675839652558,17.27,7.352941176470589,10.901382488479262,2.8612552463200167,12.63,0,-0.8124810077243926,-0.3804694233202621
FAR-DEN,FAR,Hector International Airport,DEN,Denver International Airport,46.91935,-96.81499,39.85841,-104.667,1309,215,11.478227654698244,0.1642475171886936,16.42,0.1657992100772378,16.58,8.870967741935484,11.478227654698244,3.012658177086153,12.62,0,-0.8068365752418462,-0.20653582107539234
AMA-IAH,AMA,Rick Husband Amarillo International Airport,IAH,George Bush Intercontinental Airport,35.21937,-101.70593,29.98047,-95.33972,971,167,14.579814624098868,0.1719876416065911,17.2,0.1733063370670664,17.33,6.580374085117918,14.579814624098868,3.8267229984511455,12.62,0,-0.42383382193615543,-0.8058669122935488
ICT-MSP,ICT,Wichita Dwight D. Eisenhower National Airport (Wichita Mid-Continent Airport),MSP,Minneapolis-Saint Paul International Airport,37.64996,-97.43305,44.88055,-93.21692,688,125,13.236918604651162,0.1816860465116279,18.17,0.1822475723335382,18.22,4.662510165356465,13.236918604651162,3.474256851614478,12.62,0,-0.501256074855093,-0.9823026516257339
ABQ-LAS,ABQ,Albuquerque International Sunport,LAS,McCarran International Airport,35.04022,-106.60919,36.08036,-115.15233,1376,225,9.84156976744186,0.1635174418604651,16.35,0.1650481619233253,16.5,9.32502033071293,9.84156976744186,2.583089177806263,12.62,0,-0.9846916874230816,-0.002089430267368636
PDX-DFW,PDX,Portland International Airport,DFW,Dallas/Fort Worth International Airport,45.58872,-122.5975,32.89595,-97.0372,1956,283,12.675869120654395,0.144683026584867,14.47,0.1466979995130487,14.67,13.255624830577393,12.675869120654395,3.3269997692006297,12.61,0,-0.8396813127550243,0.30194481133846746
ABR-MSP,ABR,Aberdeen Regional Airport,MSP,Minneapolis-Saint Paul International Airport,45.44906,-98.42183,44.88055,-93.21692,733,131,14.781718963165074,0.1787175989085948,17.87,0.1796051464571766,17.96,4.967470859311467,14.781718963165074,3.87971626329792,12.6,0,-0.36441131825704304,-1.062374358400325
DEN-CLE,DEN,Denver International Airport,CLE,Cleveland Hopkins International Airport,39.85841,-104.667,41.41089,-81.8494,1499,239,9.957304869913276,0.1594396264176117,15.94,0.1611076216377912,16.11,10.158579560856602,9.957304869913276,2.613465845121594,12.6,0,-1.010630355570799,0.11034176008812575
AMA-DEN,AMA,Rick Husband Amarillo International Airport,DEN,Denver International Airport,35.21937,-101.70593,39.85841,-104.667,588,109,11.95578231292517,0.1853741496598639,18.54,0.1854812311029478,18.55,3.984819734345351,11.95578231292517,3.138000607066973,12.6,0,-0.6202501360198168,-0.9749379325046549
PDX-JFK,PDX,Portland International Airport,JFK,John F. Kennedy International Airport (New York International Airport),45.58872,-122.5975,40.63975,-73.77893,910,160,11.393406593406594,0.1758241758241758,17.58,0.1768426603948793,17.68,6.1669829222011385,11.393406593406594,2.990395431340313,12.6,0,-0.7406076325119519,-0.5938439909114946
DFW-GJT,DFW,Dallas/Fort Worth International Airport,GJT,Grand Junction Regional Airport (Walker Field),32.89595,-97.0372,39.12241,-108.52673,921,162,10.849077090119437,0.1758957654723127,17.59,0.1768962654249051,17.69,6.2415288696123605,10.849077090119437,2.8475267953069383,12.6,0,-0.7967304044820076,-0.5370676902824085
IAH-HSV,IAH,George Bush Intercontinental Airport,HSV,Huntsville International Airport,29.98047,-95.33972,34.64045,-86.77311,946,166,10.231501057082452,0.175475687103594,17.55,0.1764924349893194,17.65,6.41095147736514,10.231501057082452,2.6854333483156045,12.6,0,-0.8657597531796061,-0.4581167676151559
ISP-MCO,ISP,Long Island MacArthur Airport,MCO,Orlando International Airport,40.79524,-73.10021,28.42889,-81.31603,1122,189,12.662210338680929,0.1684491978609625,16.84,0.1698945065456858,16.99,7.603686635944701,12.662210338680929,3.3234147870553614,12.59,0,-0.6599296768035812,-0.48783491884119257
DEN-DRO,DEN,Denver International Airport,DRO,Durango-La Plata County Airport,39.85841,-104.667,37.15152,-107.75377,583,108,11.917667238421956,0.1852487135506003,18.52,0.1853749443613882,18.54,3.950935212794795,11.917667238421956,3.1279966505044507,12.58,0,-0.6315808578203256,-0.9737144256159339
LAN-ORD,LAN,Capital Region International Airport ( Lansing Capital City),ORD,Chicago O'Hare International Airport,42.7787,-84.58736,41.9796,-87.90446,929,162,12.216361679224972,0.1743810548977395,17.44,0.1755209786188806,17.55,6.29574410409325,12.216361679224972,3.206394141528864,12.58,0,-0.6684218783344128,-0.6425616102683832
BUR-DEN,BUR,Bob Hope Airport (Hollywood Burbank Airport),DEN,Denver International Airport,34.20062,-118.3585,39.85841,-104.667,1337,218,10.982049364248317,0.1630516080777861,16.31,0.1646562887952875,16.47,9.060721062618596,10.982049364248317,2.8824276546583505,12.58,0,-0.8801075503145269,-0.13142264822785904
XNA-IAH,XNA,Northwest Arkansas Regional Airport,IAH,George Bush Intercontinental Airport,36.28187,-94.30681,29.98047,-95.33972,1154,192,13.805025996533796,0.1663778162911612,16.64,0.1679514250389379,16.8,7.820547573868257,13.805025996533796,3.62336640328971,12.58,0,-0.5577864360382762,-0.5511697455762039
MDW-MSY,MDW,Chicago Midway International Airport,MSY,Louis Armstrong New Orleans International Airport,41.78598,-87.75242,29.99339,-90.25803,939,164,11.281150159744408,0.174653887113951,17.47,0.1757565803646084,17.58,6.363513147194362,11.281150159744408,2.9609318004578498,12.58,0,-0.7655821013341401,-0.552461674412022
CLE-DTW,CLE,Cleveland Hopkins International Airport,DTW,Detroit Metropolitan Airport,41.41089,-81.8494,42.21206,-83.34884,680,123,13.14264705882353,0.1808823529411764,18.09,0.1815526756395232,18.16,4.6082949308755765,13.14264705882353,3.44951366373321,12.57,0,-0.5341068250814409,-0.9723899101074504
AZO-ORD,AZO,Kalamazoo/Battle Creek International Airport,ORD,Chicago O'Hare International Airport,42.23488,-85.55206,41.9796,-87.90446,1366,222,10.494875549048317,0.1625183016105417,16.25,0.1641276173252579,16.41,9.25725128761182,10.494875549048317,2.754560511561238,12.57,0,-0.9384361881357624,-0.0607483829024184
SGU-DEN,SGU,St. George Regional Airport,DEN,Denver International Airport,37.09058,-113.59306,39.85841,-104.667,643,117,13.48367029548989,0.181959564541213,18.2,0.1825182866740621,18.25,4.357549471401464,13.48367029548989,3.53902107493173,12.57,0,-0.4899296400240763,-1.0414270815026425
ROW-DFW,ROW,Roswell International Air Center,DFW,Dallas/Fort Worth International Airport,33.30156,-104.53056,32.89595,-97.0372,1003,171,13.997008973080758,0.1704885343968095,17.05,0.1719048839517934,17.19,6.797235023041474,13.997008973080758,3.673755635979201,12.56,0,-0.5139011708681743,-0.7156905942101573
IND-BWI,IND,Indianapolis International Airport,BWI,Baltimore-Washington International Airport,39.71733,-86.29438,39.1754,-76.6682,1079,184,10.806302131603337,0.1705282669138091,17.05,0.1718499465638915,17.18,7.312279750609921,10.806302131603337,2.8362997720743666,12.56,0,-0.8511760010519817,-0.36775340266084083
IND-MCO,IND,Indianapolis International Airport,MCO,Orlando International Airport,39.71733,-86.29438,28.42889,-81.31603,1342,218,11.188524590163937,0.1624441132637853,16.24,0.164085358529007,16.41,9.094605584169152,11.188524590163937,2.936620627339616,12.56,0,-0.8699168492119407,-0.1407504728203089
SFO-KOA,SFO,San Francisco International Airport,KOA,Kona International Airport at Keahole,37.619,-122.37484,19.73877,-156.04563,751,135,11.299600532623169,0.1797603195739014,17.98,0.1805065652160142,18.05,5.089455136893467,11.299600532623169,2.96577441801133,12.55,0,-0.7413054040479127,-0.7401923923629289
LNK-ORD,LNK,Lincoln Airport (Lincoln Municipal),ORD,Chicago O'Hare International Airport,40.85097,-96.75925,41.9796,-87.90446,1220,201,12.508196721311476,0.1647540983606557,16.48,0.1663720356051728,16.64,8.267823258335593,12.508196721311476,3.2829912654360838,12.54,0,-0.7183770110421945,-0.3704969059075089
MSP-IAD,MSP,Minneapolis-Saint Paul International Airport,IAD,Washington Dulles International Airport,44.88055,-93.21692,38.94453,-77.45581,663,121,10.97737556561086,0.1825037707390648,18.25,0.1829765229342439,18.3,4.493087557603687,10.97737556561086,2.881200935855869,12.54,0,-0.7620281016308218,-0.8018582624867603
RDU-HOU,RDU,Raleigh-Durham International Airport,HOU,William P. Hobby Airport,35.87764,-78.78747,29.64542,-95.27889,553,103,10.8625678119349,0.18625678119349,18.63,0.1862344364453723,18.62,3.747628083491461,10.8625678119349,2.8510676671745143,12.54,0,-0.7497960657589519,-0.9093055581783639
GSP-ORD,GSP,Greenville-Spartanburg International Airport,ORD,Chicago O'Hare International Airport,34.89567,-82.21886,41.9796,-87.90446,907,159,10.69018743109151,0.175303197353914,17.53,0.1763764518359763,17.64,6.146652209270806,10.69018743109151,2.8058234727274307,12.54,0,-0.8375336120514649,-0.527444978976181
AUS-LAS,AUS,Austin-Bergstrom International Airport,LAS,McCarran International Airport,30.19453,-97.66987,36.08036,-115.15233,1299,213,9.763664357197843,0.1639722863741339,16.4,0.165554744102093,16.56,8.803198698834372,9.763664357197843,2.562641563568988,12.52,0,-1.021416680173117,-0.055190960443479264
BIS-DEN,BIS,Bismarck Municipal Airport,DEN,Denver International Airport,46.77411,-100.74672,39.85841,-104.667,1371,220,11.779722830051057,0.1604668125455871,16.05,0.162210120325512,16.22,9.291135809162377,11.779722830051057,3.091790769042272,12.52,0,-0.8348627178614038,-0.1572812038710778
EWR-BUF,EWR,Newark Liberty International Airport,BUF,Buffalo Niagara International Airport,40.6925,-74.16866,42.94052,-78.73217,629,116,9.57233704292528,0.1844197138314785,18.44,0.1846516968433856,18.47,4.262672811059908,9.57233704292528,2.512424420715296,12.52,0,-0.9028723940986225,-0.7171157625289316
EUG-DEN,EUG,Eugene Airport (Mahlon Sweet Field),DEN,Denver International Airport,44.12326,-123.21869,39.85841,-104.667,670,121,12.698507462686567,0.1805970149253731,18.06,0.1813130999984781,18.13,4.540525887774464,12.698507462686567,3.332941591256317,12.51,0,-0.6011108025827775,-0.9364273427248758
CMH-STL,CMH,Port Columbus International Airport,STL,St. Louis International Airport at Lambert Field,39.99799,-82.89188,38.74769,-90.35999,645,118,10.122480620155038,0.1829457364341085,18.29,0.1833705865756082,18.34,4.371103280021687,10.122480620155038,2.6568190604081465,12.5,0,-0.8631322658781797,-0.7409523736841902
LAX-LIH,LAX,Los Angeles International Airport,LIH,Lihue Airport,33.94254,-118.40807,21.97598,-159.33896,1396,223,11.229226361031518,0.1597421203438395,15.97,0.1615047372986819,16.15,9.460558416915154,11.229226361031518,2.94730350683242,12.5,0,-0.9060437478667059,-0.08222907003013434
BHM-DTW,BHM,Birmingham-Shuttlesworth International Airport,DTW,Detroit Metropolitan Airport,33.56294,-86.75355,42.21206,-83.34884,640,116,12.3828125,0.18125,18.12,0.1819068743227407,18.19,4.33721875847113,12.3828125,3.2500820209973758,12.49,0,-0.6390158822743129,-0.9354479354136203
SJC-AUS,SJC,Norman Y. Mineta San José International Airport,AUS,Austin-Bergstrom International Airport,37.36186,-121.92901,30.19453,-97.66987,665,121,10.38345864661654,0.1819548872180451,18.2,0.1824981529396446,18.25,4.506641366223909,10.38345864661654,2.725317230083081,12.49,0,-0.844342785680841,-0.7410239360141755
MCO-CMH,MCO,Orlando International Airport,CMH,Port Columbus International Airport,28.42889,-81.31603,39.99799,-82.89188,1104,186,10.880434782608695,0.1684782608695652,16.85,0.1699427632880632,16.99,7.481702358362701,10.880434782608695,2.855757160789684,12.49,0,-0.8800927663127129,-0.33827020436236444
MCO-CAK,MCO,Orlando International Airport,CAK,Akron-Canton Regional Airport,28.42889,-81.31603,40.91631,-81.44247,573,105,12.429319371727749,0.1832460732984293,18.32,0.1836717488838457,18.37,3.883166169693684,12.429319371727749,3.262288549009908,12.48,0,-0.6236821884206624,-1.0091217987989332
FLL-DEN,FLL,Fort Lauderdale-Hollywood International Airport,DEN,Denver International Airport,26.07258,-80.15275,39.85841,-104.667,1267,207,10.887924230465666,0.1633780584056827,16.34,0.1650410292602985,16.5,8.586337760910816,10.887924230465666,2.8577228951353453,12.48,0,-0.9210042416891799,-0.17531037617217696
SAT-MCO,SAT,San Antonio International Airport,MCO,Orlando International Airport,29.53369,-98.46978,28.42889,-81.31603,520,97,10.146153846153846,0.1865384615384615,18.65,0.1864694951594002,18.65,3.5239902412577933,10.146153846153846,2.66303250555219,12.47,0,-0.8471743029538518,-0.8710539020547138
CLT-ALB,CLT,Charlotte Douglas International Airport,ALB,Albany International Airport,35.21401,-80.94313,42.74812,-73.80298,783,140,9.269476372924649,0.1787994891443167,17.88,0.1796275050949356,17.96,5.306316074817024,9.269476372924649,2.4329334312138187,12.47,0,-0.9883496356013569,-0.5212058866732016
DCA-RSW,DCA,Ronald Reagan Washington National Airport,RSW,Southwest Florida International Airport,38.85208,-77.03772,26.53617,-81.75517,830,146,11.009638554216869,0.1759036144578313,17.59,0.1770011688159442,17.7,5.624830577392247,11.009638554216869,2.889668911867944,12.46,0,-0.8268686877422555,-0.6189274883738797
MCO-RDU,MCO,Orlando International Airport,RDU,Raleigh-Durham International Airport,28.42889,-81.31603,35.87764,-78.78747,1040,177,10.051923076923076,0.1701923076923077,17.02,0.1715886728059896,17.16,7.0479804825155865,10.051923076923076,2.638300020189784,12.45,0,-0.9688202908332478,-0.3247519705106057
LAN-MSP,LAN,Capital Region International Airport ( Lansing Capital City),MSP,Minneapolis-Saint Paul International Airport,42.7787,-84.58736,44.88055,-93.21692,564,103,12.849290780141844,0.1826241134751773,18.26,0.1831492274078737,18.31,3.822174030902684,12.849290780141844,3.3725172651290927,12.45,0,-0.5940394797671056,-1.0479954192268957
EWR-CMH,EWR,Newark Liberty International Airport,CMH,Port Columbus International Airport,40.6925,-74.16866,39.99799,-82.89188,921,160,10.110749185667752,0.1737242128121607,17.37,0.1749374015659433,17.49,6.2415288696123605,10.110749185667752,2.653739943744817,12.45,0,-0.938899987623584,-0.4491678126549464
ORD-AZO,ORD,Chicago O'Hare International Airport,AZO,Kalamazoo/Battle Creek International Airport,41.9796,-87.90446,42.23488,-85.55206,1365,219,10.138461538461538,0.1604395604395604,16.04,0.1621918682585857,16.22,9.250474383301707,10.138461538461538,2.6610135271552595,12.44,0,-1.034189985111661,-0.010889186427474475
LSE-ORD,LSE,La Crosse Regional Airport,ORD,Chicago O'Hare International Airport,43.87938,-91.25654,41.9796,-87.90446,1190,195,12.466386554621849,0.1638655462184874,16.39,0.1655899899215722,16.56,8.064516129032258,12.466386554621849,3.2720174684046843,12.44,0,-0.7620175305308345,-0.38028586247768786
IAH-RDU,IAH,George Bush Intercontinental Airport,RDU,Raleigh-Durham International Airport,29.98047,-95.33972,35.87764,-78.78747,506,94,10.978260869565217,0.1857707509881423,18.58,0.18582687623569,18.58,3.429113580916238,10.978260869565217,2.881433299098482,12.44,0,-0.7743569607722725,-0.9504844508781742
HOU-PHX,HOU,William P. Hobby Airport,PHX,Phoenix Sky Harbor International Airport,29.64542,-95.27889,33.43417,-112.00806,1500,235,9.935333333333332,0.1566666666666666,15.67,0.1585069293742675,15.85,10.165356465166711,9.935333333333332,2.6076990376202973,12.44,0,-1.084483212855247,0.13587919797678785
BNA-PNS,BNA,Nashville International Airport,PNS,Pensacola International Airport (Pensacola Gulf Coast Regional Airport),36.12448,-86.67818,30.47331,-87.18744,654,118,11.605504587155965,0.1804281345565749,18.04,0.1811818129957932,18.12,4.432095418812686,11.605504587155965,3.046064196103927,12.44,0,-0.7425188150344103,-0.846372102101719
MCI-SFO,MCI,Kansas City International Airport,SFO,San Francisco International Airport,39.29761,-94.71391,37.619,-122.37484,629,113,13.705882352941176,0.1796502384737678,17.97,0.1805364705059371,18.05,4.262672811059908,13.705882352941176,3.59734444959086,12.44,0,-0.5257710546231962,-1.0501539155348094
JFK-MSP,JFK,John F. Kennedy International Airport (New York International Airport),MSP,Minneapolis-Saint Paul International Airport,40.63975,-73.77893,44.88055,-93.21692,958,163,12.730688935281837,0.1701461377870563,17.01,0.171655091681312,17.17,6.492274329086473,12.730688935281837,3.3413881719899834,12.43,0,-0.6951828036895533,-0.6290626397977918
ERI-ORD,ERI,Erie International Airport,ORD,Chicago O'Hare International Airport,42.08202,-80.17622,41.9796,-87.90446,667,119,13.557721139430283,0.1784107946026986,17.84,0.1794147157742218,17.94,4.520195174844131,13.557721139430283,3.5584569919764526,12.43,0,-0.552641823472286,-0.9963996720836134
MCI-DCA,MCI,Kansas City International Airport,DCA,Ronald Reagan Washington National Airport,39.29761,-94.71391,38.85208,-77.03772,709,127,10.58392101551481,0.1791255289139633,17.91,0.1799889826932362,18.0,4.804825155868799,10.58392101551481,2.777932025069504,12.42,0,-0.8648407888620484,-0.6996318774952804
MEM-DFW,MEM,Memphis International Airport,DFW,Dallas/Fort Worth International Airport,35.04242,-89.97667,32.89595,-97.0372,916,155,15.662663755458516,0.1692139737991266,16.92,0.1708770541327048,17.09,6.207644348061805,15.662663755458516,4.110935368886749,12.42,0,-0.39375338189799214,-0.9200516131776812
PVD-FLL,PVD,Theodore Francis Green State Airport,FLL,Fort Lauderdale-Hollywood International Airport,41.724,-71.42822,26.07258,-80.15275,833,146,10.33733493397359,0.1752701080432173,17.53,0.1764320332248961,17.64,5.64516129032258,10.33733493397359,2.7132112687594723,12.4,0,-0.9209443284857493,-0.549453023843821
DTW-IAD,DTW,Detroit Metropolitan Airport,IAD,Washington Dulles International Airport,42.21206,-83.34884,38.94453,-77.45581,754,132,13.710875331564988,0.1750663129973474,17.51,0.1763595866496816,17.64,5.1097858498238,13.710875331564988,3.5986549426679755,12.4,0,-0.5671398190521911,-0.9151427269864935
AMA-DAL,AMA,Rick Husband Amarillo International Airport,DAL,Dallas Love Field,35.21937,-101.70593,32.84711,-96.85177,1303,210,10.31926323867997,0.1611665387567152,16.12,0.1629444668559003,16.29,8.830306316074816,10.31926323867997,2.708468041648286,12.39,0,-1.026178481383615,-0.0781727292547603
PHL-SAN,PHL,Philadelphia International Airport,SAN,San Diego International Airport (Lindbergh Field),39.87195,-75.24114,32.73356,-117.18966,831,146,9.534296028880869,0.1756919374247894,17.57,0.1768110494079786,17.68,5.631607481702358,9.534296028880869,2.5024399025934034,12.39,0,-1.0066219881880125,-0.4812335466859115
SEA-LGB,SEA,Seattle-Tacoma International Airport,LGB,Long Beach Airport (Daugherty Field),47.44898,-122.30931,33.81772,-118.15161,848,148,10.06132075471698,0.1745283018867924,17.45,0.1757500917709157,17.58,5.746814854974248,10.06132075471698,2.640766602287921,12.38,0,-0.9626958646669147,-0.5061632798430333
CLT-SAN,CLT,Charlotte Douglas International Airport,SAN,San Diego International Airport (Lindbergh Field),35.21401,-80.94313,32.73356,-117.18966,766,136,9.5443864229765,0.1775456919060052,17.75,0.1785347424928731,17.85,5.191108701545135,9.5443864229765,2.505088299993832,12.38,0,-0.9966984218426972,-0.5471954129952952
SJU-CLT,SJU,Luis Muñoz Marín International Airport,CLT,Charlotte Douglas International Airport,18.43942,-66.00183,35.21401,-80.94313,733,131,9.004092769440655,0.1787175989085948,17.87,0.1796051464571766,17.96,4.967470859311467,9.004092769440655,2.363278942110409,12.37,0,-1.0495230604980472,-0.5334676696936184
ORD-ERI,ORD,Chicago O'Hare International Airport,ERI,Erie International Airport,41.9796,-87.90446,42.08202,-80.17622,666,119,11.394894894894897,0.1786786786786786,17.87,0.1796489386407678,17.96,4.51341827053402,11.394894894894897,2.9907860616522037,12.35,0,-0.8040433998506092,-0.8019011412065724
DTW-SBN,DTW,Detroit Metropolitan Airport,SBN,South Bend International Airport (South Bend Regional),42.21206,-83.34884,41.70895,-86.31847,1414,220,12.572135785007072,0.1555869872701555,15.56,0.1576030957720133,15.76,9.582542694497151,12.572135785007072,3.2997731719178662,12.35,0,-0.8438849005130148,-0.15699372389635613
CPR-DEN,CPR,Natrona County International Airport,DEN,Denver International Airport,42.90836,-106.46447,39.85841,-104.667,990,168,10.187878787878788,0.1696969696969697,16.97,0.1712028321090166,17.12,6.70913526701003,10.187878787878788,2.6739839338264537,12.35,0,-0.9915810217927608,-0.3690053487609754
DFW-MHK,DFW,Dallas/Fort Worth International Airport,MHK,Manhattan Regional Airport,32.89595,-97.0372,39.14097,-96.67083,1040,175,10.172115384615385,0.1682692307692307,16.83,0.1698342868410773,16.98,7.0479804825155865,10.172115384615385,2.669846557641833,12.35,0,-1.0028032720676663,-0.31814524499802566
SAN-DAL,SAN,San Diego International Airport (Lindbergh Field),DAL,Dallas Love Field,32.73356,-117.18966,32.84711,-96.85177,769,135,10.617685305591678,0.1755526657997399,17.56,0.1767676490205157,17.68,5.211439414475468,10.617685305591678,2.7867940434623826,12.33,0,-0.9136863907247893,-0.625332887066587
SFO-RDU,SFO,San Francisco International Airport,RDU,Raleigh-Durham International Airport,37.619,-122.37484,35.87764,-78.78747,561,101,13.29590017825312,0.1800356506238859,18.0,0.180954745837864,18.1,3.8018433179723514,13.29590017825312,3.489737579593995,12.33,0,-0.6026645208962805,-1.067165537911915
BQK-ATL,BQK,Brunswick Golden Isles Airport,ATL,Hartsfield-Jackson Atlanta International Airport,31.25903,-81.46631,33.64044,-84.42694,954,161,12.526205450733752,0.1687631027253668,16.88,0.1704090009476548,17.04,6.465166711846029,12.526205450733752,3.287717966071852,12.33,0,-0.7568314777568086,-0.6011883455784327
PBI-ORD,PBI,Palm Beach International Airport,ORD,Chicago O'Hare International Airport,26.68316,-80.09559,41.9796,-87.90446,628,113,10.67356687898089,0.179936305732484,17.99,0.1807844601632254,18.08,4.255895906749797,10.67356687898089,2.8014611230920976,12.33,0,-0.8796484080398984,-0.7759249610487676
DFW-SAF,DFW,Dallas/Fort Worth International Airport,SAF,Santa Fe Municipal Airport,32.89595,-97.0372,35.61678,-106.08814,1027,173,9.621226874391432,0.1684518013631937,16.85,0.1700187107354287,17.0,6.959880726484142,9.621226874391432,2.525256397478066,12.32,0,-1.0698154986625268,-0.2789470977962745
PNS-IAH,PNS,Pensacola International Airport (Pensacola Gulf Coast Regional Airport),IAH,George Bush Intercontinental Airport,30.47331,-87.18744,29.98047,-95.33972,1501,230,11.394403730846102,0.1532311792138574,15.32,0.1552848763265635,15.53,10.172133369476825,11.394403730846102,2.9906571472037013,12.31,0,-0.9999012239765003,0.032520991523849595
DFW-FAT,DFW,Dallas/Fort Worth International Airport,FAT,Fresno Yosemite International Airport,32.89595,-97.0372,36.77619,-119.71814,668,119,10.830838323353293,0.1781437125748503,17.81,0.1791811028630574,17.92,4.526972079154242,10.830838323353293,2.8427397174155624,12.31,0,-0.8816935295871783,-0.7434942319694131
EWR-MSY,EWR,Newark Liberty International Airport,MSY,Louis Armstrong New Orleans International Airport,40.6925,-74.16866,29.99339,-90.25803,1208,195,11.829470198675496,0.1614238410596026,16.14,0.1633112285923762,16.33,8.186500406614257,11.829470198675496,3.104847821174671,12.31,0,-0.89052019691693,-0.28678510848480365
DTW-RIC,DTW,Detroit Metropolitan Airport,RIC,Richmond International Airport,42.21206,-83.34884,37.50517,-77.31967,949,160,11.946259220231823,0.1685985247629083,16.86,0.1702679571008848,17.03,6.431282190295473,11.946259220231823,3.135501107672395,12.3,0,-0.8310475056373925,-0.5498889933162521
FLL-PVD,FLL,Fort Lauderdale-Hollywood International Airport,PVD,Theodore Francis Green State Airport,26.07258,-80.15275,41.724,-71.42822,831,144,10.048134777376657,0.1732851985559566,17.33,0.1746628216958411,17.47,5.631607481702358,10.048134777376657,2.637305715846891,12.29,0,-1.0029843071277547,-0.5059568665898168
GFK-MSP,GFK,Grand Forks International Airport,MSP,Minneapolis-Saint Paul International Airport,47.94926,-97.17611,44.88055,-93.21692,804,140,10.21641791044776,0.1741293532338308,17.41,0.1754547422553408,17.55,5.448631065329358,10.21641791044776,2.68147451717789,12.29,0,-0.9781670267397554,-0.5492390319676624
RIC-DFW,RIC,Richmond International Airport,DFW,Dallas/Fort Worth International Airport,37.50517,-77.31967,32.89595,-97.0372,858,143,17.935897435897434,0.1666666666666666,16.67,0.1686963329841629,16.87,5.81458389807536,17.935897435897434,4.707584628844471,12.28,0,-0.21702010928741305,-1.1472278091056447
CSG-ATL,CSG,Columbus Metropolitan Airport,ATL,Hartsfield-Jackson Atlanta International Airport,32.51633,-84.93886,33.64044,-84.42694,1172,191,10.437713310580206,0.1629692832764505,16.3,0.1647885904078837,16.48,7.942531851450258,10.437713310580206,2.739557299364883,12.28,0,-1.034794563520669,-0.1996024434736167
MSP-SBN,MSP,Minneapolis-Saint Paul International Airport,SBN,South Bend International Airport (South Bend Regional),44.88055,-93.21692,41.70895,-86.31847,601,108,10.499168053244592,0.1797004991680532,17.97,0.1806149600553896,18.06,4.072919490376796,10.499168053244592,2.7556871530825697,12.27,0,-0.9202605995119014,-0.7777573739777804
CLE-MSP,CLE,Cleveland Hopkins International Airport,MSP,Minneapolis-Saint Paul International Airport,41.41089,-81.8494,44.88055,-93.21692,807,138,13.376703841387856,0.1710037174721189,17.1,0.172669335169601,17.27,5.468961778259691,13.376703841387856,3.5109458901280464,12.26,0,-0.6771398890914736,-0.8070352207298411
FSM-ATL,FSM,Fort Smith Regional Airport,ATL,Hartsfield-Jackson Atlanta International Airport,35.33659,-94.36744,33.64044,-84.42694,729,125,15.831275720164609,0.1714677640603566,17.15,0.1732341218321208,17.32,4.940363242071022,15.831275720164609,4.155190477733493,12.25,0,-0.4170538878831213,-1.0936346680569529
IAH-AEX,IAH,George Bush Intercontinental Airport,AEX,Alexandria International Airport,29.98047,-95.33972,31.32737,-92.54856,986,166,9.258620689655173,0.1683569979716024,16.84,0.1699917928166005,17.0,6.682027649769585,9.258620689655173,2.4300841705131684,12.24,0,-1.1359955041068852,-0.27471226889839095
ABQ-IAH,ABQ,Albuquerque International Sunport,IAH,George Bush Intercontinental Airport,35.04022,-106.60919,29.98047,-95.33972,901,152,12.476137624861265,0.1687014428412874,16.87,0.1704406463524756,17.04,6.105990783410138,12.476137624861265,3.274576804425529,12.24,0,-0.7928115799045313,-0.6342888788374509
ABQ-BWI,ABQ,Albuquerque International Sunport,BWI,Baltimore-Washington International Airport,35.04022,-106.60919,39.1754,-76.6682,560,101,10.675,0.1803571428571428,18.04,0.1812289196951941,18.12,3.795066413662239,10.675,2.801837270341208,12.24,0,-0.9065432693490394,-0.8310432250769817
CLE-LAS,CLE,Cleveland Hopkins International Airport,LAS,McCarran International Airport,41.41089,-81.8494,36.08036,-115.15233,1513,229,11.521480502313285,0.1513549239920687,15.14,0.1535096633594719,15.35,10.253456221198157,11.521480502313285,3.024010630528421,12.23,0,-1.0267494315938956,0.04493358174146084
GRB-MSP,GRB,Green Bay-Austin Straubel International Airport,MSP,Minneapolis-Saint Paul International Airport,44.48507,-88.12959,44.88055,-93.21692,1158,188,10.489637305699482,0.1623488773747841,16.23,0.1642377480117871,16.42,7.847655191108702,10.489637305699482,2.7531856445405465,12.23,0,-1.0522330198233083,-0.2078615542686288
STL-MKE,STL,St. Louis International Airport at Lambert Field,MKE,General Mitchell International Airport,38.74769,-90.35999,42.94722,-87.89658,648,115,10.521604938271604,0.1774691358024691,17.75,0.1786244478593959,17.86,4.391433992952019,10.521604938271604,2.761576099283886,12.23,0,-0.9450383303472183,-0.7238821377684641
EWR-HOU,EWR,Newark Liberty International Airport,HOU,William P. Hobby Airport,40.6925,-74.16866,29.64542,-95.27889,918,153,13.889978213507623,0.1666666666666666,16.67,0.1685767062856858,16.86,6.221198156682028,13.889978213507623,3.645663573099114,12.22,0,-0.6647498609774222,-0.7329805711306673
DTW-CLE,DTW,Detroit Metropolitan Airport,CLE,Cleveland Hopkins International Airport,42.21206,-83.34884,41.41089,-81.8494,768,132,12.91015625,0.171875,17.19,0.17351507718759,17.35,5.204662510165357,12.91015625,3.388492454068241,12.22,0,-0.7326821315812779,-0.8012583573127345
DTW-MIA,DTW,Detroit Metropolitan Airport,MIA,Miami International Airport,42.21206,-83.34884,25.79325,-80.29056,1269,200,12.098502758077226,0.1576044129235618,15.76,0.159686696127705,15.97,8.599891569531039,12.098502758077226,3.1754600414900858,12.21,0,-0.9232820226024934,-0.23425337613255529
TPA-STL,TPA,Tampa International Airport,STL,St. Louis International Airport at Lambert Field,27.97547,-82.53325,38.74769,-90.35999,786,135,11.763358778625957,0.1717557251908397,17.18,0.1733759446939369,17.34,5.326646787747357,11.763358778625957,3.0874957424215106,12.2,0,-0.8611465118140722,-0.6821669905393999
LRD-DFW,LRD,Laredo International Airport,DFW,Dallas/Fort Worth International Airport,27.54374,-99.46154,32.89595,-97.0372,1344,209,11.875744047619047,0.1555059523809523,15.55,0.1576254065088837,15.76,9.108159392789371,11.875744047619047,3.116993188351456,12.2,0,-0.9656085107455791,-0.1421141725608078
ATL-GTR,ATL,Hartsfield-Jackson Atlanta International Airport,GTR,Golden Triangle Regional Airport,33.64044,-84.42694,33.45033,-88.59137,999,166,10.631631631631633,0.1661661661661661,16.62,0.1679809708815542,16.8,6.77012740580103,10.631631631631633,2.790454496491242,12.19,0,-1.0215380849150624,-0.3712390385685555
IAH-LBB,IAH,George Bush Intercontinental Airport,LBB,Lubbock Preston Smith International Airport,29.98047,-95.33972,33.66364,-101.82278,1144,186,9.658216783216783,0.1625874125874125,16.26,0.164478365754685,16.45,7.752778530767146,9.658216783216783,2.534965034965035,12.19,0,-1.1507188748289257,-0.144680962675296
AUS-ELP,AUS,Austin-Bergstrom International Airport,ELP,El Paso International Airport,30.19453,-97.66987,31.80667,-106.37781,935,157,10.844919786096256,0.1679144385026738,16.79,0.1696725478249547,16.97,6.336405529953917,10.844919786096256,2.8464356393953434,12.19,0,-0.9869026022866814,-0.45315167153375224
DCA-BDL,DCA,Ronald Reagan Washington National Airport,BDL,Bradley International Airport,38.85208,-77.03772,41.93887,-72.68323,714,123,13.73249299719888,0.1722689075630252,17.23,0.1739693943474547,17.4,4.838709677419355,13.73249299719888,3.604328870655874,12.19,0,-0.6532834740796246,-0.9203361295819672
MKE-MCO,MKE,General Mitchell International Airport,MCO,Orlando International Airport,42.94722,-87.89658,28.42889,-81.31603,1298,205,9.686440677966102,0.1579352850539291,15.79,0.1599507060077454,16.0,8.796421794524262,9.686440677966102,2.5423728813559325,12.18,0,-1.18568159383634,0.004325561616645503
ACY-FLL,ACY,Atlantic City International Airport,FLL,Fort Lauderdale-Hollywood International Airport,39.45758,-74.57717,26.07258,-80.15275,871,148,10.388059701492535,0.1699196326061997,16.99,0.171587113284066,17.16,5.902683654106804,10.388059701492535,2.7265248560347866,12.18,0,-1.0252494350599881,-0.47638207915683733
GJT-DFW,GJT,Grand Junction Regional Airport (Walker Field),DFW,Dallas/Fort Worth International Airport,39.12241,-108.52673,32.89595,-97.0372,904,150,14.376106194690266,0.165929203539823,16.59,0.1679393296801077,16.79,6.126321496340472,14.376106194690266,3.7732562190788097,12.17,0,-0.63456309866127,-0.7803463570479536
MCO-ALB,MCO,Orlando International Airport,ALB,Albany International Airport,28.42889,-81.31603,42.74812,-73.80298,707,123,11.14002828854314,0.173974540311174,17.4,0.175478422551212,17.55,4.791271347248577,11.14002828854314,2.923891939250168,12.17,0,-0.9229769089418536,-0.7039279178020424
BUF-MDW,BUF,Buffalo Niagara International Airport,MDW,Chicago Midway International Airport,42.94052,-78.73217,41.78598,-87.75242,1029,170,9.955296404275996,0.1652089407191448,16.52,0.1670603073506006,16.71,6.9734345351043645,9.955296404275996,2.6129386887863504,12.16,0,-1.1099390877730178,-0.27866337914844863
KOA-LAX,KOA,Kona International Airport at Keahole,LAX,Los Angeles International Airport,19.73877,-156.04563,33.94254,-118.40807,1472,221,13.173913043478262,0.1501358695652173,15.01,0.1524243555972189,15.24,9.9756031444836,13.173913043478262,3.457719958918179,12.16,0,-0.8842879362488586,-0.12419652011597415
MDW-IAD,MDW,Chicago Midway International Airport,IAD,Washington Dulles International Airport,41.78598,-87.75242,38.94453,-77.45581,721,125,11.237170596393897,0.1733703190013869,17.34,0.1749221522519222,17.49,4.8861480075901325,11.237170596393897,2.9493886079774008,12.16,0,-0.9194822562625046,-0.6966886979995078
TPA-BHM,TPA,Tampa International Airport,BHM,Birmingham-Shuttlesworth International Airport,27.97547,-82.53325,33.56294,-86.75355,683,119,11.140556368960468,0.1742313323572474,17.42,0.1757485146856042,17.57,4.6286256438059095,11.140556368960468,2.9240305430342435,12.14,0,-0.9312359993130771,-0.7235173759689326
FWA-DFW,FWA,Fort Wayne International Airport,DFW,Dallas/Fort Worth International Airport,40.97847,-85.19515,32.89595,-97.0372,686,118,13.603498542274052,0.1720116618075801,17.2,0.1738054541969823,17.38,4.648956356736242,13.603498542274052,3.5704720583396465,12.13,0,-0.6897636169955952,-0.9261468045652377
IAD-SEA,IAD,Washington Dulles International Airport,SEA,Seattle-Tacoma International Airport,38.94453,-77.45581,47.44898,-122.30931,1179,188,11.174724342663271,0.1594571670907549,15.95,0.1615411157144864,16.15,7.989970181621035,11.174724342663271,2.932998515134717,12.13,0,-1.0325581963896011,-0.23036773359206753
HOU-ECP,HOU,William P. Hobby Airport,ECP,Northwest Florida Beaches International Airport,29.64542,-95.27889,30.35483,-85.79952,547,98,9.557586837294332,0.1791590493601462,17.92,0.1802335193181269,18.02,3.706966657630794,9.557586837294332,2.508552975667804,12.12,0,-1.073402329171629,-0.7267711555105972
BHM-MIA,BHM,Birmingham-Shuttlesworth International Airport,MIA,Miami International Airport,33.56294,-86.75355,25.79325,-80.29056,564,98,15.888297872340424,0.1737588652482269,17.38,0.1756191069259459,17.56,3.822174030902684,15.888297872340424,4.170156921874128,12.12,0,-0.4403932162891298,-1.2425948384896723
HYS-DEN,HYS,Hays Regional Airport,DEN,Denver International Airport,38.84494,-99.27403,39.85841,-104.667,610,108,9.719672131147542,0.1770491803278688,17.7,0.1783254746462368,17.83,4.133911629167796,9.719672131147542,2.5510950475452865,12.11,0,-1.0718018301790266,-0.6744656209755698
BUF-DTW,BUF,Buffalo Niagara International Airport,DTW,Detroit Metropolitan Airport,42.94052,-78.73217,42.21206,-83.34884,863,146,10.068366164542294,0.1691772885283893,16.92,0.1709357082023137,17.09,5.848468419625915,10.068366164542294,2.6426157912184496,12.11,0,-1.0862158100442956,-0.44623027363318823
SAN-HOU,SAN,San Diego International Airport (Lindbergh Field),HOU,William P. Hobby Airport,32.73356,-117.18966,29.64542,-95.27889,745,129,9.161073825503356,0.1731543624161073,17.32,0.1746876769216901,17.47,5.0487937110328,9.161073825503356,2.404481319029752,12.1,0,-1.1582144916380739,-0.48739592239433266
MIA-DTW,MIA,Miami International Airport,DTW,Detroit Metropolitan Airport,25.79325,-80.29056,42.21206,-83.34884,1268,199,10.201892744479496,0.1569400630914826,15.69,0.1590724320166872,15.91,8.593114665220927,10.201892744479496,2.67766213765866,12.1,0,-1.1653228239606106,-0.05521598793652702
CMH-DFW,CMH,Port Columbus International Airport,DFW,Dallas/Fort Worth International Airport,39.99799,-82.89188,32.89595,-97.0372,1602,234,12.076154806491886,0.146067415730337,14.61,0.1484201451226957,14.84,10.85660070479805,12.076154806491886,3.169594437399445,12.09,0,-1.0543142931918164,0.10054789392829286
STL-OMA,STL,St. Louis International Airport at Lambert Field,OMA,Eppley Airfield,38.74769,-90.35999,41.30252,-95.89417,1005,166,9.248756218905474,0.1651741293532338,16.52,0.1670688570125141,16.71,6.810788831661697,9.248756218905474,2.4274950705788645,12.09,0,-1.2070874531496967,-0.23130919693147597
CRW-ORD,CRW,Yeager Airport,ORD,Chicago O'Hare International Airport,38.37315,-81.59319,41.9796,-87.90446,611,105,15.400981996726678,0.1718494271685761,17.18,0.1738552559758483,17.39,4.140688533477907,15.400981996726678,4.0422524925791805,12.08,0,-0.5186229665568203,-1.1446276073598043
FLL-MSP,FLL,Fort Lauderdale-Hollywood International Airport,MSP,Minneapolis-Saint Paul International Airport,26.07258,-80.15275,44.88055,-93.21692,634,111,10.39589905362776,0.1750788643533123,17.51,0.1765818623962236,17.66,4.296557332610464,10.39589905362776,2.7285824287736906,12.08,0,-1.0237311326839083,-0.700363548893693
ICT-MDW,ICT,Wichita Dwight D. Eisenhower National Airport (Wichita Mid-Continent Airport),MDW,Chicago Midway International Airport,37.64996,-97.43305,41.78598,-87.75242,653,114,10.006125574272588,0.1745788667687595,17.46,0.1761103412999045,17.61,4.425318514502575,10.006125574272588,2.6262796782867683,12.07,0,-1.0719273092320285,-0.6455996422247551
FLL-BUF,FLL,Fort Lauderdale-Hollywood International Airport,BUF,Buffalo Niagara International Airport,26.07258,-80.15275,42.94052,-78.73217,618,107,13.071197411003237,0.1731391585760517,17.31,0.1749458036195378,17.49,4.1881268636486855,13.071197411003237,3.4307604753289334,12.06,0,-0.7620970148650026,-0.9379931145518057
MCI-HOU,MCI,Kansas City International Airport,HOU,William P. Hobby Airport,39.29761,-94.71391,29.64542,-95.27889,652,113,11.167177914110429,0.1733128834355828,17.33,0.1750147433495055,17.5,4.418541610192464,11.167177914110429,2.931017825225834,12.04,0,-0.966298780943002,-0.7407811571798236
SAN-BOS,SAN,San Diego International Airport (Lindbergh Field),BOS,Gen. Edward Lawrence Logan International Airport,32.73356,-117.18966,42.36435,-71.00518,1036,168,10.432432432432432,0.1621621621621621,16.22,0.1642703230623487,16.43,7.020872865275142,10.432432432432432,2.73817124210825,12.02,0,-1.125910160313663,-0.29003003338409955
BNA-DAL,BNA,Nashville International Airport,DAL,Dallas Love Field,36.12448,-86.67818,32.84711,-96.85177,976,161,8.975409836065573,0.1649590163934426,16.5,0.1669248020435206,16.69,6.614258606668474,8.975409836065573,2.3557506131405703,12.02,0,-1.2604862788991507,-0.22512311798932091
ELP-AUS,ELP,El Paso International Airport,AUS,Austin-Bergstrom International Airport,31.80667,-106.37781,30.19453,-97.66987,928,152,12.247844827586206,0.1637931034482758,16.38,0.1659640924113114,16.6,6.28896719978314,12.247844827586206,3.214657435061997,12.01,0,-0.9259531881778666,-0.5490903342194817
TXK-DFW,TXK,Texarkana Regional Airport (Webb Field),DFW,Dallas/Fort Worth International Airport,33.45371,-93.99102,32.89595,-97.0372,1000,162,11.674,0.162,16.2,0.1641918972716619,16.42,6.776904310111141,11.674,3.064041994750656,12.01,0,-1.0010284568193468,-0.4275383305333783
OAK-HOU,OAK,Oakland International Airport,HOU,William P. Hobby Airport,37.72129,-122.22072,29.64542,-95.27889,687,119,8.688500727802039,0.173216885007278,17.32,0.1748552566694131,17.49,4.655733261046354,8.688500727802039,2.280446385249878,12.0,0,-1.2426511471915835,-0.4870995468660929
IAH-SDF,IAH,George Bush Intercontinental Airport,SDF,Louisville International Airport (Standiford Field),29.98047,-95.33972,38.17439,-85.736,769,131,9.327698309492847,0.1703511053315994,17.04,0.1721646570757516,17.22,5.211439414475468,9.327698309492847,2.448214779394448,12.0,0,-1.1929856670365586,-0.45875519033793466
DFW-DAY,DFW,Dallas/Fort Worth International Airport,DAY,James M. Cox Dayton International Airport,32.89595,-97.0372,39.90238,-84.21938,988,161,10.328947368421051,0.1629554655870445,16.3,0.1650837196680405,16.51,6.695581458389807,10.328947368421051,2.7110098079845284,11.99,0,-1.1424093382476799,-0.32211260002959424
IAH-TYS,IAH,George Bush Intercontinental Airport,TYS,McGhee Tyson Airport,29.98047,-95.33972,35.81249,-83.99286,852,142,10.306338028169014,0.1666666666666666,16.67,0.168709124998769,16.87,5.773922472214692,10.306338028169014,2.705075597944623,11.97,0,-1.124581480114113,-0.45294727438535004
EAU-ORD,EAU,Chippewa Valley Regional Airport,ORD,Chicago O'Hare International Airport,44.86526,-91.48507,41.9796,-87.90446,696,117,14.35632183908046,0.168103448275862,16.81,0.1703656871844574,17.04,4.716725399837355,14.35632183908046,3.768063474824267,11.97,0,-0.6886477004216309,-0.9512564626711645
RSW-MDW,RSW,Southwest Florida International Airport,MDW,Chicago Midway International Airport,26.53617,-81.75517,41.78598,-87.75242,1215,189,11.071604938271603,0.1555555555555555,15.56,0.1578791536112761,15.79,8.233938736785037,11.071604938271603,2.9059330546644637,11.97,0,-1.1242460605596452,-0.1609764868177234
CVG-MCO,CVG,Cincinnati/Northern Kentucky International Airport,MCO,Orlando International Airport,39.04614,-84.66217,28.42889,-81.31603,978,159,10.594069529652351,0.1625766871165644,16.26,0.1647598209636624,16.48,6.627812415288696,10.594069529652351,2.780595677074108,11.96,0,-1.1259702832041922,-0.3503584043854561
ABQ-HOU,ABQ,Albuquerque International Sunport,HOU,William P. Hobby Airport,35.04022,-106.60919,29.64542,-95.27889,1013,164,10.210266535044422,0.1618953603158933,16.19,0.1640710575011933,16.41,6.8650040661425855,10.210266535044422,2.679859982951292,11.96,0,-1.1710635820642463,-0.28365280682203964
MCI-TPA,MCI,Kansas City International Airport,TPA,Tampa International Airport,39.29761,-94.71391,27.97547,-82.53325,520,91,11.636538461538462,0.175,17.5,0.1767920758045615,17.68,3.5239902412577933,11.636538461538462,3.0542095699576017,11.95,0,-0.9378597499851442,-0.8977189300724456
BNA-STL,BNA,Nashville International Airport,STL,St. Louis International Airport at Lambert Field,36.12448,-86.67818,38.74769,-90.35999,677,116,10.453471196454949,0.1713441654357459,17.13,0.173244642212134,17.32,4.587964217945243,10.453471196454949,2.743693227415997,11.95,0,-1.0852515829417508,-0.6378840905378519
MEM-HOU,MEM,Memphis International Airport,HOU,William P. Hobby Airport,35.04242,-89.97667,29.64542,-95.27889,673,115,10.677563150074294,0.1708766716196136,17.09,0.1728474605418216,17.28,4.560856600704798,10.677563150074294,2.802510013142859,11.93,0,-1.071152417287872,-0.6572916273879641
VLD-ATL,VLD,Valdosta Regional Airport,ATL,Hartsfield-Jackson Atlanta International Airport,30.7825,-83.27672,33.64044,-84.42694,1013,162,11.954590325765054,0.1599210266535044,15.99,0.1622741123080217,16.23,6.8650040661425855,11.954590325765054,3.1376877495446336,11.92,0,-1.013875626981426,-0.4252685203563434
MSP-BOI,MSP,Minneapolis-Saint Paul International Airport,BOI,Boise Airport (Boise Air Terminal),44.88055,-93.21692,43.56444,-116.22278,790,132,10.843037974683543,0.1670886075949367,16.71,0.1692259404481215,16.92,5.353754404987802,10.843037974683543,2.8459417256387254,11.92,0,-1.08251661875233,-0.5509236094091062
RDM-DEN,RDM,Redmond Municipal Airport (Roberts Field),DEN,Denver International Airport,44.25407,-121.14996,39.85841,-104.667,528,91,13.9375,0.1723484848484848,17.23,0.1745399474503632,17.45,3.5782054757386828,13.9375,3.658136482939633,11.91,0,-0.7245992422404777,-1.0769277196353555
JAX-BNA,JAX,Jacksonville International Airport,BNA,Nashville International Airport,30.49406,-81.68786,36.12448,-86.67818,989,160,9.723963599595551,0.1617795753286147,16.18,0.1640138539934142,16.4,6.702358362699918,9.723963599595551,2.55222141721668,11.9,0,-1.2437740081426094,-0.2550585048511927
BNA-MSP,BNA,Nashville International Airport,MSP,Minneapolis-Saint Paul International Airport,36.12448,-86.67818,44.88055,-93.21692,1075,168,14.08,0.1562790697674418,15.63,0.1588179463819814,15.88,7.285172133369477,14.08,3.695538057742783,11.9,0,-0.8218345516634391,-0.5425009791689034
SGF-DEN,SGF,Springfield-Branson National Airport,DEN,Denver International Airport,37.24433,-93.38686,39.85841,-104.667,609,105,10.047619047619047,0.1724137931034483,17.24,0.1743456798290947,17.43,4.127134724857686,10.047619047619047,2.6371703537057867,11.89,0,-1.142004672508576,-0.6611023679442892
DTW-BHM,DTW,Detroit Metropolitan Airport,BHM,Birmingham-Shuttlesworth International Airport,42.21206,-83.34884,33.56294,-86.75355,639,109,11.363067292644756,0.1705790297339593,17.06,0.1726807672514589,17.27,4.330441854161019,11.363067292644756,2.982432360274214,11.89,0,-1.0136679854762163,-0.7427793485219271
RSW-IND,RSW,Southwest Florida International Airport,IND,Indianapolis International Airport,26.53617,-81.75517,39.71733,-86.29438,771,128,12.198443579766536,0.166018158236057,16.6,0.1683250137759221,16.83,5.22499322309569,12.198443579766536,3.20169122828518,11.88,0,-0.9586074462716404,-0.6790323177516693
PNS-BNA,PNS,Pensacola International Airport (Pensacola Gulf Coast Regional Airport),BNA,Nashville International Airport,30.47331,-87.18744,36.12448,-86.67818,653,111,11.32312404287902,0.1699846860643185,17.0,0.1721262775548846,17.21,4.425318514502575,11.32312404287902,2.971948567684782,11.88,0,-1.0257850571584048,-0.7227669693763531
AUS-CLT,AUS,Austin-Bergstrom International Airport,CLT,Charlotte Douglas International Airport,30.19453,-97.66987,35.21401,-80.94313,501,87,12.459081836327345,0.1736526946107784,17.37,0.175725602327501,17.57,3.3952290593656813,12.459081836327345,3.2701002195084894,11.88,0,-0.8818208243185435,-0.9747058029034842
MSP-JFK,MSP,Minneapolis-Saint Paul International Airport,JFK,John F. Kennedy International Airport (New York International Airport),44.88055,-93.21692,40.63975,-73.77893,933,151,11.012861736334406,0.1618435155412647,16.18,0.164192727007578,16.42,6.322851721333694,11.012861736334406,2.890514891426353,11.87,0,-1.1179195785166811,-0.4136991279174406
LAX-CMH,LAX,Los Angeles International Airport,CMH,Port Columbus International Airport,33.94254,-118.40807,39.99799,-82.89188,637,110,8.222919937205651,0.1726844583987441,17.27,0.1745062238790069,17.45,4.3168880455407965,8.222919937205651,2.1582467026786483,11.87,0,-1.337456431954798,-0.4765341666982193
ROC-JFK,ROC,Greater Rochester International Airport,JFK,John F. Kennedy International Airport (New York International Airport),43.11887,-77.67238,40.63975,-73.77893,1191,184,11.017632241813605,0.1544920235096557,15.45,0.1569411982949869,15.69,8.07129303334237,11.017632241813605,2.8917669926019958,11.87,0,-1.1708117086591383,-0.16302827028135192
STL-SEA,STL,St. Louis International Airport at Lambert Field,SEA,Seattle-Tacoma International Airport,38.74769,-90.35999,47.44898,-122.30931,512,90,9.0234375,0.17578125,17.58,0.1774690964033139,17.75,3.469775006776904,9.0234375,2.368356299212598,11.87,0,-1.2336993132457783,-0.6723176219283851
ORF-DFW,ORF,Norfolk International Airport,DFW,Dallas/Fort Worth International Airport,36.89461,-76.20122,32.89595,-97.0372,672,110,18.571428571428573,0.1636904761904762,16.37,0.1665946722782748,16.66,4.554079696394687,18.571428571428573,4.874390701162355,11.87,0,-0.3066202899676392,-1.3130784229441648
ORD-PBI,ORD,Chicago O'Hare International Airport,PBI,Palm Beach International Airport,41.9796,-87.90446,26.68316,-80.09559,630,108,10.104761904761904,0.1714285714285714,17.14,0.1734398452038741,17.34,4.269449715370019,10.104761904761904,2.652168478940132,11.87,0,-1.1483089451583963,-0.641548036733289
SEA-FAT,SEA,Seattle-Tacoma International Airport,FAT,Fresno Yosemite International Airport,47.44898,-122.30931,36.77619,-119.71814,957,153,12.612330198537094,0.1598746081504702,15.99,0.1623567521275573,16.24,6.485497424776362,12.612330198537094,3.3103228867551437,11.86,0,-0.9643928291534201,-0.5256272313702378
BHM-MDW,BHM,Birmingham-Shuttlesworth International Airport,MDW,Chicago Midway International Airport,33.56294,-86.75355,41.78598,-87.75242,678,114,12.24188790560472,0.168141592920354,16.81,0.1704512686360259,17.05,4.594741122255354,12.24188790560472,3.213093938478929,11.86,0,-0.9477908010713967,-0.7711611463405157
JNU-SIT,JNU,Juneau International Airport,SIT,Sitka Rocky Gutierrez Airport,58.35496,-134.57628,57.04714,-135.3616,806,134,9.630272952853598,0.1662531017369727,16.63,0.1684449083872275,16.84,5.46218487394958,9.630272952853598,2.5276306962870336,11.85,0,-1.2385859521266276,-0.4205995223871411
SFO-DCA,SFO,San Francisco International Airport,DCA,Ronald Reagan Washington National Airport,37.619,-122.37484,38.85208,-77.03772,718,121,9.31058495821727,0.1685236768802228,16.85,0.1706737004875649,17.07,4.8658172946598,9.31058495821727,2.4437230861462647,11.83,0,-1.2653632947598616,-0.4767373805133028
BOI-GEG,BOI,Boise Airport (Boise Air Terminal),GEG,Spokane International Airport,43.56444,-116.22278,47.61986,-117.53384,639,108,11.971830985915492,0.1690140845070422,16.9,0.1713275872785225,17.13,4.330441854161019,11.971830985915492,3.142212857195667,11.83,0,-0.9797761725512572,-0.7832824933201201
MSP-CID,MSP,Minneapolis-Saint Paul International Airport,CID,The Eastern Iowa Airport,44.88055,-93.21692,41.88459,-91.71087,740,124,9.894594594594595,0.1675675675675675,16.76,0.1697751035700335,16.98,5.014909189482244,9.894594594594595,2.597006455274172,11.83,0,-1.2082678000735718,-0.5057068137137524
IND-DTW,IND,Indianapolis International Airport,DTW,Detroit Metropolitan Airport,39.71733,-86.29438,42.21206,-83.34884,723,120,12.76210235131397,0.1659751037344398,16.6,0.1684217338989406,16.84,4.899701816210355,12.76210235131397,3.349633163074533,11.83,0,-0.9162142030750124,-0.7655217743978339
IAH-SAV,IAH,George Bush Intercontinental Airport,SAV,Savannah/Hilton Head International Airport,29.98047,-95.33972,32.12758,-81.20214,505,87,12.25940594059406,0.1722772277227722,17.23,0.1745637801633523,17.46,3.4223366766061263,12.25940594059406,3.21769184792495,11.81,0,-0.9348080792246115,-0.9405854429082773
DTW-LAN,DTW,Detroit Metropolitan Airport,LAN,Capital Region International Airport ( Lansing Capital City),42.21206,-83.34884,42.7787,-84.58736,515,88,13.444660194174755,0.170873786407767,17.09,0.1733513609737043,17.34,3.490105719707238,13.444660194174755,3.5287822031954743,11.81,0,-0.8206630194580993,-1.0280322069595242
MCO-SFO,MCO,Orlando International Airport,SFO,San Francisco International Airport,28.42889,-81.31603,37.619,-122.37484,852,139,10.538732394366198,0.1631455399061032,16.31,0.1655578644945673,16.56,5.773922472214692,10.538732394366198,2.766071494584304,11.79,0,-1.1834983757368454,-0.4414512642707196
BRD-MSP,BRD,Brainerd Lakes Regional Airport,MSP,Minneapolis-Saint Paul International Airport,46.39786,-94.13723,44.88055,-93.21692,633,108,9.04265402843602,0.1706161137440758,17.06,0.1727299959056318,17.27,4.289780428300352,9.04265402843602,2.373400007463522,11.79,0,-1.2918293807083503,-0.5345743726688821
SAT-BWI,SAT,San Antonio International Airport,BWI,Baltimore-Washington International Airport,29.53369,-98.46978,39.1754,-76.6682,837,137,10.405017921146952,0.1636798088410991,16.37,0.1660737321225487,16.61,5.6722689075630255,10.405017921146952,2.730975832322035,11.79,0,-1.19346068582146,-0.44538532221611493
JAX-DFW,JAX,Jacksonville International Airport,DFW,Dallas/Fort Worth International Airport,30.49406,-81.68786,32.89595,-97.0372,1333,194,15.92423105776444,0.145536384096024,14.55,0.1483678206551487,14.84,9.033613445378151,15.92423105776444,4.179588204137649,11.79,0,-0.7458637284242762,-0.43396821693061044
BDL-DCA,BDL,Bradley International Airport,DCA,Ronald Reagan Washington National Airport,41.93887,-72.68323,38.85208,-77.03772,715,118,12.953846153846154,0.165034965034965,16.5,0.1676209656427339,16.76,4.845486581729467,12.953846153846154,3.3999596204320617,11.78,0,-0.9201391768852906,-0.7795570475706859
ELP-DEN,ELP,El Paso International Airport,DEN,Denver International Airport,31.80667,-106.37781,39.85841,-104.667,928,149,10.645474137931034,0.1605603448275862,16.06,0.1630458044735682,16.3,6.28896719978314,10.645474137931034,2.794087700244366,11.77,0,-1.1964661448356928,-0.3723924385471601
MCI-BWI,MCI,Kansas City International Airport,BWI,Baltimore-Washington International Airport,39.29761,-94.71391,39.1754,-76.6682,875,142,9.976,0.1622857142857142,16.23,0.164729319998798,16.47,5.9297912713472485,9.976,2.618372703412074,11.76,0,-1.2594983744727166,-0.3650539292672346
DTW-CID,DTW,Detroit Metropolitan Airport,CID,The Eastern Iowa Airport,42.21206,-83.34884,41.88459,-91.71087,777,127,11.962676962676962,0.1634491634491634,16.34,0.1660331664752886,16.6,5.265654648956357,11.962676962676962,3.139810226424399,11.75,0,-1.0454168784101936,-0.6285364227515764
BWI-MSP,BWI,Baltimore-Washington International Airport,MSP,Minneapolis-Saint Paul International Airport,39.1754,-76.6682,44.88055,-93.21692,1145,175,12.26288209606987,0.1528384279475982,15.28,0.1555109132520708,15.55,7.759555435077256,12.26288209606987,3.2186042246902544,11.75,0,-1.0888977477461264,-0.29507484717722865
RNO-DFW,RNO,Reno/Tahoe International Airport,DFW,Dallas/Fort Worth International Airport,39.49858,-119.76806,32.89595,-97.0372,788,126,15.89467005076142,0.1598984771573604,15.99,0.1628503231968785,16.29,5.34020059636758,15.89467005076142,4.171829409648667,11.73,0,-0.6592200684533587,-0.9484338027234369
COS-DFW,COS,City of Colorado Springs Municipal Airport,DFW,Dallas/Fort Worth International Airport,38.80581,-104.70025,32.89595,-97.0372,1136,172,14.050176056338028,0.1514084507042253,15.14,0.1542160898048771,15.42,7.698563296286257,14.050176056338028,3.687710251007356,11.73,0,-0.9170843857623566,-0.45236525729946386
BDL-DFW,BDL,Bradley International Airport,DFW,Dallas/Fort Worth International Airport,41.93887,-72.68323,32.89595,-97.0372,671,112,10.168405365126675,0.1669150521609538,16.69,0.1694047820996474,16.94,4.547302792084576,10.168405365126675,2.668872799245847,11.7,0,-1.2270967705023796,-0.5748411787892284
MAF-LAS,MAF,Midland International Airport,LAS,McCarran International Airport,31.94253,-102.20191,36.08036,-115.15233,610,103,9.942622950819672,0.1688524590163934,16.89,0.17128322112511,17.13,4.133911629167796,9.942622950819672,2.6096123230497827,11.7,0,-1.2374404494870457,-0.6180060126052035
MCO-SAT,MCO,Orlando International Airport,SAT,San Antonio International Airport,28.42889,-81.31603,29.53369,-98.46978,526,90,10.100760456273765,0.1711026615969581,17.11,0.1735001389757638,17.35,3.5646516671184605,10.100760456273765,2.651118229993114,11.7,0,-1.207718852117757,-0.7155607021297143
STL-CLT,STL,St. Louis International Airport at Lambert Field,CLT,Charlotte Douglas International Airport,38.74769,-90.35999,35.21401,-80.94313,1025,160,10.920975609756098,0.1560975609756097,15.61,0.158765410665625,15.88,6.946326917863919,10.920975609756098,2.8663977978362465,11.69,0,-1.2253015999048191,-0.28747764075494064
RIC-DTW,RIC,Richmond International Airport,DTW,Detroit Metropolitan Airport,37.50517,-77.31967,42.21206,-83.34884,942,147,13.383227176220808,0.1560509554140127,15.61,0.1589357840679732,15.89,6.383843860124696,13.383227176220808,3.5126580515015244,11.66,0,-0.9757091779482773,-0.5715386770535482
LAS-CMH,LAS,McCarran International Airport,CMH,Port Columbus International Airport,36.08036,-115.15233,39.99799,-82.89188,679,113,9.191458026509572,0.166421207658321,16.64,0.1689487637982389,16.89,4.601518026565465,9.191458026509572,2.412456174936896,11.65,0,-1.3509256276304726,-0.4744153974254942
DTW-PLN,DTW,Detroit Metropolitan Airport,PLN,Pellston Regional Airport of Emmet County,42.21206,-83.34884,45.57093,-84.79672,793,127,13.160151324085753,0.1601513240857503,16.02,0.1630583281061905,16.31,5.374085117918135,13.160151324085753,3.454107959077625,11.65,0,-0.9736212330673627,-0.6967649368133714
BTV-JFK,BTV,Burlington International Airport,JFK,John F. Kennedy International Airport (New York International Airport),44.473,-73.15031,40.63975,-73.77893,1113,168,13.39622641509434,0.1509433962264151,15.09,0.1538426108811444,15.38,7.5426944971536996,13.39622641509434,3.516069925221611,11.64,0,-1.0185969258274623,-0.40428433989319174
EYW-MIA,EYW,Key West International Airport,MIA,Miami International Airport,24.55611,-81.75956,25.79325,-80.29056,562,94,11.891459074733095,0.1672597864768683,16.73,0.1701073821734564,17.01,3.808620222282461,11.891459074733095,3.1211178673840148,11.63,0,-1.06706172122326,-0.8164048101784911
PHL-BNA,PHL,Philadelphia International Airport,BNA,Nashville International Airport,39.87195,-75.24114,36.12448,-86.67818,667,110,11.076461769115442,0.1649175412293853,16.49,0.1676806870910406,16.77,4.520195174844131,11.076461769115442,2.907207813416126,11.63,0,-1.1684081282250938,-0.6420517950169297
GEG-OAK,GEG,Spokane International Airport,OAK,Oakland International Airport,47.61986,-117.53384,37.72129,-122.22072,703,115,11.675675675675675,0.1635846372688477,16.36,0.1663898966361496,16.64,4.764163730008132,11.675675675675675,3.0644818046392848,11.63,0,-1.1123228965145533,-0.6584391009695489
BDL-TPA,BDL,Bradley International Airport,TPA,Tampa International Airport,41.93887,-72.68323,27.97547,-82.53325,998,155,11.356713426853709,0.1553106212424849,15.53,0.1581157440790784,15.81,6.76335050149092,11.356713426853709,2.980764678964228,11.62,0,-1.2075953953997922,-0.33916796743284927
DBQ-ORD,DBQ,Dubuque Regional Airport,ORD,Chicago O'Hare International Airport,42.40296,-90.70917,41.9796,-87.90446,956,149,11.984309623430962,0.155857740585774,15.59,0.1587226202640418,15.87,6.478720520466251,11.984309623430962,3.1454880901393603,11.61,0,-1.1400169966290845,-0.4319460282428798
CMH-MCO,CMH,Port Columbus International Airport,MCO,Orlando International Airport,39.99799,-82.89188,28.42889,-81.31603,1105,167,12.71945701357466,0.151131221719457,15.11,0.1540340970944632,15.4,7.48847926267281,12.71945701357466,3.3384401610432177,11.61,0,-1.0980074837575073,-0.34985053754445067
BNA-ECP,BNA,Nashville International Airport,ECP,Northwest Florida Beaches International Airport,36.12448,-86.67818,30.35483,-85.79952,652,108,10.010736196319018,0.1656441717791411,16.56,0.1683658071792927,16.84,4.418541610192464,10.010736196319018,2.627489815306829,11.6,0,-1.2852735287093802,-0.5624286659561653
CIU-DTW,CIU,Chippewa County International Airport,DTW,Detroit Metropolitan Airport,46.25075,-84.47239,42.21206,-83.34884,653,106,13.917304747320062,0.1623277182235834,16.23,0.1654861713131847,16.55,4.425318514502575,13.917304747320062,3.652835891685056,11.58,0,-0.9011086662891727,-0.8881429610332723
DTW-CIU,DTW,Detroit Metropolitan Airport,CIU,Chippewa County International Airport,42.21206,-83.34884,46.25075,-84.47239,653,107,11.898928024502297,0.1638591117917305,16.39,0.1668141925615247,16.68,4.425318514502575,11.898928024502297,3.123078221654146,11.58,0,-1.103564660130154,-0.7180545122522707
SFO-BFL,SFO,San Francisco International Airport,BFL,Meadows Field,37.619,-122.37484,35.4336,-119.05677,707,115,10.465346534653465,0.1626591230551626,16.27,0.1655651635673211,16.56,4.791271347248577,10.465346534653465,2.7468101140822743,11.55,0,-1.274377353548079,-0.5359082425982085
AUS-SAN,AUS,Austin-Bergstrom International Airport,SAN,San Diego International Airport (Lindbergh Field),30.19453,-97.66987,32.73356,-117.18966,680,111,10.638235294117647,0.163235294117647,16.32,0.1661680602549078,16.62,4.6082949308755765,10.638235294117647,2.7921877412382274,11.54,0,-1.2547316142993385,-0.5766798937311264
PSP-DFW,PSP,Palm Springs International Airport,DFW,Dallas/Fort Worth International Airport,33.82922,-116.50625,32.89595,-97.0372,757,122,10.145310435931307,0.1611624834874504,16.12,0.1640736137675941,16.41,5.130116562754134,10.145310435931307,2.662811138039713,11.53,0,-1.3244341975234133,-0.45616632944218144
BOS-PDX,BOS,Gen. Edward Lawrence Logan International Airport,PDX,Portland International Airport,42.36435,-71.00518,45.58872,-122.5975,518,87,9.91891891891892,0.1679536679536679,16.8,0.1708917265353206,17.09,3.510436432637571,9.91891891891892,2.60339079236717,11.52,0,-1.306046970930638,-0.6753863419322347
FAT-SEA,FAT,Fresno Yosemite International Airport,SEA,Seattle-Tacoma International Airport,36.77619,-119.71814,47.44898,-122.30931,953,146,13.227701993704091,0.1532004197271773,15.32,0.1563258186123724,15.63,6.458389807535918,13.227701993704091,3.4718377936231213,11.51,0,-1.0603644016675355,-0.5233092950022782
LAX-CVG,LAX,Los Angeles International Airport,CVG,Cincinnati/Northern Kentucky International Airport,33.94254,-118.40807,39.04614,-84.66217,580,96,10.567241379310344,0.1655172413793103,16.55,0.1685457161747472,16.85,3.9306044998644616,10.567241379310344,2.773554167797991,11.51,0,-1.25771023196017,-0.6648521787305645
DLH-MSP,DLH,Duluth International Airport,MSP,Minneapolis-Saint Paul International Airport,46.84209,-92.19365,44.88055,-93.21692,716,116,10.06145251396648,0.1620111731843575,16.2,0.1649645674005246,16.5,4.852263486039577,10.06145251396648,2.640801184768105,11.51,0,-1.3342889617631783,-0.4860731773651641
JMS-DVL,JMS,Jamestown Regional Airport,DVL,Devils Lake Regional Airport,46.92972,-98.6782,48.11425,-98.90878,523,87,10.804971319311663,0.1663479923518164,16.63,0.1695202038504464,16.95,3.544320954188126,10.804971319311663,2.835950477509623,11.48,0,-1.237149081816702,-0.7367517044445694
EWR-SYR,EWR,Newark Liberty International Airport,SYR,Syracuse Hancock International Airport,40.6925,-74.16866,43.11119,-76.10631,534,89,9.696629213483146,0.1666666666666666,16.67,0.1697335757079308,16.97,3.618866901599349,9.696629213483146,2.5450470376596184,11.47,0,-1.3551207776104717,-0.6304794309388453
MRY-SFO,MRY,Monterey Regional Airport (Monterey Peninsula Airport),SFO,San Francisco International Airport,36.58698,-121.84295,37.619,-122.37484,807,127,11.26889714993804,0.1573729863692688,15.74,0.1605414410130409,16.05,5.468961778259691,11.26889714993804,2.957715787385313,11.44,0,-1.2605573617089572,-0.48719932450329845
GNV-MIA,GNV,Gainesville Regional Airport,MIA,Miami International Airport,29.69006,-82.27178,25.79325,-80.29056,626,101,12.110223642172524,0.1613418530351437,16.13,0.1647535633592674,16.48,4.242342098129575,12.110223642172524,3.17853638902166,11.43,0,-1.1500000563850494,-0.7328403493364128
ORF-MDW,ORF,Norfolk International Airport,MDW,Chicago Midway International Airport,36.89461,-76.20122,41.78598,-87.75242,588,96,10.700680272108844,0.1632653061224489,16.33,0.1665858822657386,16.66,3.984819734345351,10.700680272108844,2.8085774992411663,11.41,0,-1.29021065525657,-0.6506110328501252
VPS-IAH,VPS,Destin-Fort Walton Beach Airport/Eglin AFB,IAH,George Bush Intercontinental Airport,30.48325,-86.5254,29.98047,-95.33972,935,141,12.967914438502676,0.1508021390374331,15.08,0.1542136106268871,15.42,6.336405529953917,12.967914438502676,3.4036520835965027,11.35,0,-1.1582286418100622,-0.49011546531135686
CLD-LAX,CLD,McClellan-Palomar Airport,LAX,Los Angeles International Airport,33.12723,-117.27873,33.94254,-118.40807,628,101,10.579617834394904,0.160828025477707,16.08,0.164300943679709,16.43,4.255895906749797,10.579617834394904,2.7768025812060118,11.34,0,-1.3437073873149266,-0.5863690337486187
HNL-DFW,HNL,Honolulu International Airport,DFW,Dallas/Fort Worth International Airport,21.31869,-157.92241,32.89595,-97.0372,748,113,18.97593582887701,0.1510695187165775,15.11,0.1552017535363539,15.52,5.0691244239631335,18.97593582887701,4.980560585007089,11.33,0,-0.5264269156740183,-1.1764873920103447
IAD-MDW,IAD,Washington Dulles International Airport,MDW,Chicago Midway International Airport,38.94453,-77.45581,41.78598,-87.75242,723,114,11.038727524204702,0.1576763485477178,15.77,0.1611313329268871,16.11,4.899701816210355,11.038727524204702,2.8973038121272188,11.33,0,-1.3198174333083648,-0.5295252996932606
SBA-DEN,SBA,Santa Barbara Municipal Airport (Santa Barbara Airport),DEN,Denver International Airport,34.42621,-119.84037,39.85841,-104.667,690,108,12.043478260869565,0.1565217391304348,15.65,0.1602671987326938,16.03,4.676063973976687,12.043478260869565,3.161017916238731,11.26,0,-1.2438488751738666,-0.6348417714552906
ALO-ORD,ALO,Waterloo Regional Airport,ORD,Chicago O'Hare International Airport,42.55708,-92.40034,41.9796,-87.90446,638,101,11.191222570532917,0.1583072100313479,15.83,0.1620746436298484,16.21,4.323664949850908,11.191222570532917,2.9373287586700565,11.25,0,-1.3257044280559795,-0.6114277682628808
SPI-DFW,SPI,Abraham Lincoln Capital Airport,DFW,Dallas/Fort Worth International Airport,39.84395,-89.67762,32.89595,-97.0372,618,97,12.56957928802589,0.156957928802589,15.7,0.1610182270178665,16.1,4.1881268636486855,12.56957928802589,3.2991021753348795,11.2,0,-1.2041770885290097,-0.73977867965257
SBN-MSP,SBN,South Bend International Airport (South Bend Regional),MSP,Minneapolis-Saint Paul International Airport,41.70895,-86.31847,44.88055,-93.21692,595,93,13.521008403361344,0.1563025210084033,15.63,0.1605914920846448,16.06,4.032258064516129,13.521008403361344,3.5488211032444474,11.18,0,-1.1163440048418813,-0.8371149200060584
SJU-IAH,SJU,Luis Muñoz Marín International Airport,IAH,George Bush Intercontinental Airport,18.43942,-66.00183,29.98047,-95.33972,558,88,11.272401433691757,0.1577060931899641,15.77,0.1620229285696476,16.2,3.7815126050420167,11.272401433691757,2.9586355469007235,11.11,0,-1.3668724246682065,-0.6716600944694383
JFK-DFW,JFK,John F. Kennedy International Airport (New York International Airport),DFW,Dallas/Fort Worth International Airport,40.63975,-73.77893,32.89595,-97.0372,579,91,11.174438687392056,0.157167530224525,15.72,0.161430172310498,16.14,3.923827595554351,11.174438687392056,2.9329235399979146,11.1,0,-1.3824516865794758,-0.6425920176110567
ONT-IAH,ONT,Ontario International Airport,IAH,George Bush Intercontinental Airport,34.056,-117.60119,29.98047,-95.33972,520,80,12.24423076923077,0.1538461538461538,15.38,0.1590501403206905,15.91,3.5239902412577933,12.24423076923077,3.213708863315163,10.91,0,-1.3565271347919767,-0.7520189050857669
DFW-HNL,DFW,Dallas/Fort Worth International Airport,HNL,Honolulu International Airport,32.89595,-97.0372,21.31869,-157.92241,749,299,31.83845126835781,0.3991989319092123,39.92,0.3741002202577481,37.41,5.075901328273245,31.83845126835781,8.356548889332759,24.97,1,6.996067637746088,-4.677194604127127
ORD-ASE,ORD,Chicago O'Hare International Airport,ASE,Aspen-Pitkin County Airport,41.9796,-87.90446,39.22316,-106.86885,569,231,26.806678383128297,0.40597539543058,40.6,0.3731107428980988,37.31,3.856058552453239,26.806678383128297,7.0358735913722565,24.41,1,6.301876000047915,-4.443504298228083
DFW-OGG,DFW,Dallas/Fort Worth International Airport,OGG,Kahului Airport,32.89595,-97.0372,20.89865,-156.43046,533,216,32.13883677298311,0.4052532833020638,40.53,0.3706336287501234,37.06,3.6120899972892384,32.13883677298311,8.435390229129426,24.4,1,6.8555456686377125,-4.955807414966879
RDU-LGA,RDU,Raleigh-Durham International Airport,LGA,LaGuardia Airport (Marine Air Terminal),35.87764,-78.78747,40.77724,-73.87261,1762,586,23.809875141884223,0.3325766174801362,33.26,0.3247105730391128,32.47,11.94090539441583,23.809875141884223,6.249311060862,23.4,1,5.330888042035816,-2.375235425601133
ORD-BOI,ORD,Chicago O'Hare International Airport,BOI,Boise Airport (Boise Air Terminal),41.9796,-87.90446,43.56444,-116.22278,579,223,21.86873920552677,0.385146804835924,38.51,0.3558337069202181,35.58,3.923827595554351,21.86873920552677,5.739826563130386,23.19,1,5.241806579301099,-3.78467739674543
PBI-LGA,PBI,Palm Beach International Airport,LGA,LaGuardia Airport (Marine Air Terminal),26.68316,-80.09559,40.77724,-73.87261,3064,870,20.305809399477805,0.2839425587467363,28.39,0.2808505331854703,28.09,20.76443480618054,20.305809399477805,5.32960876626714,22.84,1,4.554813985404702,-0.4990620919489066
LGA-MYR,LGA,LaGuardia Airport (Marine Air Terminal),MYR,Myrtle Beach International Airport,40.77724,-73.87261,33.67975,-78.92833,679,251,22.77466863033873,0.3696612665684831,36.97,0.3460989563527961,34.61,4.601518026565465,22.77466863033873,5.977603315049537,22.81,1,5.1211968250110855,-3.6343403054308236
DCA-JFK,DCA,Ronald Reagan Washington National Airport,JFK,John F. Kennedy International Airport (New York International Airport),38.85208,-77.03772,40.63975,-73.77893,913,321,26.786418400876236,0.3515881708652793,35.16,0.3352528005911433,33.53,6.187313635131472,26.786418400876236,7.030556010728669,22.72,1,5.423050458035724,-3.619057602284586
LGA-CMH,LGA,LaGuardia Airport (Marine Air Terminal),CMH,Port Columbus International Airport,40.77724,-73.87261,39.99799,-82.89188,1431,476,20.647798742138363,0.3326345213137666,33.26,0.3230640672755246,32.31,9.697750067769045,20.647798742138363,5.419369748592747,22.62,1,4.687419568455359,-2.4004459654405848
RIC-LGA,RIC,Richmond International Airport,LGA,LaGuardia Airport (Marine Air Terminal),37.50517,-77.31967,40.77724,-73.87261,1519,494,23.266622778143518,0.325213956550362,32.52,0.3166220426181767,31.66,10.294117647058822,23.266622778143518,6.1067251386203445,22.49,1,4.878516213162945,-2.493821537379618
CLT-JFK,CLT,Charlotte Douglas International Airport,JFK,John F. Kennedy International Airport (New York International Airport),35.21401,-80.94313,40.63975,-73.77893,2733,782,18.6494694474936,0.2861324551774606,28.61,0.2826018662191416,28.26,18.521279479533742,18.6494694474936,4.894873870733227,22.32,1,4.18812031997518,-0.6577252734979285
DAL-LGA,DAL,Dallas Love Field,LGA,LaGuardia Airport (Marine Air Terminal),32.84711,-96.85177,40.77724,-73.87261,2700,772,18.83111111111111,0.2859259259259259,28.59,0.2823611024995814,28.24,18.29764163730008,18.83111111111111,4.9425488480606585,22.26,1,4.181581848206485,-0.702750468453931
LGA-RDU,LGA,LaGuardia Airport (Marine Air Terminal),RDU,Raleigh-Durham International Airport,40.77724,-73.87261,35.87764,-78.78747,1860,578,20.044623655913977,0.310752688172043,31.08,0.3043934117340959,30.44,12.605042016806722,20.044623655913977,5.26105607766771,22.2,1,4.3851754590382015,-1.7631281482462406
BOS-FLL,BOS,Gen. Edward Lawrence Logan International Airport,FLL,Fort Lauderdale-Hollywood International Airport,42.36435,-71.00518,26.07258,-80.15275,2301,685,17.022164276401565,0.297696653628857,29.77,0.2930491824235019,29.3,15.593656817565735,17.022164276401565,4.467759652598836,22.15,1,4.003833372033759,-0.9805141140629681
PBI-BOS,PBI,Palm Beach International Airport,BOS,Gen. Edward Lawrence Logan International Airport,26.68316,-80.09559,42.36435,-71.00518,1670,526,20.237724550898204,0.3149700598802395,31.5,0.3076898796603549,30.77,11.317430197885606,20.237724550898204,5.31173872726987,22.09,1,4.373277800792607,-1.9906978932201633
ORD-COS,ORD,Chicago O'Hare International Airport,COS,City of Colorado Springs Municipal Airport,41.9796,-87.90446,38.80581,-104.70025,998,338,21.54308617234469,0.3386773547094188,33.87,0.3247824107457451,32.48,6.76335050149092,21.54308617234469,5.654353326074721,22.03,1,4.5651318885883745,-2.9417904075505126
IAH-EWR,IAH,George Bush Intercontinental Airport,EWR,Newark Liberty International Airport,29.98047,-95.33972,40.6925,-74.16866,3462,899,17.673310225303293,0.2596764875794338,25.97,0.2576111979221864,25.76,23.46164272160477,17.673310225303293,4.638664101129473,22.02,1,3.8245923820102377,0.2349475967058791
LAX-FLL,LAX,Los Angeles International Airport,FLL,Fort Lauderdale-Hollywood International Airport,33.94254,-118.40807,26.07258,-80.15275,1888,579,17.58951271186441,0.3066737288135593,30.67,0.3006091986915634,30.06,12.794795337489834,17.58951271186441,4.6166700031140175,21.93,1,4.0076569454277875,-1.4795597232928626
DFW-XNA,DFW,Dallas/Fort Worth International Airport,XNA,Northwest Arkansas Regional Airport,32.89595,-97.0372,36.28187,-94.30681,2345,681,17.27675906183369,0.2904051172707889,29.04,0.2861395038850012,28.61,15.891840607210623,17.27675906183369,4.534582430927478,21.82,1,3.8676819280408496,-0.9106772496681822
PHL-MIA,PHL,Philadelphia International Airport,MIA,Miami International Airport,39.87195,-75.24114,25.79325,-80.29056,2830,777,17.214487632508835,0.2745583038869258,27.46,0.2715396201361188,27.15,19.17863919761453,17.214487632508835,4.518238223755599,21.76,1,3.7637121877731254,-0.36371986153765556
DFW-EWR,DFW,Dallas/Fort Worth International Airport,EWR,Newark Liberty International Airport,32.89595,-97.0372,40.6925,-74.16866,2658,734,17.693754702784048,0.2761474793077502,27.61,0.2728829176935562,27.29,18.013011656275413,17.693754702784048,4.644030105717598,21.57,1,3.746235524045972,-0.5695032764736252
MIA-MCO,MIA,Miami International Airport,MCO,Orlando International Airport,25.79325,-80.29056,28.42889,-81.31603,3294,849,15.437462052216151,0.2577413479052823,25.77,0.2556308447256417,25.56,22.323122797506095,15.437462052216151,4.051827310292953,21.52,1,3.3915069581569606,0.30689477109524776
ORD-JFK,ORD,Chicago O'Hare International Airport,JFK,John F. Kennedy International Airport (New York International Airport),41.9796,-87.90446,40.63975,-73.77893,1709,514,23.735517846693973,0.3007606787595084,30.08,0.2944229336643605,29.44,11.58172946597994,23.735517846693973,6.229794710418365,21.49,1,4.443998024015628,-2.1586335439684894
LGA-PBI,LGA,LaGuardia Airport (Marine Air Terminal),PBI,Palm Beach International Airport,40.77724,-73.87261,26.68316,-80.09559,3084,800,17.980869001297016,0.2594033722438392,25.94,0.2571014720473706,25.71,20.89997289238276,17.980869001297016,4.719388189316802,21.36,1,3.6023561641767565,-0.11618954625077552
DFW-TYS,DFW,Dallas/Fort Worth International Airport,TYS,McGhee Tyson Airport,32.89595,-97.0372,35.81249,-83.99286,1722,515,20.70731707317073,0.2990708478513356,29.91,0.2928710686052844,29.29,11.669829222011384,20.70731707317073,5.4349913577875935,21.31,1,4.052101121545714,-1.8556277852747116
RNO-LAX,RNO,Reno/Tahoe International Airport,LAX,Los Angeles International Airport,39.49858,-119.76806,33.94254,-118.40807,2037,593,16.611683848797252,0.2911143838978891,29.11,0.2862007894238784,28.62,13.804554079696391,16.611683848797252,4.360022007558334,21.28,1,3.5871042175787897,-1.1324595116735423
DEN-COS,DEN,Denver International Airport,COS,City of Colorado Springs Municipal Airport,39.85841,-104.667,38.80581,-104.70025,2188,623,18.718007312614255,0.2847349177330895,28.47,0.2804244261358514,28.04,14.827866630523175,18.718007312614255,4.912862811709779,21.27,1,3.7731221718154884,-1.1412963647863212
MIA-STT,MIA,Miami International Airport,STT,Cyril E. King Airport,25.79325,-80.29056,18.33731,-64.97336,1011,330,18.363996043521265,0.3264094955489614,32.64,0.3137813564345888,31.38,6.851450257522364,18.363996043521265,4.819946468115818,21.26,1,3.8938355414974293,-2.5272162244084573
DAL-LAX,DAL,Dallas Love Field,LAX,Los Angeles International Airport,32.84711,-96.85177,33.94254,-118.40807,2702,729,15.276461880088824,0.26980014803849,26.98,0.2668133786576831,26.68,18.311195445920305,15.276461880088824,4.009570047267407,21.19,1,3.3151354025930706,-0.26639208771729445
LGA-BNA,LGA,LaGuardia Airport (Marine Air Terminal),BNA,Nashville International Airport,40.77724,-73.87261,36.12448,-86.67818,2442,665,18.886568386568385,0.2723177723177723,27.23,0.2689264701018206,26.89,16.54920032529141,18.886568386568385,4.957104563403775,21.01,1,3.632950450788508,-0.8417997243711193
IAH-MCO,IAH,George Bush Intercontinental Airport,MCO,Orlando International Airport,29.98047,-95.33972,28.42889,-81.31603,2833,738,18.62442640310625,0.2605012354394634,26.05,0.257964912035059,25.8,19.198969910544864,18.62442640310625,4.88830089320374,21.01,1,3.542360239819868,-0.39803160094281764
BNA-LGA,BNA,Nashville International Airport,LGA,LaGuardia Airport (Marine Air Terminal),36.12448,-86.67818,40.77724,-73.87261,2496,675,18.75761217948718,0.2704326923076923,27.04,0.2671845481505501,26.72,16.91515315803741,18.75761217948718,4.9232577898916485,21.0,1,3.6044001565110535,-0.7692851542214865
FAT-LAX,FAT,Fresno Yosemite International Airport,LAX,Los Angeles International Airport,36.77619,-119.71814,33.94254,-118.40807,1799,526,17.268482490272373,0.292384658143413,29.24,0.2867883554496198,28.68,12.191650853889945,17.268482490272373,4.532410102433693,20.94,1,3.525414708917295,-1.4168154108231135
ORD-BWI,ORD,Chicago O'Hare International Airport,BWI,Baltimore-Washington International Airport,41.9796,-87.90446,39.1754,-76.6682,2689,709,18.00297508367423,0.2636667906284864,26.37,0.2608860118317777,26.09,18.223095689888854,18.00297508367423,4.725190310675651,20.92,1,3.4604371350697942,-0.48623240116332844
PHL-SJU,PHL,Philadelphia International Airport,SJU,Luis Muñoz Marín International Airport,39.87195,-75.24114,18.43942,-66.00183,1089,345,18.252525252525253,0.3168044077134986,31.68,0.3058125206045653,30.58,7.380048793711033,18.252525252525253,4.790689042657546,20.91,1,3.709637173434943,-2.3589575775143863
LAS-FLL,LAS,McCarran International Airport,FLL,Fort Lauderdale-Hollywood International Airport,36.08036,-115.15233,26.07258,-80.15275,1148,361,17.288327526132406,0.3144599303135889,31.45,0.3041755504798302,30.42,7.7798861480075905,17.288327526132406,4.537618773263099,20.88,1,3.5884782512499576,-2.1963982889126936
DEN-ASE,DEN,Denver International Airport,ASE,Aspen-Pitkin County Airport,39.85841,-104.667,39.22316,-106.86885,1054,334,18.719165085388997,0.3168880455407969,31.69,0.3055555346610296,30.56,7.142857142857142,18.719165085388997,4.913166689078476,20.86,1,3.737913929094827,-2.434391395862752
CMH-LGA,CMH,Port Columbus International Airport,LGA,LaGuardia Airport (Marine Air Terminal),39.99799,-82.89188,40.77724,-73.87261,1421,426,21.4201266713582,0.2997888810696692,29.98,0.292314981590288,29.23,9.62998102466793,21.4201266713582,5.622080491170131,20.79,1,3.924217625581846,-2.1988152577896187
LGA-GSO,LGA,LaGuardia Airport (Marine Air Terminal),GSO,Piedmont Triad International Airport,40.77724,-73.87261,36.09775,-79.9373,1236,378,22.1504854368932,0.3058252427184466,30.58,0.2968645860769672,29.69,8.376253727297371,22.1504854368932,5.813775705221313,20.78,1,4.018566546945906,-2.4850517665401055
MDW-LGA,MDW,Chicago Midway International Airport,LGA,LaGuardia Airport (Marine Air Terminal),41.78598,-87.75242,40.77724,-73.87261,2271,621,18.33597534125936,0.273447820343461,27.34,0.2697642711930949,26.98,15.390349688262402,18.33597534125936,4.812591953086446,20.76,1,3.4819414215706277,-0.9491116293532791
BWI-BDL,BWI,Baltimore-Washington International Airport,BDL,Bradley International Airport,39.1754,-76.6682,41.93887,-72.68323,2345,638,15.946268656716418,0.2720682302771855,27.21,0.2685525918195616,26.86,15.891840607210623,15.946268656716418,4.1853723508442044,20.72,1,3.2134006715269208,-0.6559679441443647
DEN-LGA,DEN,Denver International Airport,LGA,LaGuardia Airport (Marine Air Terminal),39.85841,-104.667,40.77724,-73.87261,3496,829,15.552631578947368,0.2371281464530892,23.71,0.2357094235258142,23.57,23.69205746814855,15.552631578947368,4.0820555325321175,20.68,1,2.9489251974891757,0.58439809249572
BTR-DFW,BTR,Baton Rouge Metropolitan Airport,DFW,Dallas/Fort Worth International Airport,30.53316,-91.14963,32.89595,-97.0372,2426,644,20.90272052761748,0.2654575432811212,26.55,0.2623163448134711,26.23,16.44076985632963,20.90272052761748,5.486278353705376,20.67,1,3.6747327617369736,-0.991580672020231
DFW-CRP,DFW,Dallas/Fort Worth International Airport,CRP,Corpus Christi International Airport,32.89595,-97.0372,27.77036,-97.50122,1500,446,17.898666666666667,0.2973333333333333,29.73,0.2903819293742676,29.04,10.165356465166711,17.898666666666667,4.697812773403324,20.67,1,3.5043599265198724,-1.784239064364466
RSW-LGA,RSW,Southwest Florida International Airport,LGA,LaGuardia Airport (Marine Air Terminal),26.53617,-81.75517,40.77724,-73.87261,778,249,25.83033419023136,0.320051413881748,32.01,0.304796226650146,30.48,5.272431553266467,25.83033419023136,6.779615273026604,20.62,1,4.400160692710306,-3.361059441914045
SFO-HNL,SFO,San Francisco International Airport,HNL,Honolulu International Airport,37.619,-122.37484,21.31869,-157.92241,2209,601,19.415572657311,0.2720688094160253,27.21,0.2683460749237021,26.83,14.970181621035511,19.415572657311,5.095950828690551,20.6,1,3.528080715388664,-1.0923993710586395
HPN-ATL,HPN,Westchester County Airport,ATL,Hartsfield-Jackson Atlanta International Airport,41.06696,-73.70757,33.64044,-84.42694,1996,556,19.57364729458918,0.2785571142284569,27.86,0.2741465109727233,27.41,13.52670100298184,19.57364729458918,5.13744023480031,20.6,1,3.5727672713122955,-1.343065488152702
PHX-ONT,PHX,Phoenix Sky Harbor International Airport,ONT,Ontario International Airport,33.43417,-112.00806,34.056,-117.60119,3238,791,12.642680667078444,0.2442865966646077,24.43,0.2425437648288879,24.25,21.943616156139875,12.642680667078444,3.3182888889969666,20.53,1,2.6421714584293583,0.5947883944871035
ORD-DSM,ORD,Chicago O'Hare International Airport,DSM,Des Moines International Airport,41.9796,-87.90446,41.53493,-93.66068,3396,805,15.7226148409894,0.2370435806831566,23.7,0.2355866953657975,23.56,23.014367037137436,15.7226148409894,4.126670561939475,20.51,1,2.903287500591018,0.4866923648356619
GSO-LGA,GSO,Piedmont Triad International Airport,LGA,LaGuardia Airport (Marine Air Terminal),36.09775,-79.9373,40.77724,-73.87261,1241,374,21.03223207091056,0.3013698630136986,30.14,0.292774859805241,29.28,8.410138248847925,21.03223207091056,5.520270884753427,20.5,1,3.777295192486535,-2.3391459203951355
MIA-DCA,MIA,Miami International Airport,DCA,Ronald Reagan Washington National Airport,25.79325,-80.29056,38.85208,-77.03772,3189,778,13.415804327375351,0.2439636249608027,24.4,0.2422046479169438,24.22,21.61154784494443,13.415804327375351,3.5212084848754213,20.46,1,2.69400834840419,0.4846767717340004
MIA-BOS,MIA,Miami International Airport,BOS,Gen. Edward Lawrence Logan International Airport,25.79325,-80.29056,42.36435,-71.00518,2478,652,16.106537530266344,0.2631154156577885,26.31,0.2601284278505927,26.01,16.793168880455408,16.106537530266344,4.227437671985917,20.44,1,3.077068353425494,-0.4903067799278514
PBI-JFK,PBI,Palm Beach International Airport,JFK,John F. Kennedy International Airport (New York International Airport),26.68316,-80.09559,40.63975,-73.77893,1977,544,20.626201315123925,0.2751643904906424,27.52,0.2708767871925027,27.09,13.397939821089729,20.626201315123925,5.413701132578458,20.42,1,3.594999429111753,-1.4298574667176325
ORD-TPA,ORD,Chicago O'Hare International Airport,TPA,Tampa International Airport,41.9796,-87.90446,27.97547,-82.53325,2608,669,19.290644171779142,0.2565184049079754,25.65,0.2539184220822851,25.39,17.674166440769856,19.290644171779142,5.063161199942033,20.41,1,3.3601700704503443,-0.6244627437491987
EWR-PBI,EWR,Newark Liberty International Airport,PBI,Palm Beach International Airport,40.6925,-74.16866,26.68316,-80.09559,2710,689,18.17011070110701,0.2542435424354243,25.42,0.2518188921704015,25.18,18.365410680401197,18.17011070110701,4.76905792679974,20.41,1,3.2316182009766425,-0.419468402839344
SMF-SFO,SMF,Sacramento International Airport,SFO,San Francisco International Airport,38.69542,-121.59077,37.619,-122.37484,1717,487,20.020384391380315,0.2836342457775189,28.36,0.2782669713807529,27.83,11.63594470046083,20.020384391380315,5.254694065979085,20.4,1,3.5610632190622002,-1.6706625379143047
CVG-IAH,CVG,Cincinnati/Northern Kentucky International Airport,IAH,George Bush Intercontinental Airport,39.04614,-84.66217,29.98047,-95.33972,1160,353,18.268103448275863,0.3043103448275862,30.43,0.2949294341260541,29.49,7.861208999728923,18.268103448275863,4.794777807946421,20.38,1,3.4569686937925437,-2.184212994549078
BWI-BUF,BWI,Baltimore-Washington International Airport,BUF,Buffalo Niagara International Airport,39.1754,-76.6682,42.94052,-78.73217,1942,543,14.978887744593203,0.2796086508753862,27.96,0.2750299152785642,27.5,13.160748170235836,14.978887744593203,3.931466599630762,20.38,1,3.0174975889709774,-0.9780047356165114
MIA-PHL,MIA,Miami International Airport,PHL,Philadelphia International Airport,25.79325,-80.29056,39.87195,-75.24114,2834,712,16.05257586450247,0.2512350035285815,25.12,0.2490153670752652,24.9,19.20574681485497,16.05257586450247,4.213274505118758,20.37,1,2.979038327931981,-0.10047270302658
MIA-EWR,MIA,Miami International Airport,EWR,Newark Liberty International Airport,25.79325,-80.29056,40.6925,-74.16866,2887,719,16.42258399722896,0.2490474541046068,24.9,0.2469404375623796,24.69,19.564922743290865,16.42258399722896,4.310389500585028,20.35,1,2.996264055521786,-0.07508666871662954
IAH-LGA,IAH,George Bush Intercontinental Airport,LGA,LaGuardia Airport (Marine Air Terminal),29.98047,-95.33972,40.77724,-73.87261,2457,640,18.204721204721206,0.2604802604802604,26.05,0.2575717978094752,25.76,16.650853889943072,18.204721204721206,4.778142048483256,20.34,1,3.241113492575551,-0.6821415448345758
BOS-PBI,BOS,Gen. Edward Lawrence Logan International Airport,PBI,Palm Beach International Airport,42.36435,-71.00518,26.68316,-80.09559,1670,478,16.819760479041918,0.2862275449101796,28.62,0.2805712355925583,28.06,11.317430197885606,16.819760479041918,4.414635296336461,20.33,1,3.2150762622537683,-1.4406753043566731
ORD-SAT,ORD,Chicago O'Hare International Airport,SAT,San Antonio International Airport,41.9796,-87.90446,29.53369,-98.46978,1131,343,19.043324491600355,0.3032714412024757,30.33,0.2937539293247995,29.38,7.6646787747357,19.043324491600355,4.998247898057836,20.29,1,3.4996259005903325,-2.27268349567777
SJU-EWR,SJU,Luis Muñoz Marín International Airport,EWR,Newark Liberty International Airport,18.43942,-66.00183,40.6925,-74.16866,1239,371,17.584342211460857,0.2994350282485876,29.94,0.2909716855853832,29.1,8.396584440227704,17.584342211460857,4.6153129163939255,20.25,1,3.316969841410619,-2.007901467943092
ORD-SLC,ORD,Chicago O'Hare International Airport,SLC,Salt Lake City International Airport,41.9796,-87.90446,40.78839,-111.97777,2773,690,18.152181752614496,0.2488279841327082,24.88,0.2466450006957285,24.66,18.792355651938195,18.152181752614496,4.76435216604055,20.21,1,3.121176495339877,-0.32800961045074123
DFW-BTR,DFW,Dallas/Fort Worth International Airport,BTR,Baton Rouge Metropolitan Airport,32.89595,-97.0372,30.53316,-91.14963,2437,631,17.855970455478047,0.2589249076733689,25.89,0.2560548234130185,25.61,16.51531580374085,17.855970455478047,4.686606418760642,20.2,1,3.1434514386589916,-0.6561467849911741
DFW-LIT,DFW,Dallas/Fort Worth International Airport,LIT,Bill and Hillary Clinton National Airport (Adams Field),32.89595,-97.0372,34.7294,-92.22425,1440,419,17.381944444444443,0.2909722222222222,29.1,0.2841630435057325,28.42,9.758742206560044,17.381944444444443,4.562190142898804,20.18,1,3.234162605904263,-1.7367948378035643
CHS-JFK,CHS,Charleston International Airport/Charleston AFB,JFK,John F. Kennedy International Airport (New York International Airport),32.89865,-80.04051,40.63975,-73.77893,1305,381,22.885057471264368,0.2919540229885057,29.2,0.2844207024902692,28.44,8.84386012469504,22.885057471264368,6.006576764111383,20.18,1,3.807159779381708,-2.3689358120886577
DEN-EWR,DEN,Denver International Airport,EWR,Newark Liberty International Airport,39.85841,-104.667,40.6925,-74.16866,2801,696,16.38986076401285,0.2484826847554445,24.85,0.2463326739051458,24.63,18.982108972621305,16.38986076401285,4.301800725462691,20.17,1,2.9215744885597053,-0.14114214722314297
MIA-DEN,MIA,Miami International Airport,DEN,Denver International Airport,25.79325,-80.29056,39.85841,-104.667,1418,412,18.99083215796897,0.2905500705218617,29.06,0.2836700177857893,28.37,9.609650311737598,18.99083215796897,4.984470382669022,20.17,1,3.3965982245145274,-1.9004127758579292
TYS-DFW,TYS,McGhee Tyson Airport,DFW,Dallas/Fort Worth International Airport,35.81249,-83.99286,32.89595,-97.0372,1710,476,21.783625730994157,0.2783625730994152,27.84,0.2732657939220045,27.33,11.588506370290052,21.783625730994157,5.717487068502402,20.15,1,3.62627381937512,-1.795952553351267
IAH-SAT,IAH,George Bush Intercontinental Airport,SAT,San Antonio International Airport,29.98047,-95.33972,29.53369,-98.46978,2492,640,16.375200642054576,0.2568218298555377,25.68,0.2540937835643627,25.41,16.888045540796963,16.375200642054576,4.297952924423773,20.11,1,2.945990436847717,-0.45868432315007746
ATL-HPN,ATL,Hartsfield-Jackson Atlanta International Airport,HPN,Westchester County Airport,33.64044,-84.42694,41.06696,-73.70757,2003,544,16.35846230654019,0.2715926110833749,27.16,0.2675278587726239,26.75,13.574139333152615,16.35846230654019,4.293559660509237,20.09,1,3.0107065073562524,-0.9882269856231232
LGB-SFO,LGB,Long Beach Airport (Daugherty Field),SFO,San Francisco International Airport,33.81772,-118.15161,37.619,-122.37484,1082,326,19.427911275415894,0.3012939001848428,30.13,0.291549142977012,29.15,7.332610463540255,19.427911275415894,5.099189311132782,20.09,1,3.4536529464092345,-2.332964686806136
DCA-MIA,DCA,Ronald Reagan Washington National Airport,MIA,Miami International Airport,38.85208,-77.03772,25.79325,-80.29056,3188,752,15.06116687578419,0.2358845671267252,23.59,0.234370768551955,23.44,21.60477094063432,15.06116687578419,3.953062172121834,20.06,1,2.6608143580964843,0.3821305634030421
PWM-EWR,PWM,Portland International Jetport,EWR,Newark Liberty International Airport,43.64617,-70.30875,40.6925,-74.16866,681,215,23.35976505139501,0.315712187958884,31.57,0.2991179090894086,29.91,4.615071835185687,23.35976505139501,6.131171929500002,20.02,1,3.9018651896826158,-3.177235014662474
DFW-JAN,DFW,Dallas/Fort Worth International Airport,JAN,Jackson-Evers International Airport,32.89595,-97.0372,32.31117,-90.07589,2388,617,15.903266331658292,0.2583752093802345,25.84,0.2554706941313618,25.55,16.183247492545405,15.903266331658292,4.174085651353883,20.0,1,2.8638319808848003,-0.5157306715343326
JFK-PBI,JFK,John F. Kennedy International Airport (New York International Airport),PBI,Palm Beach International Airport,40.63975,-73.77893,26.68316,-80.09559,1983,535,17.3565305093293,0.2697932425617751,26.98,0.2657758458947806,26.58,13.438601246950393,17.3565305093293,4.555519818721601,19.99,1,3.067497441687247,-1.0833818105503876
MSP-IAH,MSP,Minneapolis-Saint Paul International Airport,IAH,George Bush Intercontinental Airport,44.88055,-93.21692,29.98047,-95.33972,1853,505,17.648138154344306,0.2725310307609282,27.25,0.2681060353296611,26.81,12.557603686635948,17.648138154344306,4.632057258358086,19.92,1,3.0831223503072223,-1.2443723238526885
FLL-BOS,FLL,Fort Lauderdale-Hollywood International Airport,BOS,Gen. Edward Lawrence Logan International Airport,26.07258,-80.15275,42.36435,-71.00518,2301,596,16.371142981312474,0.2590178183398522,25.9,0.2559812940436602,25.6,15.593656817565735,16.371142981312474,4.296887921604324,19.9,1,2.8776617015085457,-0.6373473340494962
SLC-SFO,SLC,Salt Lake City International Airport,SFO,San Francisco International Airport,40.78839,-111.97777,37.619,-122.37484,3191,743,15.519899717956754,0.2328423691632717,23.28,0.231422390458471,23.14,21.62510165356465,15.519899717956754,4.073464492902035,19.9,1,2.629292358286903,0.3614272361107315
ORD-XNA,ORD,Chicago O'Hare International Airport,XNA,Northwest Arkansas Regional Airport,41.9796,-87.90446,36.28187,-94.30681,2742,674,15.527352297592998,0.2458059810357403,24.58,0.2437055197040211,24.37,18.58227161832475,15.527352297592998,4.075420550549343,19.88,1,2.7068612863247585,-0.0938701700145314
BTR-ATL,BTR,Baton Rouge Metropolitan Airport,ATL,Hartsfield-Jackson Atlanta International Airport,30.53316,-91.14963,33.64044,-84.42694,2706,662,17.97487065779749,0.2446415373244641,24.46,0.2425556261578147,24.26,18.338303063160748,17.97487065779749,4.717813820944223,19.85,1,2.9419377649930003,-0.3402297165394082
MIA-LAX,MIA,Miami International Airport,LAX,Los Angeles International Airport,25.79325,-80.29056,33.94254,-118.40807,3283,755,14.06762107828206,0.2299725860493451,23.0,0.2286760529112705,22.87,22.248576850094874,14.06762107828206,3.692288996924425,19.84,1,2.4353860074092686,0.5861423946047343
PBI-HPN,PBI,Palm Beach International Airport,HPN,Westchester County Airport,26.68316,-80.09559,41.06696,-73.70757,1104,326,20.01268115942029,0.2952898550724637,29.53,0.2862218330555051,28.62,7.481702358362701,20.01268115942029,5.252672220320285,19.83,1,3.3905714089872383,-2.3132780263142685
CLT-MCO,CLT,Charlotte Douglas International Airport,MCO,Orlando International Airport,35.21401,-80.94313,28.42889,-81.31603,3209,746,12.76971019009037,0.2324711748208164,23.25,0.2310701381078356,23.11,21.747085931146653,12.76971019009037,3.3516299711523283,19.81,1,2.3063228673130727,0.6297482643366997
DFW-SHV,DFW,Dallas/Fort Worth International Airport,SHV,Shreveport Regional Airport,32.89595,-97.0372,32.44663,-93.8256,2382,605,17.75566750629723,0.2539882451721242,25.4,0.2512534597094392,25.13,16.14258606668474,17.75566750629723,4.66028018537985,19.81,1,2.9599394027229,-0.658808797804462
TPA-LGA,TPA,Tampa International Airport,LGA,LaGuardia Airport (Marine Air Terminal),27.97547,-82.53325,40.77724,-73.87261,2061,540,20.176613294517225,0.2620087336244541,26.2,0.2584965696431412,25.85,13.967199783139062,20.176613294517225,5.295699027432342,19.8,1,3.2474435646602147,-1.2135868802998566
BOS-LAS,BOS,Gen. Edward Lawrence Logan International Airport,LAS,McCarran International Airport,42.36435,-71.00518,36.08036,-115.15233,1115,330,17.347982062780268,0.2959641255605381,29.6,0.2869227053488297,28.69,7.556248305773923,17.347982062780268,4.553276131963325,19.79,1,3.1013777642829514,-2.0656211004303313
MYR-LGA,MYR,Myrtle Beach International Airport,LGA,LaGuardia Airport (Marine Air Terminal),33.67975,-78.92833,40.77724,-73.87261,696,219,17.504310344827587,0.3146551724137931,31.47,0.2985063907020454,29.85,4.716725399837355,17.504310344827587,4.594307177120101,19.78,1,3.1991959835409802,-2.618740939471813
ORD-ICT,ORD,Chicago O'Hare International Airport,ICT,Wichita Dwight D. Eisenhower National Airport (Wichita Mid-Continent Airport),41.9796,-87.90446,37.64996,-97.43305,2305,592,16.339262472885032,0.2568329718004338,25.68,0.2538923438664566,25.39,15.620764434806182,16.339262472885032,4.28852033409056,19.78,1,2.81702375327894,-0.6148144527099503
ORD-TYS,ORD,Chicago O'Hare International Airport,TYS,McGhee Tyson Airport,41.9796,-87.90446,35.81249,-83.99286,2171,564,17.701520036849377,0.2597881160755412,25.98,0.2565438516067054,25.65,14.712659257251287,17.701520036849377,4.646068251141569,19.77,1,2.9686336499589516,-0.8756805172210227
MDW-EWR,MDW,Chicago Midway International Airport,EWR,Newark Liberty International Airport,41.78598,-87.75242,40.6925,-74.16866,1861,501,18.09081139172488,0.2692101020956475,26.92,0.264972507393589,26.5,12.611818921116832,18.09081139172488,4.74824445977031,19.77,1,3.0545626023475623,-1.2515476875674927
IAH-DTW,IAH,George Bush Intercontinental Airport,DTW,Detroit Metropolitan Airport,29.98047,-95.33972,42.21206,-83.34884,2099,548,18.168651738923295,0.2610767031919961,26.11,0.2576676157338918,25.77,14.224722146923286,18.168651738923295,4.768674997092729,19.73,1,3.0102163395053174,-0.9906461718239367
MCO-IAD,MCO,Orlando International Airport,IAD,Washington Dulles International Airport,28.42889,-81.31603,38.94453,-77.45581,1790,485,17.943016759776537,0.2709497206703911,27.09,0.2664608925919726,26.65,12.130658715098942,17.943016759776537,4.709453217789117,19.73,1,3.032624127805745,-1.3135218514788176
BWI-MCO,BWI,Baltimore-Washington International Airport,MCO,Orlando International Airport,39.1754,-76.6682,28.42889,-81.31603,3268,745,14.69889840881273,0.2279681762545899,22.8,0.2267253821255428,22.67,22.146923285443208,14.69889840881273,3.857978584990217,19.72,1,2.4431996529586195,0.528197091593929
BWI-ORD,BWI,Baltimore-Washington International Airport,ORD,Chicago O'Hare International Airport,39.1754,-76.6682,41.9796,-87.90446,2665,648,18.45253283302064,0.2431519699812382,24.32,0.2410890007229034,24.11,18.06044998644619,18.45253283302064,4.843184470609091,19.71,1,2.9311190512678684,-0.4084835353962114
BNA-ORD,BNA,Nashville International Airport,ORD,Chicago O'Hare International Airport,36.12448,-86.67818,41.9796,-87.90446,3690,786,18.31842818428184,0.2130081300813008,21.3,0.2122984398413794,21.23,25.00677690431011,18.31842818428184,4.807986400073975,19.71,1,2.702589943402286,0.618545221490015
JFK-DCA,JFK,John F. Kennedy International Airport (New York International Airport),DCA,Ronald Reagan Washington National Airport,40.63975,-73.77893,38.85208,-77.03772,925,279,18.072432432432432,0.3016216216216216,30.16,0.2903522799988567,29.04,6.268636486852805,18.072432432432432,4.743420585940271,19.7,1,3.1675251063550163,-2.350827053828401
JFK-PDX,JFK,John F. Kennedy International Airport (New York International Airport),PDX,Portland International Airport,40.63975,-73.77893,45.58872,-122.5975,904,272,19.96570796460177,0.3008849557522124,30.09,0.2894532739032153,28.95,6.126321496340472,19.96570796460177,5.24034329779574,19.69,1,3.356093363995338,-2.535791810774686
LIT-DFW,LIT,Bill and Hillary Clinton National Airport (Adams Field),DFW,Dallas/Fort Worth International Airport,34.7294,-92.22425,32.89595,-97.0372,1433,403,19.315422191207254,0.2812281926029309,28.12,0.2750235401166524,27.5,9.711303876389266,19.315422191207254,5.069664617114766,19.69,1,3.2049284234496094,-1.836103288158413
SHV-DFW,SHV,Shreveport Regional Airport,DFW,Dallas/Fort Worth International Airport,32.44663,-93.8256,32.89595,-97.0372,2385,596,20.60335429769392,0.249895178197065,24.99,0.2473284052309167,24.73,16.16291677961507,20.60335429769392,5.407704540077144,19.69,1,3.186965805752173,-0.8869566186537725
ORD-AUS,ORD,Chicago O'Hare International Airport,AUS,Austin-Bergstrom International Airport,41.9796,-87.90446,30.19453,-97.66987,2417,605,18.23500206868018,0.2503103020273066,25.03,0.2477596690499913,24.78,16.37977771753863,18.23500206868018,4.7860897818058215,19.68,1,2.9395549582470126,-0.6463816062024473
ORD-OKC,ORD,Chicago O'Hare International Airport,OKC,Will Rogers World Airport,41.9796,-87.90446,35.39309,-97.60073,1966,521,17.124618514750765,0.2650050864699898,26.5,0.2611863925454153,26.12,13.323393873678503,17.124618514750765,4.494650528805975,19.68,1,2.9007410215883964,-1.0391768688102803
BWI-PBI,BWI,Baltimore-Washington International Airport,PBI,Palm Beach International Airport,39.1754,-76.6682,26.68316,-80.09559,1020,304,17.158823529411766,0.2980392156862745,29.8,0.2880456133918108,28.8,6.912442396313365,17.158823529411766,4.503628222942721,19.68,1,3.05028727684046,-2.1505253103008606
LAX-ABQ,LAX,Los Angeles International Airport,ABQ,Albuquerque International Sunport,33.94254,-118.40807,35.04022,-106.60919,1987,528,14.614997483643684,0.2657272269753397,26.57,0.2619123560128549,26.19,13.465708864190836,14.614997483643684,3.835957344788368,19.66,1,2.6365343946224913,-0.7966073021551894
MCO-BOS,MCO,Orlando International Airport,BOS,Gen. Edward Lawrence Logan International Airport,28.42889,-81.31603,42.36435,-71.00518,3022,699,16.410655195234945,0.2313037723362012,23.13,0.229856209801034,22.99,20.47980482515587,16.410655195234945,4.307258581426495,19.56,1,2.586650042563427,0.15063403697895278
IAH-MIA,IAH,George Bush Intercontinental Airport,MIA,Miami International Airport,29.98047,-95.33972,25.79325,-80.29056,3106,710,14.66516419832582,0.2285898261429491,22.86,0.2272648431063094,22.73,21.049064787205204,14.66516419832582,3.84912446150284,19.48,1,2.35637043287518,0.39580554255490535
MDW-MSP,MDW,Chicago Midway International Airport,MSP,Minneapolis-Saint Paul International Airport,41.78598,-87.75242,44.88055,-93.21692,3167,721,13.454057467634986,0.2276602462898642,22.77,0.2263884563816431,22.64,21.462455950121985,13.454057467634986,3.531248679169288,19.48,1,2.224362395257553,0.5617554295319065
DAL-MCI,DAL,Dallas Love Field,MCI,Kansas City International Airport,32.84711,-96.85177,39.29761,-94.71391,2342,588,13.861229718189582,0.251067463706234,25.11,0.2484074885335086,24.84,15.871509894280292,13.861229718189582,3.638118036270232,19.42,1,2.392213525893013,-0.31456864558311326
DAL-SAT,DAL,Dallas Love Field,SAT,San Antonio International Airport,32.84711,-96.85177,29.53369,-98.46978,3273,733,12.61106018942866,0.2239535594256034,22.4,0.2228316297061453,22.28,22.18080780699377,12.61106018942866,3.309989551031144,19.41,1,2.084621491986656,0.7469852428838919
DFW-MAF,DFW,Dallas/Fort Worth International Airport,MAF,Midland International Airport,32.89595,-97.0372,31.94253,-102.20191,1110,320,17.91981981981982,0.2882882882882883,28.83,0.2798438735527505,27.98,7.522363784223367,17.91981981981982,4.70336478210494,19.37,1,2.970512179170504,-2.053590667077801
JAN-DFW,JAN,Jackson-Evers International Airport,DFW,Dallas/Fort Worth International Airport,32.31117,-90.07589,32.89595,-97.0372,2380,588,16.63403361344538,0.2470588235294117,24.71,0.2446012447575919,24.46,16.129032258064516,16.63403361344538,4.3658880875184725,19.36,1,2.636313396230069,-0.5077288820691981
LGA-MCI,LGA,LaGuardia Airport (Marine Air Terminal),MCI,Kansas City International Airport,40.77724,-73.87261,39.29761,-94.71391,751,225,22.63515312916112,0.2996005326231691,29.96,0.2862644970609026,28.63,5.089455136893467,22.63515312916112,5.940985073270634,19.34,1,3.499791874051445,-2.9003295160848896
TPA-JFK,TPA,Tampa International Airport,JFK,John F. Kennedy International Airport (New York International Airport),27.97547,-82.53325,40.63975,-73.77893,2642,625,19.806964420893262,0.236563209689629,23.66,0.2347232264765966,23.47,17.904581187313635,19.806964420893262,5.19867832569377,19.34,1,2.8942820604357107,-0.5063664255969648
DEN-AUS,DEN,Denver International Airport,AUS,Austin-Bergstrom International Airport,39.85841,-104.667,30.19453,-97.66987,3192,714,14.214598997493734,0.2236842105263158,22.37,0.2225428575330583,22.25,21.631878557874764,14.214598997493734,3.730865878607279,19.32,1,2.216706290009278,0.536848140973446
STL-LGA,STL,St. Louis International Airport at Lambert Field,LGA,LaGuardia Airport (Marine Air Terminal),38.74769,-90.35999,40.77724,-73.87261,1590,431,16.860377358490567,0.2710691823899371,27.11,0.2660420633129161,26.6,10.775277853076714,16.860377358490567,4.425295894616946,19.32,1,2.7651459322621568,-1.3889069332901895
IAH-TPA,IAH,George Bush Intercontinental Airport,TPA,Tampa International Airport,29.98047,-95.33972,27.97547,-82.53325,1889,495,15.868184224457384,0.2620434092112229,26.2,0.2582257853186667,25.82,12.801572241799947,15.868184224457384,4.1648777492014135,19.32,1,2.6190723003115592,-0.9665501111382675
LAS-ONT,LAS,McCarran International Airport,ONT,Ontario International Airport,36.08036,-115.15233,34.056,-117.60119,1499,412,15.883255503669112,0.2748498999332888,27.48,0.2693002420255335,26.93,10.158579560856602,15.883255503669112,4.168833465529951,19.32,1,2.681380948062729,-1.4100766780823857
RDU-JFK,RDU,Raleigh-Durham International Airport,JFK,John F. Kennedy International Airport (New York International Airport),35.87764,-78.78747,40.63975,-73.77893,1562,423,18.22087067861716,0.2708066581306018,27.08,0.2657106419968882,26.57,10.585524532393602,18.22087067861716,4.782380755542561,19.31,1,2.899964052498105,-1.5353363948279541
DCA-EWR,DCA,Ronald Reagan Washington National Airport,EWR,Newark Liberty International Airport,38.85208,-77.03772,40.6925,-74.16866,1513,413,17.383344348975545,0.2729676140118969,27.3,0.2675828189701352,26.76,10.253456221198157,17.383344348975545,4.562557571909592,19.3,1,2.8214503434755174,-1.519989975585396
ORD-SAN,ORD,Chicago O'Hare International Airport,SAN,San Diego International Airport (Lindbergh Field),41.9796,-87.90446,32.73356,-117.18966,2900,672,14.436551724137932,0.2317241379310345,23.17,0.230203695666276,23.02,19.653022499322308,14.436551724137932,3.789121187437777,19.29,1,2.286204660853236,0.22926613660528747
LAX-TUS,LAX,Los Angeles International Airport,TUS,Tucson International Airport,33.94254,-118.40807,32.11608,-110.94103,2820,660,13.950709219858156,0.2340425531914893,23.4,0.2324010571913795,23.24,19.110870154513417,13.950709219858156,3.661603469779044,19.27,1,2.242865856234354,0.1933582174771312
LGA-XNA,LGA,LaGuardia Airport (Marine Air Terminal),XNA,Northwest Arkansas Regional Airport,40.77724,-73.87261,36.28187,-94.30681,529,165,20.977315689981097,0.3119092627599243,31.19,0.2919095182811258,29.19,3.584982380048793,20.977315689981097,5.505857136477978,19.24,1,3.3565098464813494,-3.0485607185376185
HOU-MCO,HOU,William P. Hobby Airport,MCO,Orlando International Airport,29.64542,-95.27889,28.42889,-81.31603,1500,410,15.835333333333333,0.2733333333333333,27.33,0.2678819293742676,26.79,10.165356465166711,15.835333333333333,4.156255468066491,19.24,1,2.638074589582494,-1.3919937241327505
XNA-ORD,XNA,Northwest Arkansas Regional Airport,ORD,Chicago O'Hare International Airport,36.28187,-94.30681,41.9796,-87.90446,2719,628,20.87164398675984,0.2309672673777124,23.1,0.2293760507267925,22.94,18.42640281919219,20.87164398675984,5.478121781301796,19.19,1,2.9148891053243102,-0.5031369971884246
LAX-HOU,LAX,Los Angeles International Airport,HOU,William P. Hobby Airport,33.94254,-118.40807,29.64542,-95.27889,1656,445,13.720410628019325,0.268719806763285,26.87,0.2640154253979659,26.4,11.22255353754405,13.720410628019325,3.6011576451494283,19.19,1,2.3787209840205326,-1.0245474870760645
BOS-SJU,BOS,Gen. Edward Lawrence Logan International Airport,SJU,Luis Muñoz Marín International Airport,42.36435,-71.00518,18.43942,-66.00183,1083,311,15.626962142197598,0.2871652816251154,28.72,0.2786230659330754,27.86,7.339387367850366,15.626962142197598,4.10156486671853,19.17,1,2.650394846945722,-1.857028434226573
CLE-LGA,CLE,Cleveland Hopkins International Airport,LGA,LaGuardia Airport (Marine Air Terminal),41.41089,-81.8494,40.77724,-73.87261,2634,621,15.89331814730448,0.2357630979498861,23.58,0.2339469959761624,23.39,17.850365952832746,15.89331814730448,4.171474579345008,19.12,1,2.4023200184457045,-0.1492013140369364
DFW-CAE,DFW,Dallas/Fort Worth International Airport,CAE,Columbia Metropolitan Airport,32.89595,-97.0372,33.93884,-81.11954,1017,291,19.490658800393312,0.2861356932153392,28.61,0.2771809194259876,27.72,6.89211168338303,19.490658800393312,5.11565847779352,19.12,1,3.0285912566938933,-2.2587984941286785
MCO-IAH,MCO,Orlando International Airport,IAH,George Bush Intercontinental Airport,28.42889,-81.31603,29.98047,-95.33972,2837,648,17.685935847726473,0.2284102925625661,22.84,0.2269700670748478,22.7,19.226077527785307,17.685935847726473,4.6419779127891,19.12,1,2.540125820021538,-0.09820682883115807
DFW-VPS,DFW,Dallas/Fort Worth International Airport,VPS,Destin-Fort Walton Beach Airport/Eglin AFB,32.89595,-97.0372,30.48325,-86.5254,1822,474,16.229418221734356,0.2601536772777168,26.02,0.2563012939640104,25.63,12.3475196530225,16.229418221734356,4.259689821977521,19.1,1,2.5662226787743765,-1.0428187482638174
DFW-CVG,DFW,Dallas/Fort Worth International Airport,CVG,Cincinnati/Northern Kentucky International Airport,32.89595,-97.0372,39.04614,-84.66217,2237,554,14.62673223066607,0.2476531068395172,24.77,0.2450197205814412,24.5,15.159934941718625,14.62673223066607,3.839037330883483,19.07,1,2.321226694896888,-0.4478311918518166
DFW-CID,DFW,Dallas/Fort Worth International Airport,CID,The Eastern Iowa Airport,32.89595,-97.0372,41.88459,-91.71087,981,282,18.093781855249745,0.2874617737003058,28.75,0.278086111932311,27.81,6.648143128219029,18.093781855249745,4.749024108989435,19.06,1,2.8672744535857544,-2.174499983369141
DAL-SFO,DAL,Dallas Love Field,SFO,San Francisco International Airport,32.84711,-96.85177,37.619,-122.37484,1454,392,18.621733149931224,0.2696011004126547,26.96,0.2642284987122446,26.42,9.853618866901598,18.621733149931224,4.887594002606621,19.05,1,2.8380885879104425,-1.6551430882859262
IAH-MSY,IAH,George Bush Intercontinental Airport,MSY,Louis Armstrong New Orleans International Airport,29.98047,-95.33972,29.99339,-90.25803,3029,677,14.689336414658303,0.2235061076262793,22.35,0.2223109897727159,22.23,20.527243155326648,14.689336414658303,3.8554688752384,19.05,1,2.1673050164709897,0.3632026856035837
RSW-JFK,RSW,Southwest Florida International Airport,JFK,John F. Kennedy International Airport (New York International Airport),26.53617,-81.75517,40.63975,-73.77893,1255,346,19.817529880478087,0.2756972111553785,27.57,0.2690856730618658,26.91,8.505014909189482,19.817529880478087,5.201451412198973,19.05,1,2.990168979783101,-1.9895733782124927
LGA-DEN,LGA,LaGuardia Airport (Marine Air Terminal),DEN,Denver International Airport,40.77724,-73.87261,39.85841,-104.667,3486,732,14.803499713138269,0.2099827882960413,21.0,0.2093170906299018,20.93,23.62428842504744,14.803499713138269,3.885432995574349,19.05,1,2.0762720530851655,0.7962664960077486
ORD-MCI,ORD,Chicago O'Hare International Airport,MCI,Kansas City International Airport,41.9796,-87.90446,39.29761,-94.71391,2344,570,15.743174061433448,0.2431740614334471,24.32,0.2408392336329084,24.08,15.885063702900515,15.743174061433448,4.132066682790931,19.04,1,2.401209470162275,-0.4276216202216901
ORD-MSY,ORD,Chicago O'Hare International Airport,MSY,Louis Armstrong New Orleans International Airport,41.9796,-87.90446,29.99339,-90.25803,1496,401,18.434491978609625,0.268048128342246,26.8,0.2629142149115465,26.29,10.138248847926269,18.434491978609625,4.83844933821775,19.03,1,2.805022842849147,-1.5886387665422594
DEN-OMA,DEN,Denver International Airport,OMA,Eppley Airfield,39.85841,-104.667,41.30252,-95.89417,2187,543,14.586648376771834,0.2482853223593964,24.83,0.2455667192823909,24.56,14.821089726213064,14.586648376771834,3.828516634323316,19.02,1,2.301236461988868,-0.4908467241803238
JFK-BUF,JFK,John F. Kennedy International Airport (New York International Airport),BUF,Buffalo Niagara International Airport,40.63975,-73.77893,42.94052,-78.73217,2634,615,16.22475322703113,0.2334851936218678,23.35,0.2317524092899883,23.18,17.850365952832746,16.22475322703113,4.258465413918932,19.01,1,2.3805079467130827,-0.16410301199663987
FLL-SJU,FLL,Fort Lauderdale-Hollywood International Airport,SJU,Luis Muñoz Marín International Airport,26.07258,-80.15275,18.43942,-66.00183,2992,673,13.1173128342246,0.2249331550802139,22.49,0.2236775831173441,22.37,20.27649769585253,13.1173128342246,3.442864260951338,19.01,1,1.9984594098292898,0.4683751815554074
MSY-ORD,MSY,Louis Armstrong New Orleans International Airport,ORD,Chicago O'Hare International Airport,29.99339,-90.25803,41.9796,-87.90446,1462,391,19.356361149110807,0.2674418604651162,26.74,0.2622350108827325,26.22,9.90783410138249,19.356361149110807,5.080409750422784,18.97,1,2.8743678961847983,-1.6969243832129817
ORD-RDU,ORD,Chicago O'Hare International Airport,RDU,Raleigh-Durham International Airport,41.9796,-87.90446,35.87764,-78.78747,2070,514,18.31304347826087,0.2483091787439613,24.83,0.245442897234483,24.54,14.02819192193006,18.31304347826087,4.806573091407052,18.95,1,2.663995145427971,-0.9301388565039516
MIA-SJU,MIA,Miami International Airport,SJU,Luis Muñoz Marín International Airport,25.79325,-80.29056,18.43942,-66.00183,2645,618,14.110018903591682,0.2336483931947069,23.36,0.2319166072855475,23.19,17.924911900243966,14.110018903591682,3.703417035063433,18.95,1,2.139554880849417,0.03806655589799002
HPN-FLL,HPN,Westchester County Airport,FLL,Fort Lauderdale-Hollywood International Airport,41.06696,-73.70757,26.07258,-80.15275,716,212,19.828212290502798,0.2960893854748603,29.61,0.2826116262240541,28.26,4.852263486039577,19.828212290502798,5.204255194357689,18.95,1,3.0482790179297488,-2.6398130268932087
LGA-STL,LGA,LaGuardia Airport (Marine Air Terminal),STL,St. Louis International Airport at Lambert Field,40.77724,-73.87261,38.74769,-90.35999,1608,424,17.254353233830845,0.263681592039801,26.37,0.2591399806784708,25.91,10.897262130658715,17.254353233830845,4.528701636176074,18.95,1,2.631605777629961,-1.3479196695279538
LGA-MDW,LGA,LaGuardia Airport (Marine Air Terminal),MDW,Chicago Midway International Airport,40.77724,-73.87261,41.78598,-87.75242,2311,559,16.44353093898745,0.2418866291648637,24.19,0.2395732422226578,23.96,15.661425860666847,16.44353093898745,4.315887385561011,18.94,1,2.428830297674287,-0.5099910001792093
DEN-CVG,DEN,Denver International Airport,CVG,Cincinnati/Northern Kentucky International Airport,39.85841,-104.667,39.04614,-84.66217,1073,303,16.848089468779126,0.282385834109972,28.24,0.2741782497858722,27.42,7.271618324749254,16.848089468779126,4.422070726713681,18.93,1,2.6670157882289325,-1.9348054057403563
IAH-JAX,IAH,George Bush Intercontinental Airport,JAX,Jacksonville International Airport,29.98047,-95.33972,30.49406,-81.68786,678,203,17.504424778761063,0.2994100294985251,29.94,0.284847155525486,28.48,4.594741122255354,17.504424778761063,4.594337212273245,18.93,1,2.814704229222554,-2.489748258005317
IAH-AUS,IAH,George Bush Intercontinental Airport,AUS,Austin-Bergstrom International Airport,29.98047,-95.33972,30.19453,-97.66987,2229,543,17.475998205473307,0.2436069986541049,24.36,0.2411382941171438,24.11,15.105719707237734,17.475998205473307,4.586876169415566,18.93,1,2.5429829025017825,-0.6850579903690085
CRP-DFW,CRP,Corpus Christi International Airport,DFW,Dallas/Fort Worth International Airport,27.77036,-97.50122,32.89595,-97.0372,1500,399,18.592,0.266,26.6,0.2610069293742676,26.1,10.165356465166711,18.592,4.879790026246718,18.93,1,2.774142770253993,-1.5825760608914066
CMH-ORD,CMH,Port Columbus International Airport,ORD,Chicago O'Hare International Airport,39.99799,-82.89188,41.9796,-87.90446,3460,714,17.769364161849712,0.2063583815028901,20.64,0.2057896311794461,20.58,23.44808891298455,17.769364161849712,4.663875108097038,18.91,1,2.308783237222262,0.524301620970249
IAH-LAS,IAH,George Bush Intercontinental Airport,LAS,McCarran International Airport,29.98047,-95.33972,36.08036,-115.15233,3013,667,14.726518420179223,0.2213740458015267,22.14,0.2202412743330639,22.02,20.418812686364863,14.726518420179223,3.8652279318055696,18.9,1,2.101929130898048,0.3603382584349232
BWI-PVD,BWI,Baltimore-Washington International Airport,PVD,Theodore Francis Green State Airport,39.1754,-76.6682,41.724,-71.42822,2704,626,13.289940828402369,0.2315088757396449,23.15,0.2298898313119929,22.99,18.324749254540524,13.289940828402369,3.4881734457748994,18.9,1,2.021639978905687,0.17566142726972875
DFW-FLL,DFW,Dallas/Fort Worth International Airport,FLL,Fort Lauderdale-Hollywood International Airport,32.89595,-97.0372,26.07258,-80.15275,2891,653,13.46212383258388,0.2258734002075406,22.59,0.2245439943158903,22.45,19.59203036053131,13.46212383258388,3.533365835323853,18.9,1,2.0021573054619903,0.34910664744188835
DFW-BPT,DFW,Dallas/Fort Worth International Airport,BPT,Jack Brooks Regional Airport (Southeast Texas Regional),32.89595,-97.0372,29.95083,-94.02069,1001,284,17.735264735264735,0.2837162837162837,28.37,0.2748511235230046,27.49,6.783681214421253,17.735264735264735,4.654925127366073,18.89,1,2.7483909576143146,-2.089980887406859
BOS-DEN,BOS,Gen. Edward Lawrence Logan International Airport,DEN,Denver International Airport,42.36435,-71.00518,39.85841,-104.667,2586,607,13.32675947409126,0.2347254447022428,23.47,0.2329155201038079,23.29,17.52507454594741,13.32675947409126,3.497837132307418,18.88,1,2.0392101478806994,0.05386621863583282
LGA-RIC,LGA,LaGuardia Airport (Marine Air Terminal),RIC,Richmond International Airport,40.77724,-73.87261,37.50517,-77.31967,1519,401,19.29032258064516,0.2639894667544437,26.4,0.2591791766515307,25.92,10.294117647058822,19.29032258064516,5.063076792820252,18.88,1,2.818609333393767,-1.6135085646645737
CLT-LAX,CLT,Charlotte Douglas International Airport,LAX,Los Angeles International Airport,35.21401,-80.94313,33.94254,-118.40807,2133,532,11.745428973277075,0.2494139709329582,24.94,0.2465790806085213,24.66,14.455136893467063,11.745428973277075,3.082789756765637,18.87,1,1.9579313296910061,-0.2845968818919526
XNA-DFW,XNA,Northwest Arkansas Regional Airport,DFW,Dallas/Fort Worth International Airport,36.28187,-94.30681,32.89595,-97.0372,2346,560,17.61679454390452,0.2387041773231031,23.87,0.2365540012260131,23.66,15.898617511520738,17.61679454390452,4.623830588951317,18.86,1,2.5035801871322927,-0.5653968931583784
BOS-MCO,BOS,Gen. Edward Lawrence Logan International Airport,MCO,Orlando International Airport,42.36435,-71.00518,28.42889,-81.31603,3031,668,13.820191355988122,0.2203893104585945,22.04,0.2192945023950265,21.93,20.54079696394687,13.820191355988122,3.627346812595308,18.84,1,1.9784915173713895,0.46378038370548763
DFW-OKC,DFW,Dallas/Fort Worth International Airport,OKC,Will Rogers World Airport,32.89595,-97.0372,35.39309,-97.60073,2878,645,13.88950660180681,0.2241139680333565,22.41,0.2228378398249926,22.28,19.503930604499864,13.88950660180681,3.645539790500475,18.79,1,1.9950525639302803,0.31101370549913304
HOU-LGA,HOU,William P. Hobby Airport,LGA,LaGuardia Airport (Marine Air Terminal),29.64542,-95.27889,40.77724,-73.87261,985,279,16.48020304568528,0.283248730964467,28.32,0.274295932717814,27.43,6.675250745459474,16.48020304568528,4.325512610416084,18.78,1,2.574247055526206,-1.98406503042117
HPN-PBI,HPN,Westchester County Airport,PBI,Palm Beach International Airport,41.06696,-73.70757,26.68316,-80.09559,1102,305,18.999092558983666,0.2767695099818512,27.68,0.2692271938426191,26.92,7.468148549742477,18.999092558983666,4.986638466924847,18.77,1,2.8038075294475475,-2.0558280098720574
LAX-FAT,LAX,Los Angeles International Airport,FAT,Fresno Yosemite International Airport,33.94254,-118.40807,36.77619,-119.71814,2155,527,14.85661252900232,0.2445475638051044,24.45,0.2419561361413872,24.2,14.604228788289507,14.85661252900232,3.8993733671922097,18.76,1,2.2110470134222924,-0.5138543365571012
MDW-SEA,MDW,Chicago Midway International Airport,SEA,Seattle-Tacoma International Airport,41.78598,-87.75242,47.44898,-122.30931,1108,309,15.179602888086643,0.2788808664259928,27.89,0.2712012309592948,27.12,7.508809975603145,15.179602888086643,3.984147739655287,18.75,1,2.409188973851199,-1.719939187442807
MIA-STL,MIA,Miami International Airport,STL,St. Louis International Airport at Lambert Field,25.79325,-80.29056,38.74769,-90.35999,628,187,18.719745222929937,0.2977707006369426,29.78,0.2824328118115771,28.24,4.255895906749797,18.719745222929937,4.91331895614959,18.74,1,2.8679649949846024,-2.6277790056346464
SBA-SFO,SBA,Santa Barbara Municipal Airport (Santa Barbara Airport),SFO,San Francisco International Airport,34.42621,-119.84037,37.619,-122.37484,2237,536,18.13634331694233,0.2396066160035762,23.96,0.2373175382964604,23.73,15.159934941718625,18.13634331694233,4.760195096310324,18.74,1,2.518454734217932,-0.7092861546317198
DFW-CHA,DFW,Dallas/Fort Worth International Airport,CHA,Chattanooga Metropolitan Airport (Lovell Field),32.89595,-97.0372,35.03527,-85.20379,676,199,19.05621301775148,0.2943786982248521,29.44,0.2804266585036445,28.04,4.581187313635131,19.05621301775148,5.001630713320598,18.72,1,2.8765022199443084,-2.586528920057664
IAD-MCO,IAD,Washington Dulles International Airport,MCO,Orlando International Airport,38.94453,-77.45581,28.42889,-81.31603,1800,457,16.373333333333335,0.2538888888888889,25.39,0.2503216247362254,25.03,12.198427758200054,16.373333333333335,4.297462817147856,18.71,1,2.402311261764583,-1.0239163500789907
PBI-EWR,PBI,Palm Beach International Airport,EWR,Newark Liberty International Airport,26.68316,-80.09559,40.6925,-74.16866,2699,609,16.626898851426454,0.2256391256020748,22.56,0.2242268978202315,22.42,18.29086473298997,16.626898851426454,4.364015446568623,18.68,1,2.2506352802927507,-0.09395830737984766
RSW-BOS,RSW,Southwest Florida International Airport,BOS,Gen. Edward Lawrence Logan International Airport,26.53617,-81.75517,42.36435,-71.00518,1719,441,15.453752181500873,0.256544502617801,25.65,0.2526723952714833,25.27,11.649498509081052,15.453752181500873,4.056102934777131,18.68,1,2.308377298564026,-1.0296815235742802
BWI-ORF,BWI,Baltimore-Washington International Airport,ORF,Norfolk International Airport,39.1754,-76.6682,36.89461,-76.20122,1242,338,15.342995169082126,0.2721417069243156,27.21,0.2657310633374278,26.57,8.416915153158037,15.342995169082126,4.027032852777461,18.65,1,2.3587363263613748,-1.5592017445812123
EWR-SJU,EWR,Newark Liberty International Airport,SJU,Luis Muñoz Marín International Airport,40.6925,-74.16866,18.43942,-66.00183,1247,339,15.457898957497996,0.2718524458700882,27.19,0.2654870727533988,26.55,8.450799674708593,15.457898957497996,4.057191327427296,18.65,1,2.3701127639699813,-1.5636996664567873
ORD-COU,ORD,Chicago O'Hare International Airport,COU,Columbia Regional Airport,41.9796,-87.90446,38.81809,-92.21963,681,199,19.75330396475771,0.2922173274596182,29.22,0.2786313533915853,27.86,4.615071835185687,19.75330396475771,5.18459421647184,18.65,1,2.91217820478831,-2.6254661719016097
JFK-ORD,JFK,John F. Kennedy International Airport (New York International Airport),ORD,Chicago O'Hare International Airport,40.63975,-73.77893,41.9796,-87.90446,1710,434,17.42046783625731,0.2538011695906432,25.38,0.2500613740325017,25.01,11.588506370290052,17.42046783625731,4.572301269358873,18.59,1,2.464295183735868,-1.195114364688372
ATL-BTR,ATL,Hartsfield-Jackson Atlanta International Airport,BTR,Baton Rouge Metropolitan Airport,33.64044,-84.42694,30.53316,-91.14963,2710,609,14.62730627306273,0.2247232472324723,22.47,0.2233491412807217,22.33,18.365410680401197,14.62730627306273,3.8391879981791934,18.57,1,1.9953876433642967,0.1043546143062317
PSP-SFO,PSP,Palm Springs International Airport,SFO,San Francisco International Airport,33.82922,-116.50625,37.619,-122.37484,2325,544,18.06795698924731,0.2339784946236559,23.4,0.2320045719582796,23.2,15.756302521008402,18.06795698924731,4.742245928936302,18.57,1,2.4149838820481375,-0.5893061536599636
ASE-ORD,ASE,Aspen-Pitkin County Airport,ORD,Chicago O'Hare International Airport,39.22316,-106.86885,41.9796,-87.90446,581,171,22.06196213425129,0.2943201376936317,29.43,0.2784303773844759,27.84,3.937381404174573,22.06196213425129,5.790541242585641,18.56,1,3.1333495297004963,-2.9388312013965057
ORD-STL,ORD,Chicago O'Hare International Airport,STL,St. Louis International Airport at Lambert Field,41.9796,-87.90446,38.74769,-90.35999,2755,614,14.92196007259528,0.2228675136116152,22.29,0.2215800654987138,22.16,18.670371374356197,14.92196007259528,3.9165249534370816,18.55,1,2.0077883782902224,0.12513605956593252
JFK-SEA,JFK,John F. Kennedy International Airport (New York International Airport),SEA,Seattle-Tacoma International Airport,40.63975,-73.77893,47.44898,-122.30931,2303,544,15.121146330872774,0.2362136343899261,23.62,0.2341286254676771,23.41,15.607210626185958,15.121146330872774,3.968804811252697,18.54,1,2.1112894721356628,-0.35368160026672324
SAV-JFK,SAV,Savannah/Hilton Head International Airport,JFK,John F. Kennedy International Airport (New York International Airport),32.12758,-81.20214,40.63975,-73.77893,716,205,22.256983240223462,0.2863128491620111,28.63,0.274033194851505,27.4,4.852263486039577,22.256983240223462,5.841727884573087,18.53,1,3.1004408379249178,-2.770089194433213
ORD-SCE,ORD,Chicago O'Hare International Airport,SCE,University Park Airport,41.9796,-87.90446,40.85121,-77.8463,696,202,17.719827586206897,0.2902298850574712,29.02,0.2771496067824474,27.71,4.716725399837355,17.719827586206897,4.650873382206535,18.5,1,2.6370161396648464,-2.4081224344831926
DSM-ORD,DSM,Des Moines International Airport,ORD,Chicago O'Hare International Airport,41.53493,-93.66068,41.9796,-87.90446,3150,659,16.496825396825397,0.2092063492063492,20.92,0.2084957190765625,20.85,21.34724857685009,16.496825396825397,4.329875432237637,18.5,1,2.053108881268961,0.38223393514438314
BWI-JAX,BWI,Baltimore-Washington International Airport,JAX,Jacksonville International Airport,39.1754,-76.6682,30.49406,-81.68786,1177,320,14.979609175870856,0.2718776550552251,27.19,0.265161383710907,26.52,7.976416373000814,14.979609175870856,3.9316559516721408,18.5,1,2.262502382081506,-1.5799129687967282
LAX-DAL,LAX,Los Angeles International Airport,DAL,Dallas Love Field,33.94254,-118.40807,32.84711,-96.85177,2684,605,12.682563338301044,0.2254098360655737,22.54,0.2239982352725675,22.4,18.189211168338304,12.682563338301044,3.328756781706311,18.49,1,1.768473618017749,0.2564224763047808
DFW-GRR,DFW,Dallas/Fort Worth International Airport,GRR,Gerald R. Ford International Airport,32.89595,-97.0372,42.88082,-85.52277,732,211,17.14207650273224,0.2882513661202185,28.83,0.2759748641812838,27.6,4.960693955001355,17.14207650273224,4.499232677882478,18.48,1,2.5577616166642874,-2.3070673459698057
EWR-RIC,EWR,Newark Liberty International Airport,RIC,Richmond International Airport,40.6925,-74.16866,37.50517,-77.31967,1018,280,18.46954813359529,0.275049115913556,27.5,0.2670939955266799,26.71,6.898888587693142,18.46954813359529,4.847650428765167,18.48,1,2.632104559435825,-2.0634011247735953
EWR-DEN,EWR,Newark Liberty International Airport,DEN,Denver International Airport,40.6925,-74.16866,39.85841,-104.667,2853,625,14.09709078163337,0.2190676480897301,21.91,0.2179516041309949,21.8,19.334507996747085,14.09709078163337,3.700023827200359,18.47,1,1.8656176514687832,0.3042215220767816
PHX-OKC,PHX,Phoenix Sky Harbor International Airport,OKC,Will Rogers World Airport,33.43417,-112.00806,35.39309,-97.60073,711,207,14.42194092827004,0.2911392405063291,29.11,0.2781887632537955,27.82,4.818378964489021,14.42194092827004,3.785286332879276,18.46,1,2.2830352368337263,-2.1024643706252046
MDW-LAX,MDW,Chicago Midway International Airport,LAX,Los Angeles International Airport,41.78598,-87.75242,33.94254,-118.40807,1998,491,12.831831831831831,0.2457457457457457,24.57,0.2429032826495844,24.29,13.54025481160206,12.831831831831831,3.367934863997856,18.46,1,1.8982244454979154,-0.4687357141349185
ORD-LIT,ORD,Chicago O'Hare International Airport,LIT,Bill and Hillary Clinton National Airport (Adams Field),41.9796,-87.90446,34.7294,-92.22425,2151,515,14.841933984193398,0.2394235239423524,23.94,0.2370551252771337,23.71,14.577121171049065,14.841933984193398,3.895520730759422,18.45,1,2.0679421624507293,-0.4776380977598593
DAL-TUL,DAL,Dallas Love Field,TUL,Tulsa International Airport,32.84711,-96.85177,36.19837,-95.88824,1019,282,14.878312070657508,0.2767419038272816,27.67,0.2686426157272816,26.86,6.905665492003253,14.878312070657508,3.905068784949477,18.43,1,2.2486647152870187,-1.7489391530670486
ASE-LAX,ASE,Aspen-Pitkin County Airport,LAX,Los Angeles International Airport,39.22316,-106.86885,33.94254,-118.40807,732,208,20.651639344262296,0.2841530054644808,28.42,0.2723690949505146,27.24,4.960693955001355,20.651639344262296,5.420377780646271,18.4,1,2.8747415059234727,-2.590070691500315
MDW-BOS,MDW,Chicago Midway International Airport,BOS,Gen. Edward Lawrence Logan International Airport,41.78598,-87.75242,42.36435,-71.00518,1496,387,15.493983957219251,0.2586898395721925,25.87,0.254142285086985,25.41,10.138248847926269,15.493983957219251,4.066662455963058,18.39,1,2.2145555411646494,-1.2401828627895486
ORD-MEM,ORD,Chicago O'Hare International Airport,MEM,Memphis International Airport,41.9796,-87.90446,35.04242,-89.97667,2365,549,14.078224101479917,0.2321353065539112,23.21,0.2302681894518572,23.03,16.02737869341285,14.078224101479917,3.695071942645647,18.38,1,1.917691748811639,-0.17762186493545637
STL-DAL,STL,St. Louis International Airport at Lambert Field,DAL,Dallas Love Field,38.74769,-90.35999,32.84711,-96.85177,2281,535,14.024112231477424,0.2345462516440158,23.45,0.2325120062993818,23.25,15.458118731363513,14.024112231477424,3.6808693520938114,18.37,1,1.9227093448216523,-0.25863475011906456
CAE-DFW,CAE,Columbia Metropolitan Airport,DFW,Dallas/Fort Worth International Airport,33.93884,-81.11954,32.89595,-97.0372,1003,273,20.083748753738785,0.2721834496510468,27.22,0.264379951948167,26.44,6.797235023041474,20.083748753738785,5.271325132214904,18.35,1,2.740319227273322,-2.198650289672181
HOU-FLL,HOU,William P. Hobby Airport,FLL,Fort Lauderdale-Hollywood International Airport,29.64542,-95.27889,26.07258,-80.15275,738,212,14.981029810298104,0.2872628726287263,28.73,0.2751922279222293,27.52,5.001355380862022,14.981029810298104,3.932028821600552,18.35,1,2.282097333564146,-2.095034587706678
CID-DFW,CID,The Eastern Iowa Airport,DFW,Dallas/Fort Worth International Airport,41.88459,-91.71087,32.89595,-97.0372,973,266,19.934224049331963,0.2733812949640288,27.34,0.2652479841554782,26.52,6.59392789373814,19.934224049331963,5.232079802974268,18.35,1,2.728639515005745,-2.220685232885846
MAF-DFW,MAF,Midland International Airport,DFW,Dallas/Fort Worth International Airport,31.94253,-102.20191,32.89595,-97.0372,1102,295,20.76043557168784,0.2676950998185118,26.77,0.2609077262885426,26.09,7.468148549742477,20.76043557168784,5.448933220915444,18.34,1,2.784453840272374,-2.1355570547795897
DEN-BOS,DEN,Denver International Airport,BOS,Gen. Edward Lawrence Logan International Airport,39.85841,-104.667,42.36435,-71.00518,2600,583,14.48,0.2242307692307692,22.42,0.222818921110677,22.28,17.619951206288967,14.48,3.800524934383202,18.34,1,1.8953687785592463,0.03214295733599641
DAY-ORD,DAY,James M. Cox Dayton International Airport,ORD,Chicago O'Hare International Airport,39.90238,-84.21938,41.9796,-87.90446,2817,612,14.595669151579695,0.2172523961661341,21.73,0.2161848087071745,21.62,19.090539441583086,14.595669151579695,3.830884291753201,18.32,1,1.85159900045681,0.24181591732271335
ABQ-PHX,ABQ,Albuquerque International Sunport,PHX,Phoenix Sky Harbor International Airport,35.04022,-106.60919,33.43417,-112.00806,2625,588,12.644190476190476,0.224,22.4,0.2226095732105791,22.26,17.789373814041745,12.644190476190476,3.3186851643544557,18.3,1,1.6876218381983088,0.22179135401810957
IAH-PHL,IAH,George Bush Intercontinental Airport,PHL,Philadelphia International Airport,29.98047,-95.33972,39.87195,-75.24114,2353,541,15.459413514662131,0.2299192520186995,22.99,0.2281333416220253,22.81,15.946055841691514,15.459413514662131,4.057588848992686,18.28,1,2.0123117630814096,-0.29767469563161447
MDW-PHL,MDW,Chicago Midway International Airport,PHL,Philadelphia International Airport,41.78598,-87.75242,39.87195,-75.24114,1982,478,15.34661957618567,0.2411705348133198,24.12,0.2385259783856043,23.85,13.43182434264028,15.34661957618567,4.027984140731148,18.27,1,2.064206505623231,-0.6769626584740172
MIA-MSY,MIA,Miami International Airport,MSY,Louis Armstrong New Orleans International Airport,25.79325,-80.29056,29.99339,-90.25803,683,196,16.736456808199122,0.2869692532942899,28.7,0.2740882337149785,27.41,4.6286256438059095,16.736456808199122,4.392770815800295,18.26,1,2.4315229533433786,-2.2988293514254936
BWI-MHT,BWI,Baltimore-Washington International Airport,MHT,Manchester-Boston Regional Airport,39.1754,-76.6682,42.93452,-71.43706,2388,549,13.01968174204355,0.2298994974874371,22.99,0.2281395044207508,22.81,16.183247492545405,13.01968174204355,3.4172393023736354,18.24,1,1.7444012637507,-0.04591476113660302
PHX-JFK,PHX,Phoenix Sky Harbor International Airport,JFK,John F. Kennedy International Airport (New York International Airport),33.43417,-112.00806,40.63975,-73.77893,2489,562,14.04138208115709,0.2257934913619927,22.58,0.2242607520273573,22.43,16.86771482786663,14.04138208115709,3.685402121038607,18.23,1,1.8189575802437463,-0.028421176251551907
BWI-RDU,BWI,Baltimore-Washington International Airport,RDU,Raleigh-Durham International Airport,39.1754,-76.6682,35.87764,-78.78747,2088,496,14.651340996168582,0.2375478927203065,23.75,0.2351970233084223,23.52,14.150176199512062,14.651340996168582,3.845496324453696,18.23,1,1.9542391087454998,-0.4972014926064077
VPS-DFW,VPS,Destin-Fort Walton Beach Airport/Eglin AFB,DFW,Dallas/Fort Worth International Airport,30.48325,-86.5254,32.89595,-97.0372,1818,443,17.858635863586358,0.2436743674367436,24.37,0.2406731423351554,24.07,12.320412035782056,17.858635863586358,4.687306000941302,18.23,1,2.3223361471005943,-1.0627060267770205
ONT-SFO,ONT,Ontario International Airport,SFO,San Francisco International Airport,34.056,-117.60119,37.619,-122.37484,2360,535,17.704661016949153,0.2266949152542373,22.67,0.2250451573165968,22.5,15.993494171862292,17.704661016949153,4.646892655367232,18.2,1,2.195811166874282,-0.4740383491230911
SFO-FLL,SFO,San Francisco International Airport,FLL,Fort Lauderdale-Hollywood International Airport,37.619,-122.37484,26.07258,-80.15275,1361,353,16.082292432035267,0.2593681116825863,25.94,0.2543539267616894,25.44,9.223366766061265,16.082292432035267,4.221074129143115,18.2,1,2.208132995411278,-1.4148148233366542
JFK-JAX,JFK,John F. Kennedy International Airport (New York International Airport),JAX,Jacksonville International Airport,40.63975,-73.77893,30.49406,-81.68786,1032,278,18.502906976744185,0.2693798449612403,26.94,0.2620239284441945,26.2,6.9937652480346975,18.502906976744185,4.856406030641518,18.2,1,2.505716088266955,-2.003375756686509
XNA-LGA,XNA,Northwest Arkansas Regional Airport,LGA,LaGuardia Airport (Marine Air Terminal),36.28187,-94.30681,40.77724,-73.87261,532,153,25.041353383458645,0.287593984962406,28.76,0.2715365300614369,27.15,3.6053130929791273,25.041353383458645,6.572533696445839,18.18,1,3.275811019195083,-3.18700662950135
SFO-TUS,SFO,San Francisco International Airport,TUS,Tucson International Airport,37.619,-122.37484,32.11608,-110.94103,707,200,18.5997171145686,0.2828854314002829,28.29,0.2708935402711625,27.09,4.791271347248577,18.5997171145686,4.881815515634803,18.18,1,2.5765325943636634,-2.4110531822737267
ASE-DEN,ASE,Aspen-Pitkin County Airport,DEN,Denver International Airport,39.22316,-106.86885,39.85841,-104.667,1060,284,18.049056603773582,0.2679245283018868,26.79,0.2608716267231277,26.09,7.18351856871781,18.049056603773582,4.737285197840836,18.16,1,2.437062197276148,-1.9250280188196027
ORD-IAD,ORD,Chicago O'Hare International Airport,IAD,Washington Dulles International Airport,41.9796,-87.90446,38.94453,-77.45581,2073,488,16.722141823444282,0.2354076218041485,23.54,0.2331390184071919,23.31,14.048522634860396,16.722141823444282,4.38901360195388,18.16,1,2.1322497742161888,-0.6828170340362415
FLL-BDL,FLL,Fort Lauderdale-Hollywood International Airport,BDL,Bradley International Airport,26.07258,-80.15275,41.93887,-72.68323,999,270,17.873873873873872,0.2702702702702703,27.03,0.2626124540480693,26.26,6.77012740580103,17.873873873873872,4.6913054787070525,18.15,1,2.4274137051262903,-1.9821480814225747
OKC-ORD,OKC,Will Rogers World Airport,ORD,Chicago O'Hare International Airport,35.39309,-97.60073,41.9796,-87.90446,1926,458,19.37331256490135,0.2377985462097611,23.78,0.2352473282323929,23.52,13.052317701274058,19.37331256490135,5.0848589409189895,18.14,1,2.415097071946797,-1.064986565494341
SAV-EWR,SAV,Savannah/Hilton Head International Airport,EWR,Newark Liberty International Airport,32.12758,-81.20214,40.6925,-74.16866,684,192,21.545321637426905,0.2807017543859649,28.07,0.2686365905597297,26.86,4.635402548116021,21.545321637426905,5.654940062316772,18.12,1,2.8512184847171613,-2.6788796976833353
SJU-BOS,SJU,Luis Muñoz Marín International Airport,BOS,Gen. Edward Lawrence Logan International Airport,18.43942,-66.00183,42.36435,-71.00518,1148,304,16.742160278745644,0.2648083623693379,26.48,0.2585024735567533,25.85,7.7798861480075905,16.742160278745644,4.394267789697019,18.11,1,2.2692014789416257,-1.7029643709275877
HOU-TPA,HOU,William P. Hobby Airport,TPA,Tampa International Airport,29.64542,-95.27889,27.97547,-82.53325,1052,283,15.442015209125476,0.2690114068441064,26.9,0.2618151796864827,26.18,7.129303334236921,15.442015209125476,4.053022364599863,18.1,1,2.148788669917287,-1.702720858296354
BWI-ISP,BWI,Baltimore-Washington International Airport,ISP,Long Island MacArthur Airport,39.1754,-76.6682,40.79524,-73.10021,1632,407,15.130514705882351,0.2493872549019608,24.94,0.2457338839485151,24.57,11.059907834101384,15.130514705882351,3.9712637023313264,18.1,1,2.0228007998010686,-1.0145305212503177
PHL-IAH,PHL,Philadelphia International Airport,IAH,George Bush Intercontinental Airport,39.87195,-75.24114,29.98047,-95.33972,2359,534,15.51420093259856,0.2263671047053836,22.64,0.2247300069129028,22.47,15.986717267552184,15.51420093259856,4.071968748713532,18.09,1,1.9266452160979488,-0.2723217426080861
EWR-TPA,EWR,Newark Liberty International Airport,TPA,Tampa International Airport,40.6925,-74.16866,27.97547,-82.53325,2264,519,15.363957597173146,0.2292402826855123,22.92,0.2274158574445127,22.74,15.342911358091625,15.363957597173146,4.03253480240765,18.08,1,1.926009596675425,-0.3563638178217696
DFW-JFK,DFW,Dallas/Fort Worth International Airport,JFK,John F. Kennedy International Airport (New York International Airport),32.89595,-97.0372,40.63975,-73.77893,580,167,17.88448275862069,0.2879310344827586,28.79,0.2729574808806296,27.3,3.9306044998644616,17.88448275862069,4.694089962892569,18.07,1,2.4881015222599694,-2.496765167779886
CMH-EWR,CMH,Port Columbus International Airport,EWR,Newark Liberty International Airport,39.99799,-82.89188,40.6925,-74.16866,899,245,17.843159065628477,0.2725250278086763,27.25,0.2638749619607889,26.39,6.092436974789916,17.843159065628477,4.68324384924632,18.06,1,2.400619632701765,-2.084145644791292
JFK-SYR,JFK,John F. Kennedy International Airport (New York International Airport),SYR,Syracuse Hancock International Airport,40.63975,-73.77893,43.11119,-76.10631,1097,290,18.103919781221517,0.2643573381950775,26.44,0.2578204569747938,25.78,7.434264028191922,18.103919781221517,4.751684981947904,18.04,1,2.381959817462359,-1.866782822938665
BTV-EWR,BTV,Burlington International Airport,EWR,Newark Liberty International Airport,44.473,-73.15031,40.6925,-74.16866,607,171,23.2998352553542,0.2817133443163097,28.17,0.2681910707197003,26.82,4.113580916237463,23.2998352553542,6.115442324239948,18.04,1,3.0105210293324447,-2.9118691086888333
BWI-ROC,BWI,Baltimore-Washington International Airport,ROC,Greater Rochester International Airport,39.1754,-76.6682,43.11887,-77.67238,763,214,14.423328964613368,0.2804718217562254,28.05,0.2695377601376919,26.95,5.170777988614801,14.423328964613368,3.785650646880149,18.03,1,2.0737475723300465,-1.959117326763876
MCO-HPN,MCO,Orlando International Airport,HPN,Westchester County Airport,28.42889,-81.31603,41.06696,-73.70757,1301,334,18.03996925441968,0.2567255956956187,25.67,0.2516852869370651,25.17,8.816752507454595,18.03996925441968,4.734900066776818,18.02,1,2.3297224346511465,-1.620912021356057
ORD-SMF,ORD,Chicago O'Hare International Airport,SMF,Sacramento International Airport,41.9796,-87.90446,38.69542,-121.59077,584,166,20.638698630136982,0.2842465753424658,28.42,0.2698992499982867,26.99,3.9577121171049066,20.638698630136982,5.416981267752489,18.0,1,2.7313467330588272,-2.710444640358544
MDW-HOU,MDW,Chicago Midway International Airport,HOU,William P. Hobby Airport,41.78598,-87.75242,29.64542,-95.27889,2225,513,12.986067415730338,0.230561797752809,23.06,0.228649929891969,22.86,15.07861208999729,12.986067415730338,3.408416644548645,18.0,1,1.6562408143239782,-0.180186767693537
PHL-FLL,PHL,Philadelphia International Airport,FLL,Fort Lauderdale-Hollywood International Airport,39.87195,-75.24114,26.07258,-80.15275,2000,474,13.1565,0.237,23.7,0.2345767080946801,23.46,13.553808620222282,13.1565,3.453149606299213,17.98,1,1.7055331280131931,-0.42915461842219127
SAN-HNL,SAN,San Diego International Airport (Lindbergh Field),HNL,Honolulu International Airport,32.73356,-117.18966,21.31869,-157.92241,696,198,11.679597701149426,0.2844827586206896,28.45,0.2721244811543067,27.21,4.716725399837355,11.679597701149426,3.065511207650768,17.97,1,1.784983752678796,-1.8010840715666157
DAL-ABQ,DAL,Dallas Love Field,ABQ,Albuquerque International Sunport,32.84711,-96.85177,35.04022,-106.60919,1699,418,13.5532666274279,0.2460270747498528,24.6,0.2426965464140234,24.27,11.513960422878828,13.5532666274279,3.557287828721233,17.97,1,1.7930044702562917,-0.7864618870913942
DTW-IAH,DTW,Detroit Metropolitan Airport,IAH,George Bush Intercontinental Airport,42.21206,-83.34884,29.98047,-95.33972,2158,497,15.022706209453196,0.2303058387395737,23.03,0.2283485770588255,22.83,14.624559501219842,15.022706209453196,3.9429675090428336,17.95,1,1.8480109854083695,-0.4189141519303383
LGA-CAK,LGA,LaGuardia Airport (Marine Air Terminal),CAK,Akron-Canton Regional Airport,40.77724,-73.87261,40.91631,-81.44247,536,153,21.53358208955224,0.2854477611940298,28.54,0.2698287531428115,26.98,3.6324207102195714,21.53358208955224,5.651858816155444,17.94,1,2.813350434594491,-2.842219830620806
ORD-FLL,ORD,Chicago O'Hare International Airport,FLL,Fort Lauderdale-Hollywood International Airport,41.9796,-87.90446,26.07258,-80.15275,2659,571,15.308386611508086,0.2147423843550207,21.47,0.2137046346498108,21.37,18.019788560585525,15.308386611508086,4.017949241865639,17.93,1,1.768814933565051,0.06865607067601844
SLC-ORD,SLC,Salt Lake City International Airport,ORD,Chicago O'Hare International Airport,40.78839,-111.97777,41.9796,-87.90446,2826,592,15.781316348195327,0.2094833687190375,20.95,0.2086845820228394,20.87,19.151531580374083,15.781316348195327,4.142077781678564,17.93,1,1.7809424182275213,0.19159082057293245
EWR-DCA,EWR,Newark Liberty International Airport,DCA,Ronald Reagan Washington National Airport,40.6925,-74.16866,38.85208,-77.03772,1506,376,16.01195219123506,0.249667994687915,24.97,0.2457105149432304,24.57,10.20601789102738,16.01195219123506,4.202612123683744,17.92,1,2.049398492050422,-1.2032178406282
BWI-ALB,BWI,Baltimore-Washington International Airport,ALB,Albany International Airport,39.1754,-76.6682,42.74812,-73.80298,1836,442,13.305555555555555,0.2407407407407407,24.07,0.2379189498960889,23.79,12.442396313364055,13.305555555555555,3.492271799358414,17.91,1,1.715222401038732,-0.6068770309309156
ORD-ANC,ORD,Chicago O'Hare International Airport,ANC,Ted Stevens Anchorage International Airport,41.9796,-87.90446,61.17432,-149.99619,686,193,14.769679300291545,0.2813411078717201,28.13,0.2692253015252266,26.92,4.648956356736242,14.769679300291545,3.8765562467956807,17.9,1,2.0659990603695397,-2.062356894923218
ORD-SBN,ORD,Chicago O'Hare International Airport,SBN,South Bend International Airport (South Bend Regional),41.9796,-87.90446,41.70895,-86.31847,1222,316,16.069558101472996,0.2585924713584288,25.86,0.2531097481080395,25.31,8.281377066955814,16.069558101472996,4.217731785163516,17.89,1,2.0868486825449466,-1.523566715430583
JAX-ORD,JAX,Jacksonville International Airport,ORD,Chicago O'Hare International Airport,30.49406,-81.68786,41.9796,-87.90446,659,183,21.06828528072837,0.2776934749620637,27.77,0.265627255597929,26.56,4.465979940363242,21.06828528072837,5.529733669482513,17.88,1,2.6998227215616937,-2.6273938604927016
DTW-EWR,DTW,Detroit Metropolitan Airport,EWR,Newark Liberty International Airport,42.21206,-83.34884,40.6925,-74.16866,2202,499,16.723887375113534,0.2266121707538601,22.66,0.2248527745433658,22.49,14.922743290864732,16.723887375113534,4.389471751998303,17.88,1,1.978512910537376,-0.5119593143541783
MCO-TTN,MCO,Orlando International Airport,TTN,Trenton Mercer Airport,28.42889,-81.31603,40.27669,-74.81347,512,143,29.359375,0.279296875,27.93,0.2640704035928564,26.41,3.469775006776904,29.359375,7.705872703412074,17.87,1,3.5739357127172213,-3.5194574274387227
FLL-ORD,FLL,Fort Lauderdale-Hollywood International Airport,ORD,Chicago O'Hare International Airport,26.07258,-80.15275,41.9796,-87.90446,2666,569,15.483870967741936,0.2134283570892723,21.34,0.2124407400574215,21.24,18.067226890756302,15.483870967741936,4.0640081280162565,17.87,1,1.75701830364924,0.06711715432195875
DFW-SGF,DFW,Dallas/Fort Worth International Airport,SGF,Springfield-Branson National Airport,32.89595,-97.0372,37.24433,-93.38686,2337,525,13.18356867779204,0.2246469833119384,22.46,0.2230656901923792,22.31,15.837625372729738,13.18356867779204,3.460254246139644,17.86,1,1.5896300788025683,-0.06414529284936892
PHX-HNL,PHX,Phoenix Sky Harbor International Airport,HNL,Honolulu International Airport,33.43417,-112.00806,21.31869,-157.92241,1209,313,15.329197684036394,0.2588916459884202,25.89,0.2533316172641926,25.33,8.193277310924369,15.329197684036394,4.02341146562635,17.85,1,1.9968568183649127,-1.4693012354137236
PHL-LAS,PHL,Philadelphia International Airport,LAS,McCarran International Airport,39.87195,-75.24114,36.08036,-115.15233,2312,518,14.52984429065744,0.2240484429065743,22.4,0.2224755750409735,22.25,15.668202764976956,14.52984429065744,3.813607425369407,17.84,1,1.7177784365876527,-0.2028917265000344
RHI-MSP,RHI,Rhinelander-Oneida County Airport,MSP,Minneapolis-Saint Paul International Airport,45.63119,-89.46745,44.88055,-93.21692,719,200,15.367176634214186,0.278164116828929,27.82,0.2669244041499733,26.69,4.87259419896991,15.367176634214186,4.033379694019471,17.84,1,2.0912958302783053,-2.0604809563694673
HOU-MEM,HOU,William P. Hobby Airport,MEM,Memphis International Airport,29.64542,-95.27889,35.04242,-89.97667,676,189,15.903846153846152,0.279585798816568,27.96,0.2675400605655001,26.75,4.581187313635131,15.903846153846152,4.174237835655158,17.82,1,2.148668561268388,-2.15842041920958
MCO-PVD,MCO,Orlando International Airport,PVD,Theodore Francis Green State Airport,28.42889,-81.31603,41.724,-71.42822,2144,488,16.06436567164179,0.2276119402985074,22.76,0.2257625164878913,22.58,14.529682840878284,16.06436567164179,4.216368942688134,17.81,1,1.8906056812746235,-0.5059426578651812
LIT-ORD,LIT,Bill and Hillary Clinton National Airport (Adams Field),ORD,Chicago O'Hare International Airport,34.7294,-92.22425,41.9796,-87.90446,2142,487,16.585901027077497,0.2273576097105508,22.74,0.2255178800173185,22.55,14.516129032258066,16.585901027077497,4.353254862749999,17.81,1,1.9439695767260947,-0.5534525408638511
DFW-MGM,DFW,Dallas/Fort Worth International Airport,MGM,Montgomery Regional Airport,32.89595,-97.0372,32.30064,-86.39398,1020,270,15.220588235294118,0.2647058823529412,26.47,0.257688470534668,25.77,6.912442396313365,15.220588235294118,3.994905048633627,17.79,1,1.9908972846584636,-1.6706510147077656
JFK-TPA,JFK,John F. Kennedy International Airport (New York International Airport),TPA,Tampa International Airport,40.63975,-73.77893,27.97547,-82.53325,2649,562,15.650811627029068,0.2121555303888259,21.22,0.2112081073113234,21.12,17.952019517484413,15.650811627029068,4.107824574023377,17.78,1,1.733014507210344,0.04665597217672184
BUR-SFO,BUR,Bob Hope Airport (Hollywood Burbank Airport),SFO,San Francisco International Airport,34.20062,-118.3585,37.619,-122.37484,1690,405,17.796449704142013,0.2396449704142011,23.96,0.2366542385468313,23.67,11.452968284087827,17.796449704142013,4.670984174315489,17.77,1,2.1240444920426,-1.129817568428856
ORD-PDX,ORD,Chicago O'Hare International Airport,PDX,Portland International Airport,41.9796,-87.90446,45.58872,-122.5975,2349,520,14.83695189442316,0.2213707960834397,22.14,0.2199310277659567,21.99,15.918948224451071,14.83695189442316,3.894213095649123,17.76,1,1.7043500507431264,-0.1819716911320584
BWI-TPA,BWI,Baltimore-Washington International Airport,TPA,Tampa International Airport,39.1754,-76.6682,27.97547,-82.53325,2320,518,13.013793103448275,0.2232758620689655,22.33,0.221740118594557,22.17,15.722417999457846,13.013793103448275,3.41569372793918,17.74,1,1.5209633483855345,-0.052408701178505955
ORD-AVP,ORD,Chicago O'Hare International Airport,AVP,Wilkes-Barre/Scranton International Airport,41.9796,-87.90446,41.33815,-75.72427,545,155,16.612844036697247,0.2844036697247706,28.44,0.2691644759671754,26.92,3.693412849010572,16.612844036697247,4.360326518818175,17.73,1,2.2174711644562772,-2.3750201317222923
IND-EWR,IND,Indianapolis International Airport,EWR,Newark Liberty International Airport,39.71733,-86.29438,40.6925,-74.16866,1302,327,18.6889400921659,0.2511520737327189,25.12,0.2465129008550843,24.65,8.823529411764707,18.6889400921659,4.90523361999105,17.73,1,2.264520562581975,-1.6313887362533268
ATL-MLI,ATL,Hartsfield-Jackson Atlanta International Airport,MLI,Quad City International Airport,33.64044,-84.42694,41.44853,-90.50754,846,228,16.516548463356973,0.2695035460992908,26.95,0.2606882526414674,26.07,5.733261046354025,16.516548463356973,4.33505209011994,17.73,1,2.126475902321899,-1.9790903611215187
ORD-CHO,ORD,Chicago O'Hare International Airport,CHO,Charlottesville-Albemarle Airport,41.9796,-87.90446,38.13864,-78.45286,927,245,18.46925566343042,0.2642934196332254,26.43,0.2566807078859086,25.67,6.282190295473028,18.46925566343042,4.847573664942368,17.7,1,2.2942093813523146,-2.0424261309571934
DEN-MKE,DEN,Denver International Airport,MKE,General Mitchell International Airport,39.85841,-104.667,42.94722,-87.89658,2223,501,13.113810166441745,0.2253711201079622,22.54,0.2236810533787465,22.37,15.065058281377066,13.113810166441745,3.441944925575261,17.7,1,1.5300039162201235,-0.1553918993502812
MSY-FLL,MSY,Louis Armstrong New Orleans International Airport,FLL,Fort Lauderdale-Hollywood International Airport,29.99339,-90.25803,26.07258,-80.15275,980,257,18.51020408163265,0.2622448979591836,26.22,0.2551954509248409,25.52,6.641366223908918,18.51020408163265,4.858321281268413,17.7,1,2.2883706125581487,-1.9827804822825734
LAS-BOS,LAS,McCarran International Airport,BOS,Gen. Edward Lawrence Logan International Airport,36.08036,-115.15233,42.36435,-71.00518,1121,290,15.861730597680642,0.2586975914362177,25.87,0.2527527330047733,25.28,7.596909731634589,15.861730597680642,4.163183883905681,17.69,1,1.9921243779421725,-1.5906427573641406
DEN-OKC,DEN,Denver International Airport,OKC,Will Rogers World Airport,39.85841,-104.667,35.39309,-97.60073,1956,455,13.66155419222904,0.2326175869120654,23.26,0.2303555870616868,23.04,13.255624830577393,13.66155419222904,3.5857097617399054,17.68,1,1.6211525217583882,-0.4769348760082451
LAX-MCI,LAX,Los Angeles International Airport,MCI,Kansas City International Airport,33.94254,-118.40807,39.29761,-94.71391,1105,287,14.968325791855204,0.2597285067873303,25.97,0.2536191593351271,25.36,7.48847926267281,14.968325791855204,3.928694433557797,17.68,1,1.8995448631063658,-1.530826853718716
ATL-JFK,ATL,Hartsfield-Jackson Atlanta International Airport,JFK,John F. Kennedy International Airport (New York International Airport),33.64044,-84.42694,40.63975,-73.77893,2074,471,16.26036644165863,0.2270973963355834,22.71,0.2252120915357995,22.52,14.055299539170507,16.26036644165863,4.267812714346097,17.67,1,1.8559398634265851,-0.576167265301881
ORD-RSW,ORD,Chicago O'Hare International Airport,RSW,Southwest Florida International Airport,41.9796,-87.90446,26.53617,-81.75517,1938,448,15.751289989680082,0.2311661506707946,23.12,0.2289553910691011,22.9,13.13364055299539,15.751289989680082,4.134196847685061,17.64,1,1.8182064241742861,-0.6721984982175536
DEN-STL,DEN,Denver International Airport,STL,St. Louis International Airport at Lambert Field,39.85841,-104.667,38.74769,-90.35999,2004,462,13.6187624750499,0.2305389221556886,23.05,0.2284273227180742,22.84,13.580916237462723,13.6187624750499,3.5744783399081106,17.64,1,1.589985098005413,-0.41723422425264506
EWR-PHX,EWR,Newark Liberty International Airport,PHX,Phoenix Sky Harbor International Airport,40.6925,-74.16866,33.43417,-112.00806,2266,503,14.146072374227714,0.2219770520741394,22.2,0.2204611525776957,22.05,15.356465166711846,14.146072374227714,3.712879888248744,17.63,1,1.5886742936773723,-0.18985475787642667
DEN-DSM,DEN,Denver International Airport,DSM,Des Moines International Airport,39.85841,-104.667,41.53493,-93.66068,1026,268,15.483430799220272,0.2612085769980506,26.12,0.2545391536401671,25.45,6.953103822174031,15.483430799220272,4.063892598220544,17.62,1,1.9386502842640752,-1.6576247026997541
GRR-DFW,GRR,Gerald R. Ford International Airport,DFW,Dallas/Fort Worth International Airport,42.88082,-85.52277,32.89595,-97.0372,721,195,19.42024965325936,0.2704576976421636,27.05,0.2601840280131889,26.02,4.8861480075901325,19.42024965325936,5.097178386682247,17.6,1,2.388579429756901,-2.3578367381755405
SEA-JFK,SEA,Seattle-Tacoma International Airport,JFK,John F. Kennedy International Airport (New York International Airport),47.44898,-122.30931,40.63975,-73.77893,2310,510,13.092207792207793,0.2207792207792207,22.08,0.2193406999995137,21.93,15.654648956356738,13.092207792207793,3.436275011078161,17.59,1,1.4571419651186206,-0.048983289277763534
JFK-AUS,JFK,John F. Kennedy International Airport (New York International Airport),AUS,Austin-Bergstrom International Airport,40.63975,-73.77893,30.19453,-97.66987,1705,404,16.721407624633432,0.2369501466275659,23.7,0.2341335662043369,23.41,11.554621848739496,16.721407624633432,4.388820898853919,17.59,1,1.934417488743491,-0.9975026996189662
SGF-ORD,SGF,Springfield-Branson National Airport,ORD,Chicago O'Hare International Airport,37.24433,-93.38686,41.9796,-87.90446,2097,468,18.527896995708154,0.223175965665236,22.32,0.2214888880285972,22.15,14.211168338303064,18.527896995708154,4.862965090737048,17.57,1,2.033789165886862,-0.7357588033681302
LAX-ELP,LAX,Los Angeles International Airport,ELP,El Paso International Airport,33.94254,-118.40807,31.80667,-106.37781,996,261,14.654618473895582,0.2620481927710843,26.2,0.2551196049259381,25.51,6.749796692870697,14.654618473895582,3.846356554828237,17.57,1,1.838325923822712,-1.6144189139473162
ORD-CAE,ORD,Chicago O'Hare International Airport,CAE,Columbia Metropolitan Airport,41.9796,-87.90446,33.93884,-81.11954,631,174,17.19175911251981,0.2757527733755943,27.58,0.2634898590955241,26.35,4.276226619680131,17.19175911251981,4.512272732944832,17.56,1,2.169484522943181,-2.2770769701973426
TPA-BOS,TPA,Tampa International Airport,BOS,Gen. Edward Lawrence Logan International Airport,27.97547,-82.53325,42.36435,-71.00518,1186,301,15.854974704890388,0.2537942664418212,25.38,0.2485311718497886,24.85,8.037408511791813,15.854974704890388,4.161410683698265,17.54,1,1.9130407766897748,-1.491660264068709
ORD-BDL,ORD,Chicago O'Hare International Airport,BDL,Bradley International Airport,41.9796,-87.90446,41.93887,-72.68323,1630,390,15.453374233128834,0.2392638036809816,23.93,0.2361913797681087,23.62,11.04635402548116,15.453374233128834,4.056003735729353,17.54,1,1.7961692965899039,-0.9621366167282361
FSD-ORD,FSD,Sioux Falls Regional Airport,ORD,Chicago O'Hare International Airport,43.58135,-96.7417,41.9796,-87.90446,2131,475,16.282965743782263,0.2229000469263256,22.29,0.221251047511801,22.13,14.441583084846844,16.282965743782263,4.273744289706631,17.53,1,1.7822861882738206,-0.5007244789433158
BWI-LAS,BWI,Baltimore-Washington International Airport,LAS,McCarran International Airport,39.1754,-76.6682,36.08036,-115.15233,1848,430,14.430735930735931,0.2326839826839827,23.27,0.2302931658104867,23.03,12.523719165085389,14.430735930735931,3.787594732476622,17.52,1,1.6442277257867859,-0.6360504362070409
MSP-DFW,MSP,Minneapolis-Saint Paul International Airport,DFW,Dallas/Fort Worth International Airport,44.88055,-93.21692,32.89595,-97.0372,2771,567,14.828581739444244,0.2046192710212919,20.46,0.203974603622023,20.4,18.77880184331797,14.828581739444244,3.892016204578542,17.52,1,1.5000383770685388,0.26836116294058043
JFK-PHX,JFK,John F. Kennedy International Airport (New York International Airport),PHX,Phoenix Sky Harbor International Airport,40.63975,-73.77893,33.43417,-112.00806,2487,532,13.64897466827503,0.2139123441897868,21.39,0.2128376834166324,21.28,16.85416101924641,13.64897466827503,3.5824080494160184,17.52,1,1.4442525820800582,0.09031301899212238
ORD-FSD,ORD,Chicago O'Hare International Airport,FSD,Sioux Falls Regional Airport,41.9796,-87.90446,43.58135,-96.7417,2153,482,13.432419879238273,0.2238736646539712,22.39,0.2221975530398704,22.22,14.590674979669288,13.432419879238273,3.525569522109783,17.51,1,1.4839392647281555,-0.22934298178615933
MDW-OMA,MDW,Chicago Midway International Airport,OMA,Eppley Airfield,41.78598,-87.75242,41.30252,-95.89417,1802,423,13.056603773584904,0.234739178690344,23.47,0.2321824852780379,23.22,12.211981566820276,13.056603773584904,3.4269301243005,17.5,1,1.5054670556562546,-0.5640457426856396
JFK-RDU,JFK,John F. Kennedy International Airport (New York International Airport),RDU,Raleigh-Durham International Airport,40.63975,-73.77893,35.87764,-78.78747,1568,378,14.607780612244898,0.2410714285714285,24.11,0.2377764310544533,23.78,10.62618595825427,14.607780612244898,3.834063152820183,17.5,1,1.7024755795140478,-0.9507676325203444
TYS-ORD,TYS,McGhee Tyson Airport,ORD,Chicago O'Hare International Airport,35.81249,-83.99286,41.9796,-87.90446,2167,478,16.79556991232118,0.2205814490078449,22.06,0.2190609117771628,21.91,14.685551640010845,16.79556991232118,4.408286066226032,17.48,1,1.8031461203527632,-0.5013439849774888
BOI-SFO,BOI,Boise Airport (Boise Air Terminal),SFO,San Francisco International Airport,43.56444,-116.22278,37.619,-122.37484,1491,358,19.01073105298457,0.2401073105298457,24.01,0.2367134424882641,23.67,10.10436432637571,19.01073105298457,4.9896931897597305,17.48,1,2.1474936819198978,-1.4086607481931348
IAH-SAN,IAH,George Bush Intercontinental Airport,SAN,San Diego International Airport (Lindbergh Field),29.98047,-95.33972,32.73356,-117.18966,2182,486,13.07653528872594,0.2227314390467461,22.27,0.2211266814192936,22.11,14.78720520466251,13.07653528872594,3.432161493103921,17.48,1,1.4282164983259287,-0.16431939224891
DEN-TUS,DEN,Denver International Airport,TUS,Tucson International Airport,39.85841,-104.667,32.11608,-110.94103,2013,457,13.873323397913564,0.2270243417784401,22.7,0.225088067675735,22.51,13.641908376253728,13.873323397913564,3.6412922304235074,17.46,1,1.5318937296218236,-0.40654390542209407
ORD-SGF,ORD,Chicago O'Hare International Airport,SGF,Springfield-Branson National Airport,41.9796,-87.90446,37.24433,-93.38686,2077,466,14.855079441502166,0.2243620606644198,22.44,0.2226050009181572,22.26,14.07563025210084,14.855079441502166,3.8989709820215657,17.46,1,1.6178978267707194,-0.4245258786878523
IAD-EWR,IAD,Washington Dulles International Airport,EWR,Newark Liberty International Airport,38.94453,-77.45581,40.6925,-74.16866,688,186,17.79796511627907,0.2703488372093023,27.03,0.2596587398462286,25.97,4.662510165356465,17.79796511627907,4.6713819202832205,17.45,1,2.16421582052566,-2.234830986856487
CID-MSP,CID,The Eastern Iowa Airport,MSP,Minneapolis-Saint Paul International Airport,41.88459,-91.71087,44.88055,-93.21692,770,206,16.357142857142858,0.2675324675324675,26.75,0.2581736632170438,25.82,5.218216318785579,16.357142857142858,4.2932133483314585,17.44,1,1.9959997855176865,-2.0092925582768437
PHX-TUL,PHX,Phoenix Sky Harbor International Airport,TUL,Tulsa International Airport,33.43417,-112.00806,36.19837,-95.88824,644,177,14.321428571428571,0.2748447204968944,27.48,0.2629181276865969,26.29,4.364326375711575,14.321428571428571,3.758905136857893,17.43,1,1.8183194712734692,-1.9945352552943936
RIC-ORD,RIC,Richmond International Airport,ORD,Chicago O'Hare International Airport,37.50517,-77.31967,41.9796,-87.90446,2178,478,16.651974288337925,0.2194674012855831,21.95,0.2180031110618209,21.8,14.760097587422068,16.651974288337925,4.370596926072946,17.43,1,1.762698046112718,-0.4708038726830863
ORD-OMA,ORD,Chicago O'Hare International Airport,OMA,Eppley Airfield,41.9796,-87.90446,41.30252,-95.89417,2138,475,14.311506080449018,0.2221702525724976,22.22,0.220559020106715,22.06,14.48902141501762,14.311506080449018,3.756300808516803,17.42,1,1.5332123985496782,-0.30931676922557777
ATL-BMI,ATL,Hartsfield-Jackson Atlanta International Airport,BMI,Central Illinois Regional Airport at Bloomington-Normal,33.64044,-84.42694,40.47799,-88.91595,949,246,16.931506849315067,0.2592202318229715,25.92,0.2522507979016474,25.23,6.431282190295473,16.931506849315067,4.443965052313666,17.41,1,2.0033702399662126,-1.8368303885992845
DEN-LBB,DEN,Denver International Airport,LBB,Lubbock Preston Smith International Airport,39.85841,-104.667,33.66364,-101.82278,640,175,16.01875,0.2734375,27.34,0.2616366040524704,26.16,4.33721875847113,16.01875,4.204396325459317,17.41,1,1.9818238562062083,-2.1399358273409628
CLT-SFO,CLT,Charlotte Douglas International Airport,SFO,San Francisco International Airport,35.21401,-80.94313,37.619,-122.37484,1988,452,12.957243460764587,0.2273641851106639,22.74,0.2253884516277912,22.54,13.472485768500947,12.957243460764587,3.4008513020379496,17.4,1,1.4171408170198945,-0.34588066975145987
DEN-HOU,DEN,Denver International Airport,HOU,William P. Hobby Airport,39.85841,-104.667,29.64542,-95.27889,1918,441,12.209593326381649,0.22992700729927,22.99,0.227755741823007,22.78,12.998102466793169,12.209593326381649,3.204617670966312,17.4,1,1.3527759579975371,-0.3537919637970776
DEN-DAY,DEN,Denver International Airport,DAY,James M. Cox Dayton International Airport,39.85841,-104.667,39.90238,-84.21938,535,149,16.117757009345794,0.2785046728971962,27.85,0.26395446771469,26.4,3.6256438059094607,16.117757009345794,4.230382417151128,17.38,1,2.010653781988021,-2.281588132126336
LBB-DFW,LBB,Lubbock Preston Smith International Airport,DFW,Dallas/Fort Worth International Airport,33.66364,-101.82278,32.89595,-97.0372,723,192,20.4536652835408,0.2655601659751037,26.56,0.2559065455635821,25.59,4.899701816210355,20.4536652835408,5.368416084918845,17.38,1,2.3937551456239494,-2.4049672815999013
STL-EWR,STL,St. Louis International Airport at Lambert Field,EWR,Newark Liberty International Airport,38.74769,-90.35999,40.6925,-74.16866,1962,442,16.64322120285423,0.2252803261977574,22.53,0.2233807405425937,22.34,13.29628625643806,16.64322120285423,4.368299528308197,17.38,1,1.7819021214577693,-0.6880538711049918
LAX-ASE,LAX,Los Angeles International Airport,ASE,Aspen-Pitkin County Airport,33.94254,-118.40807,39.22316,-106.86885,718,192,18.18384401114206,0.2674094707520891,26.74,0.2574707665022349,25.75,4.8658172946598,18.18384401114206,4.7726624701160265,17.38,1,2.16532669361284,-2.218361613855206
SBN-ORD,SBN,South Bend International Airport (South Bend Regional),ORD,Chicago O'Hare International Airport,41.70895,-86.31847,41.9796,-87.90446,1206,295,23.49253731343284,0.2446102819237147,24.46,0.2401310007647995,24.01,8.172946597994036,23.49253731343284,6.16602029223959,17.37,1,2.599492898462874,-2.0928752669200144
ORD-TUL,ORD,Chicago O'Hare International Airport,TUL,Tulsa International Airport,41.9796,-87.90446,36.19837,-95.88824,2197,483,13.881201638598087,0.2198452435138825,21.98,0.2183766160203866,21.84,14.888858769314178,13.881201638598087,3.643360010130732,17.37,1,1.4551699809395506,-0.20468989720771608
SFO-ACV,SFO,San Francisco International Airport,ACV,Arcata Airport,37.619,-122.37484,40.97812,-124.10862,1385,338,15.623826714801444,0.244043321299639,24.4,0.240142146127157,24.01,9.38601246950393,15.623826714801444,4.100741919895392,17.37,1,1.775380393336021,-1.2192667671609398
ORD-ELP,ORD,Chicago O'Hare International Airport,ELP,El Paso International Airport,41.9796,-87.90446,31.80667,-106.37781,592,162,17.83108108108108,0.2736486486486486,27.36,0.2609986806341447,26.1,4.011927351585796,17.83108108108108,4.680073774561964,17.36,1,2.156024874401091,-2.3467914655684092
DEN-FSD,DEN,Denver International Airport,FSD,Sioux Falls Regional Airport,39.85841,-104.667,43.58135,-96.7417,1364,334,14.810850439882698,0.2448680351906158,24.49,0.2408545676221503,24.09,9.243697478991598,14.810850439882698,3.887362320179186,17.35,1,1.6879734413628136,-1.1702136826761462
ICT-ORD,ICT,Wichita Dwight D. Eisenhower National Airport (Wichita Mid-Continent Airport),ORD,Chicago O'Hare International Airport,37.64996,-97.43305,41.9796,-87.90446,2187,474,18.0,0.2167352537722908,21.67,0.215396190204997,21.54,14.821089726213064,18.0,4.724409448818897,17.34,1,1.8536075387547795,-0.5662354595693708
ABQ-DAL,ABQ,Albuquerque International Sunport,DAL,Dallas Love Field,35.04022,-106.60919,32.84711,-96.85177,1703,400,13.32883147386964,0.2348796241926013,23.49,0.2321747570708975,23.22,11.541068040119274,13.32883147386964,3.4983809642702477,17.34,1,1.4774764784279864,-0.6715902722652769
RSW-ORD,RSW,Southwest Florida International Airport,ORD,Chicago O'Hare International Airport,26.53617,-81.75517,41.9796,-87.90446,1932,437,15.659420289855072,0.2261904761904762,22.62,0.2242180546254075,22.42,13.092979127134724,15.659420289855072,4.110084065578759,17.34,1,1.6700673986878596,-0.6289926444140738
CVG-DEN,CVG,Cincinnati/Northern Kentucky International Airport,DEN,Denver International Airport,39.04614,-84.66217,39.85841,-104.667,960,245,19.928125,0.2552083333333333,25.52,0.2486897047158756,24.87,6.505828137706696,19.928125,5.230479002624673,17.33,1,2.2668478953883398,-2.065278662052198
BOS-SEA,BOS,Gen. Edward Lawrence Logan International Airport,SEA,Seattle-Tacoma International Airport,42.36435,-71.00518,47.44898,-122.30931,1585,378,13.25678233438486,0.2384858044164038,23.85,0.2353774997025686,23.54,10.741393331526158,13.25678233438486,3.479470428972404,17.33,1,1.485939030016651,-0.7914161780553838
IAH-FLL,IAH,George Bush Intercontinental Airport,FLL,Fort Lauderdale-Hollywood International Airport,29.98047,-95.33972,26.07258,-80.15275,2020,451,15.203465346534651,0.2232673267326732,22.33,0.2215146636786925,22.15,13.689346706424503,15.203465346534651,3.9904108521088326,17.31,1,1.5938024087641496,-0.4937571961875541
TPA-EWR,TPA,Tampa International Airport,EWR,Newark Liberty International Airport,27.97547,-82.53325,40.6925,-74.16866,2251,485,16.063971568191914,0.2154597956463793,21.55,0.2142114364095398,21.42,15.254811602060178,16.063971568191914,4.216265503462444,17.3,1,1.6293611662456127,-0.32914097489070737
EWR-BNA,EWR,Newark Liberty International Airport,BNA,Nashville International Airport,40.6925,-74.16866,36.12448,-86.67818,2009,449,14.647585863613738,0.2234942757590841,22.35,0.2217217102886809,22.17,13.61480075901328,14.647585863613738,3.844510725357937,17.28,1,1.526560067631323,-0.45330301975735426
SFO-STL,SFO,San Francisco International Airport,STL,St. Louis International Airport at Lambert Field,37.619,-122.37484,38.74769,-90.35999,967,248,16.464322647362977,0.2564632885211996,25.65,0.2498698097458558,24.99,6.5532664678774735,16.464322647362977,4.321344526866923,17.28,1,1.8936877019710894,-1.7540878045351265
BWI-LAX,BWI,Baltimore-Washington International Airport,LAX,Los Angeles International Airport,39.1754,-76.6682,33.94254,-118.40807,1251,309,15.18784972022382,0.2470023980815347,24.7,0.2424952531449505,24.25,8.477907291949037,15.18784972022382,3.986312262525937,17.27,1,1.7085836163316477,-1.3163933908342156
RNO-SFO,RNO,Reno/Tahoe International Airport,SFO,San Francisco International Airport,39.49858,-119.76806,37.619,-122.37484,1694,393,16.268595041322314,0.2319952774498229,23.2,0.2294376181710302,22.94,11.480075901328274,16.268595041322314,4.2699724517906334,17.27,1,1.7429213382586999,-0.924166227217623
HOU-AUS,HOU,William P. Hobby Airport,AUS,Austin-Bergstrom International Airport,29.64542,-95.27889,30.19453,-97.66987,1405,341,13.713167259786475,0.2427046263345195,24.27,0.2389442438530419,23.89,9.521550555706153,13.713167259786475,3.5992564986316213,17.25,1,1.5275387200006405,-1.016803161052612
CLT-DEN,CLT,Charlotte Douglas International Airport,DEN,Denver International Airport,35.21401,-80.94313,39.85841,-104.667,2088,462,12.738026819923371,0.2212643678160919,22.13,0.219657718006777,21.97,14.150176199512062,12.738026819923371,3.34331412596414,17.22,1,1.2913633867207932,-0.19840125760499996
HOU-EWR,HOU,William P. Hobby Airport,EWR,Newark Liberty International Airport,29.64542,-95.27889,40.6925,-74.16866,919,235,18.624591947769314,0.2557127312295973,25.57,0.2488823228644044,24.89,6.227975060992138,18.624591947769314,4.888344343246539,17.22,1,2.0938223979512665,-1.9844822943868123
ORD-BHM,ORD,Chicago O'Hare International Airport,BHM,Birmingham-Shuttlesworth International Airport,41.9796,-87.90446,33.56294,-86.75355,1094,275,15.0018281535649,0.2513711151736746,25.14,0.2459054329973435,24.59,7.413933315261588,15.0018281535649,3.937487704347743,17.2,1,1.6861547441491918,-1.468422174982922
DEN-BWI,DEN,Denver International Airport,BWI,Baltimore-Washington International Airport,39.85841,-104.667,39.1754,-76.6682,2052,455,12.921052631578949,0.2217348927875243,22.17,0.2200795013935075,22.01,13.90620764434806,12.921052631578949,3.391352396739881,17.19,1,1.3022295239950132,-0.24703017602703453
DFW-LBB,DFW,Dallas/Fort Worth International Airport,LBB,Lubbock Preston Smith International Airport,32.89595,-97.0372,33.66364,-101.82278,727,192,17.031636863823934,0.2640990371389271,26.41,0.2546687871811706,25.47,4.926809433450799,17.031636863823934,4.470245896016781,17.18,1,1.9566343954985979,-2.0745797384950433
TUS-SFO,TUS,Tucson International Airport,SFO,San Francisco International Airport,32.11608,-110.94103,37.619,-122.37484,690,180,23.479710144927537,0.2608695652173913,26.09,0.2514064392390229,25.14,4.676063973976687,23.479710144927537,6.16265358134581,17.18,1,2.6123043283504965,-2.664437059897702
ORD-BUF,ORD,Chicago O'Hare International Airport,BUF,Buffalo Niagara International Airport,41.9796,-87.90446,42.94052,-78.73217,2159,470,13.482630847614637,0.2176933765632237,21.77,0.2162953019029783,21.63,14.631336405529954,13.482630847614637,3.5387482539670967,17.17,1,1.3272736112139603,-0.1822909252699177
PHX-DAL,PHX,Phoenix Sky Harbor International Airport,DAL,Dallas Love Field,33.43417,-112.00806,32.84711,-96.85177,1586,374,13.00378310214376,0.2358133669609079,23.58,0.2328654134038126,23.29,10.74817023583627,13.00378310214376,3.4130664310088608,17.17,1,1.3867296898523551,-0.7450554764818449
ORD-ORF,ORD,Chicago O'Hare International Airport,ORF,Norfolk International Airport,41.9796,-87.90446,36.89461,-76.20122,865,224,15.384971098265895,0.2589595375722543,25.9,0.2514104528485266,25.14,5.862022228246137,15.384971098265895,4.038050157025169,17.16,1,1.7492014779842864,-1.762219063430823
MIA-IAD,MIA,Miami International Airport,IAD,Washington Dulles International Airport,25.79325,-80.29056,38.94453,-77.45581,879,227,15.530147895335608,0.2582480091012514,25.82,0.250879557710754,25.09,5.956898888587693,15.530147895335608,4.076154303237693,17.15,1,1.7584725873035665,-1.7573338839182344
MCO-RIC,MCO,Orlando International Airport,RIC,Richmond International Airport,28.42889,-81.31603,37.50517,-77.31967,742,194,18.54582210242588,0.261455525606469,26.15,0.2525072292147602,25.25,5.028462998102467,18.54582210242588,4.867669843156398,17.14,1,2.0854849998756677,-2.1760038465341625
DAY-EWR,DAY,James M. Cox Dayton International Airport,EWR,Newark Liberty International Airport,39.90238,-84.21938,40.6925,-74.16866,788,204,19.163705583756347,0.2588832487309644,25.89,0.2506881610347163,25.07,5.34020059636758,19.163705583756347,5.029843985237887,17.13,1,2.133593121589921,-2.1710030918401753
SFO-AUS,SFO,San Francisco International Airport,AUS,Austin-Bergstrom International Airport,37.619,-122.37484,30.19453,-97.66987,2177,471,13.824988516306844,0.2163527790537436,21.64,0.2150246319713782,21.5,14.753320683111951,13.824988516306844,3.628605909791823,17.13,1,1.3419764143669628,-0.1896207474651077
ORD-FAR,ORD,Chicago O'Hare International Airport,FAR,Hector International Airport,41.9796,-87.90446,46.91935,-96.81499,2227,477,14.30130220026942,0.2141894925909295,21.42,0.212982847872294,21.3,15.092165898617512,14.30130220026942,3.75362262474263,17.12,1,1.3718430167025308,-0.1771484054951374
ORF-EWR,ORF,Norfolk International Airport,EWR,Newark Liberty International Airport,36.89461,-76.20122,40.6925,-74.16866,700,185,16.534285714285716,0.2642857142857143,26.43,0.2545138587485351,25.45,4.743833017077799,16.534285714285716,4.33970753655793,17.11,1,1.8793585301218276,-2.0523801759655176
ORD-ALB,ORD,Chicago O'Hare International Airport,ALB,Albany International Airport,41.9796,-87.90446,42.74812,-73.80298,957,242,17.622779519331242,0.2528735632183908,25.29,0.2465573197718336,24.66,6.485497424776362,17.622779519331242,4.6254014486433705,17.11,1,1.9345398055739438,-1.835604846296554
RDU-ORD,RDU,Raleigh-Durham International Airport,ORD,Chicago O'Hare International Airport,35.87764,-78.78747,41.9796,-87.90446,2112,456,16.550189393939394,0.2159090909090909,21.59,0.2145619742309349,21.46,14.312821902954733,16.550189393939394,4.343881730692754,17.11,1,1.61443897269233,-0.48695679834552874
BOS-RSW,BOS,Gen. Edward Lawrence Logan International Airport,RSW,Southwest Florida International Airport,42.36435,-71.00518,26.53617,-81.75517,1717,395,13.229470005824112,0.2300524170064065,23.01,0.2276340599883479,22.76,11.63594470046083,13.229470005824112,3.4723018387989795,17.09,1,1.3479632097360295,-0.611253597716862
IAD-ORD,IAD,Washington Dulles International Airport,ORD,Chicago O'Hare International Airport,38.94453,-77.45581,41.9796,-87.90446,1852,414,16.79427645788337,0.2235421166306695,22.35,0.2216245322739898,22.16,12.550826782325831,16.79427645788337,4.407946576872276,17.09,1,1.6828963018179046,-0.7760221720393701
DEN-TUL,DEN,Denver International Airport,TUL,Tulsa International Airport,39.85841,-104.667,36.19837,-95.88824,1620,376,14.167901234567902,0.2320987654320987,23.21,0.229425050580714,22.94,10.978584982380047,14.167901234567902,3.718609247918085,17.07,1,1.4498844732608145,-0.7925411338961569
BPT-DFW,BPT,Jack Brooks Regional Airport (Southeast Texas Regional),DFW,Dallas/Fort Worth International Airport,29.95083,-94.02069,32.89595,-97.0372,990,246,20.93535353535353,0.2484848484848484,24.85,0.2427624651365396,24.28,6.70913526701003,20.93535353535353,5.494843447599353,17.07,1,2.242512832987427,-2.0715086712073543
EWR-CLE,EWR,Newark Liberty International Airport,CLE,Cleveland Hopkins International Airport,40.6925,-74.16866,41.41089,-81.8494,1707,388,16.898652606912712,0.2272993555946104,22.73,0.2250199706689696,22.5,11.56817565735972,16.898652606912712,4.43534189157814,17.06,1,1.7038039780133,-0.9326033999131669
DFW-HOU,DFW,Dallas/Fort Worth International Airport,HOU,William P. Hobby Airport,32.89595,-97.0372,29.64542,-95.27889,1636,378,14.666870415647924,0.2310513447432763,23.11,0.228462607718219,22.85,11.087015451341829,14.666870415647924,3.849572287571633,17.06,1,1.4931392780392274,-0.8172510507602972
IAH-ONT,IAH,George Bush Intercontinental Airport,ONT,Ontario International Airport,29.98047,-95.33972,34.056,-117.60119,523,143,15.579349904397706,0.2734225621414914,27.34,0.2594078442998846,25.94,3.544320954188126,15.579349904397706,4.089068216377351,17.06,1,1.8147832310488623,-2.193081802238828
SFO-BOI,SFO,San Francisco International Airport,BOI,Boise Airport (Boise Air Terminal),37.619,-122.37484,43.56444,-116.22278,1489,351,14.593015446608462,0.2357286769644056,23.57,0.2326060962862354,23.26,10.09081051775549,14.593015446608462,3.830187781262064,17.05,1,1.5083117637033625,-0.9688296544802643
BWI-CLE,BWI,Baltimore-Washington International Airport,CLE,Cleveland Hopkins International Airport,39.1754,-76.6682,41.41089,-81.8494,1291,314,12.904725019364834,0.2432223082881487,24.32,0.2391165255203653,23.91,8.748983464353485,12.904725019364834,3.387066934216492,17.04,1,1.3681909129573426,-1.0411034823159
BWI-BNA,BWI,Baltimore-Washington International Airport,BNA,Nashville International Airport,39.1754,-76.6682,36.12448,-86.67818,2009,442,13.628670980587357,0.2200099552015928,22.0,0.2184026017064144,21.84,13.61480075901328,13.628670980587357,3.57707899752949,17.04,1,1.3126562981762866,-0.33303281591214673
DFW-FSM,DFW,Dallas/Fort Worth International Airport,FSM,Fort Smith Regional Airport,32.89595,-97.0372,35.33659,-94.36744,1360,326,14.291911764705882,0.2397058823529411,23.97,0.2360349910950878,23.6,9.216589861751151,14.291911764705882,3.751157943492357,17.03,1,1.489759141054903,-1.0806583269451062
DEN-TPA,DEN,Denver International Airport,TPA,Tampa International Airport,39.85841,-104.667,27.97547,-82.53325,1730,395,13.793063583815028,0.2283236994219653,22.83,0.2260169874310536,22.6,11.724044456492274,13.793063583815028,3.6202266624186423,17.03,1,1.376354843497954,-0.6381755798234664
DFW-GPT,DFW,Dallas/Fort Worth International Airport,GPT,Gulfport-Biloxi International Airport,32.89595,-97.0372,30.40728,-89.07009,976,246,15.32377049180328,0.2520491803278688,25.2,0.2459210845714016,24.59,6.614258606668474,15.32377049180328,4.021987005722645,17.01,1,1.654000783225818,-1.6011093140898607
HOU-BHM,HOU,William P. Hobby Airport,BHM,Birmingham-Shuttlesworth International Airport,29.64542,-95.27889,33.56294,-86.75355,658,175,14.217325227963526,0.2659574468085106,26.6,0.2554235976237838,25.54,4.459203036053131,14.217325227963526,3.7315814246623424,17.0,1,1.6078625435502087,-1.8902475825639802
PHX-DCA,PHX,Phoenix Sky Harbor International Airport,DCA,Ronald Reagan Washington National Airport,33.43417,-112.00806,38.85208,-77.03772,1050,263,12.657142857142857,0.2504761904761904,25.05,0.2448792060859375,24.49,7.115749525616698,12.657142857142857,3.322084739407574,16.97,1,1.3540915376881504,-1.282273581293063
ATL-CID,ATL,Hartsfield-Jackson Atlanta International Airport,CID,The Eastern Iowa Airport,33.64044,-84.42694,41.88459,-91.71087,930,235,15.170967741935485,0.2526881720430107,25.27,0.2462243563095419,24.62,6.302521008403361,15.170967741935485,3.981881297095928,16.94,1,1.6174991243161583,-1.6313988927948966
DFW-TLH,DFW,Dallas/Fort Worth International Airport,TLH,Tallahassee International Airport,32.89595,-97.0372,30.39653,-84.35033,698,181,19.055873925501437,0.2593123209169054,25.93,0.2501392067654488,25.01,4.730279208457577,19.055873925501437,5.0015417127300354,16.94,1,2.056319959606963,-2.237883003662089
LAS-HNL,LAS,McCarran International Airport,HNL,Honolulu International Airport,36.08036,-115.15233,21.31869,-157.92241,883,224,15.941109852774632,0.2536806342015855,25.37,0.2468068026437722,24.68,5.9840065058281375,15.941109852774632,4.184018334061583,16.93,1,1.6984853782917873,-1.7496729713812689
IAD-IAH,IAD,Washington Dulles International Airport,IAH,George Bush Intercontinental Airport,38.94453,-77.45581,29.98047,-95.33972,1464,342,15.63934426229508,0.2336065573770492,23.36,0.2305697487204783,23.06,9.92138791000271,15.63934426229508,4.104814767006583,16.93,1,1.56192346843871,-1.0672260677712302
OMA-ORD,OMA,Eppley Airfield,ORD,Chicago O'Hare International Airport,41.30252,-95.89417,41.9796,-87.90446,2084,446,16.134836852207293,0.2140115163147792,21.4,0.2127340141936026,21.27,14.12306858227162,16.134836852207293,4.234865315539972,16.93,1,1.495604226912404,-0.4563337896124776
OKC-IAH,OKC,Will Rogers World Airport,IAH,George Bush Intercontinental Airport,35.39309,-97.60073,29.98047,-95.33972,1144,277,18.45367132867133,0.2421328671328671,24.21,0.2376294911566142,23.76,7.752778530767146,18.45367132867133,4.843483288365179,16.92,1,1.8968369349303107,-1.6600956388163735
MCO-PIT,MCO,Orlando International Airport,PIT,Pittsburgh International Airport,28.42889,-81.31603,40.49147,-80.23287,1551,359,13.883301096067054,0.2314635718891038,23.15,0.2287165881276972,22.87,10.51097858498238,13.883301096067054,3.643911048836497,16.9,1,1.3552924898028615,-0.8174688960778089
HOU-BOS,HOU,William P. Hobby Airport,BOS,Gen. Edward Lawrence Logan International Airport,29.64542,-95.27889,42.36435,-71.00518,964,241,15.615145228215768,0.25,25.0,0.2439953825176956,24.4,6.5329357549471405,15.615145228215768,4.098463314492327,16.89,1,1.6300247937119376,-1.6192550898959686
BWI-IND,BWI,Baltimore-Washington International Airport,IND,Indianapolis International Airport,39.1754,-76.6682,39.71733,-86.29438,1091,267,16.587534372135654,0.2447296058661778,24.47,0.2398077976480505,23.98,7.393602602331255,16.587534372135654,4.353683562240329,16.89,1,1.7044849224175862,-1.5560097477033035
DFW-SJU,DFW,Dallas/Fort Worth International Airport,SJU,Luis Muñoz Marín International Airport,32.89595,-97.0372,18.43942,-66.00183,644,169,16.47826086956522,0.2624223602484472,26.24,0.2521654395145539,25.22,4.364326375711575,16.47826086956522,4.325002852904257,16.87,1,1.7792650700716024,-2.075134417820496
ORD-PIT,ORD,Chicago O'Hare International Airport,PIT,Pittsburgh International Airport,41.9796,-87.90446,40.49147,-80.23287,2027,438,13.702022693635914,0.2160828811050814,21.61,0.2146737597549732,21.47,13.736785036595284,13.702022693635914,3.5963314156524717,16.86,1,1.229249125217615,-0.294965747309809
DEN-JAC,DEN,Denver International Airport,JAC,Jackson Hole Airport,39.85841,-104.667,43.60732,-110.73774,990,246,14.623232323232322,0.2484848484848484,24.85,0.2427624651365396,24.28,6.70913526701003,14.623232323232322,3.838118720008484,16.82,1,1.4941713367563931,-1.4936198056624854
CVG-LAS,CVG,Cincinnati/Northern Kentucky International Airport,LAS,McCarran International Airport,39.04614,-84.66217,36.08036,-115.15233,728,187,17.182692307692307,0.2568681318681318,25.69,0.2483225688391644,24.83,4.933586337760911,17.182692307692307,4.509892994144963,16.81,1,1.801245288198267,-2.01943451255549
JAX-JFK,JAX,Jacksonville International Airport,JFK,John F. Kennedy International Airport (New York International Airport),30.49406,-81.68786,40.63975,-73.77893,1025,250,18.991219512195123,0.2439024390243902,24.39,0.238765410665625,23.88,6.946326917863919,18.991219512195123,4.984572050444914,16.81,1,1.922569530207106,-1.8231401550667103
IAH-RIC,IAH,George Bush Intercontinental Airport,RIC,Richmond International Airport,29.98047,-95.33972,37.50517,-77.31967,555,148,14.953153153153153,0.2666666666666666,26.67,0.2543680717539361,25.44,3.7611818921116833,14.953153153153153,3.924712113688492,16.79,1,1.6165367464683071,-2.0469457473659673
MKE-BOS,MKE,General Mitchell International Airport,BOS,Gen. Edward Lawrence Logan International Airport,42.94722,-87.89658,42.36435,-71.00518,647,168,17.99690880989181,0.2596599690880989,25.97,0.2498140388203857,24.98,4.384657088641909,17.99690880989181,4.723598112832496,16.79,1,1.8958226312840285,-2.1858937832463097
DFW-PNS,DFW,Dallas/Fort Worth International Airport,PNS,Pensacola International Airport (Pensacola Gulf Coast Regional Airport),32.89595,-97.0372,30.47331,-87.18744,1169,283,13.904191616766466,0.2420872540633019,24.21,0.2376761914884382,23.77,7.922201138519924,13.904191616766466,3.649394125135556,16.79,1,1.3751215903018088,-1.223163798306801
MCI-ORD,MCI,Kansas City International Airport,ORD,Chicago O'Hare International Airport,39.29761,-94.71391,41.9796,-87.90446,2244,462,16.530748663101605,0.2058823529411764,20.59,0.2050388596411383,20.5,15.207373271889402,16.530748663101605,4.338779176667088,16.75,1,1.420112533222097,-0.3062469748584064
HOU-SAT,HOU,William P. Hobby Airport,SAT,San Antonio International Airport,29.64542,-95.27889,29.53369,-98.46978,1407,329,12.735607675906184,0.2338308457711442,23.38,0.2306642913064553,23.07,9.535104364326376,12.735607675906184,3.3426791800278703,16.73,1,1.1864989658146647,-0.849287622540338
DAL-MEM,DAL,Dallas Love Field,MEM,Memphis International Airport,32.84711,-96.85177,35.04242,-89.97667,518,138,16.25868725868726,0.2664092664092664,26.64,0.2534159983799808,25.34,3.510436432637571,16.25868725868726,4.267371983907418,16.72,1,1.7276352527927301,-2.192410796239161
DAL-ELP,DAL,Dallas Love Field,ELP,El Paso International Airport,32.84711,-96.85177,31.80667,-106.37781,1390,325,13.531654676258992,0.2338129496402877,23.38,0.2306114677844484,23.06,9.419896991054486,13.531654676258992,3.551615400592912,16.72,1,1.26777959708631,-0.9360070987996884
BWI-RSW,BWI,Baltimore-Washington International Airport,RSW,Southwest Florida International Airport,39.1754,-76.6682,26.53617,-81.75517,1273,302,13.69756480754124,0.237234878240377,23.72,0.2335113525118923,23.35,8.626999186771483,13.69756480754124,3.595161366808725,16.71,1,1.2978189377404472,-1.0757337648799965
PHL-PBI,PHL,Philadelphia International Airport,PBI,Palm Beach International Airport,39.87195,-75.24114,26.68316,-80.09559,1150,277,13.689565217391303,0.2408695652173913,24.09,0.2364888695990625,23.65,7.793439956627813,13.689565217391303,3.593061736848112,16.68,1,1.3060573621891178,-1.208154052011507
MDW-SAN,MDW,Chicago Midway International Airport,SAN,San Diego International Airport (Lindbergh Field),41.78598,-87.75242,32.73356,-117.18966,1274,303,11.910518053375196,0.2378335949764521,23.78,0.2340692045115197,23.41,8.633776091081593,11.910518053375196,3.1261202239829906,16.67,1,1.1017853408158407,-0.9170445570155783
OAK-DEN,OAK,Oakland International Airport,DEN,Denver International Airport,37.72129,-122.22072,39.85841,-104.667,1353,317,13.153732446415374,0.2342941611234294,23.43,0.2309780364754495,23.1,9.169151531580374,13.153732446415374,3.45242321428225,16.67,1,1.2120122074343478,-0.935761426073304
DEN-MIA,DEN,Denver International Airport,MIA,Miami International Airport,39.85841,-104.667,25.79325,-80.29056,1413,327,14.418966737438074,0.2314225053078556,23.14,0.2284276847315454,22.84,9.575765790187042,14.418966737438074,3.784505705364324,16.67,1,1.3271523483678513,-0.9775631976200299
PHX-SAT,PHX,Phoenix Sky Harbor International Airport,SAT,San Antonio International Airport,33.43417,-112.00806,29.53369,-98.46978,1629,367,13.084100675260895,0.2252915899324739,22.53,0.2230254985533997,22.3,11.039577121171048,13.084100675260895,3.434147158861128,16.66,1,1.1496112831871916,-0.6295203585734989
FSD-DEN,FSD,Sioux Falls Regional Airport,DEN,Denver International Airport,43.58135,-96.7417,39.85841,-104.667,1369,316,16.777209642074506,0.2308254200146092,23.08,0.2277815432258871,22.78,9.277582000542152,16.777209642074506,4.403467097657351,16.65,1,1.5629663011507156,-1.2242317904755622
DFW-SAV,DFW,Dallas/Fort Worth International Airport,SAV,Savannah/Hilton Head International Airport,32.89595,-97.0372,32.12758,-81.20214,706,181,15.06515580736544,0.2563739376770538,25.64,0.247656435482417,24.77,4.784494442938466,15.06515580736544,3.954109135791454,16.65,1,1.5208740490017176,-1.839108792528223
PIT-ORD,PIT,Pittsburgh International Airport,ORD,Chicago O'Hare International Airport,40.49147,-80.23287,41.9796,-87.90446,1870,403,16.029946524064172,0.2155080213903743,21.55,0.2140157802024508,21.4,12.672811059907836,16.029946524064172,4.207335045686135,16.64,1,1.3917454377533436,-0.6276961986134263
SBP-LAX,SBP,San Luis Obispo County Regional Airport (McChesney Field),LAX,Los Angeles International Airport,35.23706,-120.64239,33.94254,-118.40807,1470,338,13.144897959183671,0.2299319727891156,22.99,0.2271408197444765,22.71,9.962049335863378,13.144897959183671,3.4501044512293104,16.63,1,1.1735455462351696,-0.8022696233128818
ORD-AVL,ORD,Chicago O'Hare International Airport,AVL,Asheville Regional Airport,41.9796,-87.90446,35.43619,-82.54181,788,198,16.836294416243653,0.2512690355329949,25.13,0.2439314042779596,24.39,5.34020059636758,16.836294416243653,4.418974912399909,16.63,1,1.6720559110352007,-1.8867750754519068
DFW-ACT,DFW,Dallas/Fort Worth International Airport,ACT,Waco Regional Airport,32.89595,-97.0372,31.61129,-97.23052,1682,372,15.367419738406658,0.2211652794292509,22.12,0.2191981408523166,21.92,11.39875304960694,15.367419738406658,4.033443500894136,16.61,1,1.3462729151457336,-0.7624365183528939
RDU-EWR,RDU,Raleigh-Durham International Airport,EWR,Newark Liberty International Airport,35.87764,-78.78747,40.6925,-74.16866,912,223,18.9155701754386,0.2445175438596491,24.45,0.2387461333980515,23.87,6.180536730821361,18.9155701754386,4.964716581479946,16.61,1,1.84603209814154,-1.9134525391537072
PHL-RSW,PHL,Philadelphia International Airport,RSW,Southwest Florida International Airport,39.87195,-75.24114,26.53617,-81.75517,1011,248,12.321463897131553,0.2453016815034619,24.53,0.239973975696515,24.0,6.851450257522364,12.321463897131553,3.233980025493846,16.6,1,1.1572862691892636,-1.236389852029028
LAS-OKC,LAS,McCarran International Airport,OKC,Will Rogers World Airport,36.08036,-115.15233,35.39309,-97.60073,720,183,15.526388888888889,0.2541666666666666,25.42,0.2458671792668635,24.59,4.879371103280022,15.526388888888889,4.075167687372412,16.59,1,1.5345753315165938,-1.8490419874728037
OMA-EWR,OMA,Eppley Airfield,EWR,Newark Liberty International Airport,41.30252,-95.89417,40.6925,-74.16866,656,168,16.984756097560975,0.2560975609756097,25.61,0.246840062167762,24.68,4.4456492274329085,16.984756097560975,4.457941232955637,16.59,1,1.6985640281792198,-2.0518119338151486
DAL-LIT,DAL,Dallas Love Field,LIT,Bill and Hillary Clinton National Airport (Adams Field),32.84711,-96.85177,34.7294,-92.22425,1125,271,12.674666666666669,0.2408888888888889,24.09,0.2364172138765944,23.64,7.624017348875034,12.674666666666669,3.3266841644794405,16.59,1,1.1681262037567615,-1.1356387978326934
DLH-ORD,DLH,Duluth International Airport,ORD,Chicago O'Hare International Airport,46.84209,-92.19365,41.9796,-87.90446,1171,276,17.560204953031597,0.2356959863364645,23.57,0.2317947183311,23.18,7.935754947140146,17.560204953031597,4.608977677961049,16.58,1,1.6474773054775562,-1.4993975759310125
AVP-ORD,AVP,Wilkes-Barre/Scranton International Airport,ORD,Chicago O'Hare International Airport,41.33815,-75.72427,41.9796,-87.90446,542,142,16.324723247232473,0.2619926199261992,26.2,0.250173032708455,25.02,3.673082136080239,16.324723247232473,4.284704264365479,16.57,1,1.6571032869357905,-2.138102689817638
LGA-TPA,LGA,LaGuardia Airport (Marine Air Terminal),TPA,Tampa International Airport,40.77724,-73.87261,27.97547,-82.53325,2065,430,16.331234866828087,0.2082324455205811,20.82,0.2072106637407982,20.72,13.994307400379508,16.331234866828087,4.286413350873514,16.57,1,1.3519248768159096,-0.4451304812479834
SJU-PHL,SJU,Luis Muñoz Marín International Airport,PHL,Philadelphia International Airport,18.43942,-66.00183,39.87195,-75.24114,1080,260,14.071296296296296,0.2407407407407407,24.07,0.236111090676973,23.61,7.319056654920033,14.071296296296296,3.693253621075143,16.55,1,1.2982391264096032,-1.2986240195246346
SAV-DFW,SAV,Savannah/Hilton Head International Airport,DFW,Dallas/Fort Worth International Airport,32.12758,-81.20214,32.89595,-97.0372,700,177,17.31142857142857,0.2528571428571428,25.29,0.2445138587485351,24.45,4.743833017077799,17.31142857142857,4.543682039745032,16.54,1,1.6973726155071458,-2.0162349924382523
HPN-MCO,HPN,Westchester County Airport,MCO,Orlando International Airport,41.06696,-73.70757,28.42889,-81.31603,1305,302,15.840613026819923,0.2314176245210727,23.14,0.2281929444831517,22.82,8.84386012469504,15.840613026819923,4.157641214388431,16.53,1,1.4250687741123245,-1.195301974334987
DEN-PSC,DEN,Denver International Airport,PSC,Tri-Cities Airport,39.85841,-104.667,46.26468,-119.11903,750,189,15.345333333333333,0.252,25.2,0.2442483376456801,24.42,5.082678232583357,15.345333333333333,4.0276465441819775,16.53,1,1.483157411265957,-1.7873879863614395
STL-PHL,STL,St. Louis International Airport at Lambert Field,PHL,Philadelphia International Airport,38.74769,-90.35999,39.87195,-75.24114,679,174,13.413843888070693,0.2562592047128129,25.63,0.2472542836955432,24.73,4.601518026565465,13.413843888070693,3.520693933876822,16.52,1,1.3005859937740372,-1.708498058473452
STL-RDU,STL,St. Louis International Airport at Lambert Field,RDU,Raleigh-Durham International Airport,38.74769,-90.35999,35.87764,-78.78747,539,141,15.792207792207792,0.261595547309833,26.16,0.2497826087618593,24.98,3.652751423149905,15.792207792207792,4.144936428400995,16.52,1,1.5816670839652214,-2.087847002282767
MIA-SFO,MIA,Miami International Airport,SFO,San Francisco International Airport,25.79325,-80.29056,37.619,-122.37484,1110,265,14.676576576576576,0.2387387387387387,23.87,0.2343893280982051,23.44,7.522363784223367,14.676576576576576,3.8521198363718048,16.52,1,1.3405587950022917,-1.3118324889899886
MDW-ROC,MDW,Chicago Midway International Airport,ROC,Greater Rochester International Airport,41.78598,-87.75242,43.11887,-77.67238,559,146,14.590339892665474,0.2611806797853309,26.12,0.2497892063715146,24.98,3.788289509352128,14.590339892665474,3.82948553613267,16.51,1,1.4489775232809692,-1.958124721815007
JFK-IAD,JFK,John F. Kennedy International Airport (New York International Airport),IAD,Washington Dulles International Airport,40.63975,-73.77893,38.94453,-77.45581,998,239,18.13426853707415,0.2394789579158316,23.95,0.2346184763195156,23.46,6.76335050149092,18.13426853707415,4.7596505346651306,16.48,1,1.691148695611309,-1.7262881012631794
FAT-SFO,FAT,Fresno Yosemite International Airport,SFO,San Francisco International Airport,36.77619,-119.71814,37.619,-122.37484,1257,291,16.517104216388226,0.2315035799522673,23.15,0.2281585018414356,22.82,8.518568717809705,16.517104216388226,4.335197957057278,16.47,1,1.4757726854985762,-1.2972467501698706
HOU-CRP,HOU,William P. Hobby Airport,CRP,Corpus Christi International Airport,29.64542,-95.27889,27.77036,-97.50122,1347,311,13.317000742390498,0.2308834446919079,23.09,0.2277892791975315,22.78,9.128490105719706,13.317000742390498,3.4952757854043304,16.47,1,1.139358864662044,-0.9261974006909741
HPN-ORD,HPN,Westchester County Airport,ORD,Chicago O'Hare International Airport,41.06696,-73.70757,41.9796,-87.90446,1837,391,16.866086009798586,0.2128470332063146,21.28,0.2114667459983625,21.15,12.449173217674169,16.866086009798586,4.426794228293592,16.47,1,1.400906498907655,-0.7089068988616349
EVV-ORD,EVV,Evansville Regional Airport,ORD,Chicago O'Hare International Airport,38.03799,-87.53063,41.9796,-87.90446,1848,392,17.250541125541126,0.2121212121212121,21.21,0.2107859789521705,21.08,12.523719165085389,17.250541125541126,4.527701082819193,16.46,1,1.433698853209492,-0.7298030612899966
JFK-RSW,JFK,John F. Kennedy International Airport (New York International Airport),RSW,Southwest Florida International Airport,40.63975,-73.77893,26.53617,-81.75517,1267,293,15.838989739542226,0.2312549329123914,23.13,0.2279525142639562,22.8,8.586337760910816,15.838989739542226,4.157215154735493,16.45,1,1.3964153189169148,-1.225167682955915
MCO-CLE,MCO,Orlando International Airport,CLE,Cleveland Hopkins International Airport,28.42889,-81.31603,41.41089,-81.8494,1498,337,13.85781041388518,0.2249666221628838,22.5,0.2225350982470764,22.25,10.15180265654649,13.85781041388518,3.637220581072226,16.43,1,1.1483011380248913,-0.8032663446186634
JFK-DEN,JFK,John F. Kennedy International Airport (New York International Airport),DEN,Denver International Airport,40.63975,-73.77893,39.85841,-104.667,890,217,16.18876404494382,0.2438202247191011,24.38,0.2379909969685132,23.8,6.031444835998916,16.18876404494382,4.249019434368457,16.43,1,1.4912226732467868,-1.6751785931431225
MDW-OAK,MDW,Chicago Midway International Airport,OAK,Oakland International Airport,41.78598,-87.75242,37.72129,-122.22072,1101,262,14.034514078110808,0.2379654859218891,23.8,0.23364786594407,23.36,7.461371645432366,14.034514078110808,3.683599495567141,16.43,1,1.238305746541654,-1.2536851135555047
HOU-BNA,HOU,William P. Hobby Airport,BNA,Nashville International Airport,29.64542,-95.27889,36.12448,-86.67818,1322,306,12.214069591527988,0.2314674735249622,23.15,0.2282778389583883,22.83,8.95906749796693,12.214069591527988,3.205792543708133,16.42,1,1.0081532016746741,-0.850415809758981
DFW-MLU,DFW,Dallas/Fort Worth International Airport,MLU,Monroe Regional Airport,32.89595,-97.0372,32.51087,-92.03769,1009,241,16.535183349851337,0.2388503468780971,23.89,0.2340947583397909,23.41,6.837896448902142,16.535183349851337,4.33994313644392,16.41,1,1.4948385439698688,-1.5653505117557966
CLE-EWR,CLE,Cleveland Hopkins International Airport,EWR,Newark Liberty International Airport,41.41089,-81.8494,40.6925,-74.16866,1614,352,17.845105328376704,0.218091697645601,21.81,0.2162258383890479,21.62,10.93792355651938,17.845105328376704,4.683754679363964,16.41,1,1.5159385509080925,-1.017798836320143
DEN-PSP,DEN,Denver International Airport,PSP,Palm Springs International Airport,39.85841,-104.667,33.82922,-116.50625,1042,249,14.98464491362764,0.2389635316698656,23.9,0.2343354527135097,23.43,7.06153429113581,14.98464491362764,3.932977667618802,16.41,1,1.335350405051569,-1.3976471366540355
MHT-EWR,MHT,Manchester-Boston Regional Airport,EWR,Newark Liberty International Airport,42.93452,-71.43706,40.6925,-74.16866,741,183,19.568151147098515,0.2469635627530364,24.7,0.2397278085598432,23.97,5.021686093792355,19.568151147098515,5.13599767640381,16.41,1,1.8554386482212508,-2.134478391338978
MIA-BWI,MIA,Miami International Airport,BWI,Baltimore-Washington International Airport,25.79325,-80.29056,39.1754,-76.6682,1161,273,14.252368647717486,0.2351421188630491,23.51,0.2312538358436385,23.13,7.867985904039035,14.252368647717486,3.740779172629261,16.41,1,1.2357599195971896,-1.1992961420493777
HOU-RDU,HOU,William P. Hobby Airport,RDU,Raleigh-Durham International Airport,29.64542,-95.27889,35.87764,-78.78747,549,143,13.253187613843352,0.2604735883424408,26.05,0.2490155423710757,24.9,3.720520466251017,13.253187613843352,3.4785269327672843,16.39,1,1.2638566498949193,-1.8368371099871368
ORD-MDT,ORD,Chicago O'Hare International Airport,MDT,Harrisburg International Airport,41.9796,-87.90446,40.1935,-76.7634,1697,369,14.49263406010607,0.2174425456688273,21.74,0.2156989910956194,21.57,11.500406614258608,14.49263406010607,3.803840960657761,16.39,1,1.1535305105152054,-0.6393772255342426
CMH-JFK,CMH,Port Columbus International Airport,JFK,John F. Kennedy International Airport (New York International Airport),39.99799,-82.89188,40.63975,-73.77893,568,144,20.89612676056338,0.2535211267605634,25.35,0.2434297709563295,24.34,3.849281648143129,20.89612676056338,5.484547706184614,16.39,1,2.024286017327039,-2.4552129847498136
DFW-AMA,DFW,Dallas/Fort Worth International Airport,AMA,Rick Husband Amarillo International Airport,32.89595,-97.0372,35.21937,-101.70593,1161,273,13.70198105081826,0.2351421188630491,23.51,0.2312538358436385,23.13,7.867985904039035,13.70198105081826,3.5963204857790707,16.38,1,1.1695403601599197,-1.1492432621139783
LAS-MCO,LAS,McCarran International Airport,MCO,Orlando International Airport,36.08036,-115.15233,28.42889,-81.31603,1031,248,12.380213385063046,0.2405431619786615,24.05,0.235730404066161,23.57,6.986988343724587,12.380213385063046,3.2493998385992247,16.38,1,1.058653138111171,-1.1816462157958336
ANC-ORD,ANC,Ted Stevens Anchorage International Airport,ORD,Chicago O'Hare International Airport,61.17432,-149.99619,41.9796,-87.90446,691,174,14.937771345875545,0.2518089725036179,25.18,0.2435032705421342,24.35,4.682840878286799,14.937771345875545,3.920674893930589,16.37,1,1.3830952240671042,-1.796026876742737
MSY-JFK,MSY,Louis Armstrong New Orleans International Airport,JFK,John F. Kennedy International Airport (New York International Airport),29.99339,-90.25803,40.63975,-73.77893,1154,268,17.7105719237435,0.2322357019064125,23.22,0.2285574856449985,22.86,7.820547573868257,17.7105719237435,4.64844407447336,16.37,1,1.567261327291527,-1.4958022174425105
DFW-MOB,DFW,Dallas/Fort Worth International Airport,MOB,Mobile Regional Airport,32.89595,-97.0372,30.69142,-88.24283,1011,243,13.182987141444114,0.2403560830860534,24.04,0.2354735256515105,23.55,6.851450257522364,13.182987141444114,3.4601016119275894,16.36,1,1.1360975598020677,-1.2707671464765635
MFR-SFO,MFR,Rogue Valley International Airport,SFO,San Francisco International Airport,42.37423,-122.8735,37.619,-122.37484,1389,312,17.25197984161267,0.2246220302375809,22.46,0.2220356527863184,22.2,9.413120086744376,17.25197984161267,4.528078698586003,16.35,1,1.4714254805697673,-1.1980321235854476
HSV-ORD,HSV,Huntsville International Airport,ORD,Chicago O'Hare International Airport,34.64045,-86.77311,41.9796,-87.90446,588,148,20.525510204081638,0.2517006802721088,25.17,0.2421672776145758,24.22,3.984819734345351,20.525510204081638,5.387273019443999,16.34,1,1.9568321960411155,-2.3886061644475216
LAX-BOI,LAX,Los Angeles International Airport,BOI,Boise Airport (Boise Air Terminal),33.94254,-118.40807,43.56444,-116.22278,726,181,15.347107438016527,0.2493112947658402,24.93,0.2416599116208573,24.17,4.920032529140689,15.347107438016527,4.028112188455782,16.34,1,1.4008275451227288,-1.78200002389222
LGA-RSW,LGA,LaGuardia Airport (Marine Air Terminal),RSW,Southwest Florida International Airport,40.77724,-73.87261,26.53617,-81.75517,781,192,16.550576184379,0.2458386683738796,24.58,0.239059122586638,23.91,5.292762266196801,16.550576184379,4.343983250493176,16.32,1,1.5016021983028822,-1.815428223915357
DFW-MEI,DFW,Dallas/Fort Worth International Airport,MEI,Meridian Regional Airport,32.89595,-97.0372,32.33313,-88.75121,617,156,16.517017828200974,0.252836304700162,25.28,0.2435301073902763,24.35,4.181349959338574,16.517017828200974,4.335175282992382,16.31,1,1.5323947484137364,-2.008904077395363
BWI-PIT,BWI,Baltimore-Washington International Airport,PIT,Pittsburgh International Airport,39.1754,-76.6682,40.49147,-80.23287,1035,247,13.168115942028985,0.238647342995169,23.86,0.2340185788535931,23.4,7.01409596096503,13.168115942028985,3.4561984099813605,16.31,1,1.106972675860496,-1.233616176077146
DEN-MFR,DEN,Denver International Airport,MFR,Rogue Valley International Airport,39.85841,-104.667,42.37423,-122.8735,573,146,15.977312390924956,0.2547993019197208,25.48,0.2445929970264905,24.46,3.883166169693684,15.977312390924956,4.193520312578729,16.28,1,1.4769151654990804,-2.013229828759221
LAS-ELP,LAS,McCarran International Airport,ELP,El Paso International Airport,36.08036,-115.15233,31.80667,-106.37781,713,178,13.73772791023843,0.2496493688639551,24.96,0.2418340553491121,24.18,4.831932773109244,13.73772791023843,3.6057028635796406,16.26,1,1.20619581557366,-1.6476996912681785
ACV-SFO,ACV,Arcata Airport,SFO,San Francisco International Airport,40.97812,-124.10862,37.619,-122.37484,1387,310,16.08651766402307,0.2235039653929343,22.35,0.2209892985869725,22.1,9.399566278124151,16.08651766402307,4.222183113916817,16.24,1,1.304096154911191,-1.08364128362809
IAD-MIA,IAD,Washington Dulles International Airport,MIA,Miami International Airport,38.94453,-77.45581,25.79325,-80.29056,878,212,15.201594533029612,0.2414578587699316,24.15,0.2357986574630144,23.58,5.950121984277582,15.201594533029612,3.989919824942156,16.23,1,1.3067330643895603,-1.5734220637592804
FLL-ACY,FLL,Fort Lauderdale-Hollywood International Airport,ACY,Atlantic City International Airport,26.07258,-80.15275,39.45758,-74.57717,869,210,15.379746835443038,0.241657077100115,24.17,0.2359247543847555,23.59,5.889129845486582,15.379746835443038,4.036678959433869,16.23,1,1.32600885899446,-1.5986380115986065
BWI-IAH,BWI,Baltimore-Washington International Airport,IAH,George Bush Intercontinental Airport,39.1754,-76.6682,29.98047,-95.33972,1093,254,16.664226898444646,0.232387923147301,23.24,0.2285088742655726,22.85,7.407156410951478,16.664226898444646,4.37381283423744,16.22,1,1.4055862733709128,-1.4505833617155404
ORD-TUS,ORD,Chicago O'Hare International Airport,TUS,Tucson International Airport,41.9796,-87.90446,32.11608,-110.94103,655,162,19.10229007633588,0.2473282442748091,24.73,0.2392199827799048,23.92,4.438872323122797,19.10229007633588,5.013724429484482,16.21,1,1.739156067825613,-2.163823662697588
MSP-CLE,MSP,Minneapolis-Saint Paul International Airport,CLE,Cleveland Hopkins International Airport,44.88055,-93.21692,41.41089,-81.8494,710,175,16.73380281690141,0.2464788732394366,24.65,0.2390260333318866,23.9,4.81160206017891,16.73380281690141,4.39207423015785,16.2,1,1.4828758604297603,-1.8953276026690336
IAH-BWI,IAH,George Bush Intercontinental Airport,BWI,Baltimore-Washington International Airport,29.98047,-95.33972,39.1754,-76.6682,1085,254,14.141935483870968,0.2341013824884792,23.41,0.2300515502099815,23.01,7.352941176470589,14.141935483870968,3.711794090254848,16.2,1,1.1446689131024663,-1.2418122492015973
MSY-EWR,MSY,Louis Armstrong New Orleans International Airport,EWR,Newark Liberty International Airport,29.99339,-90.25803,40.6925,-74.16866,1193,272,17.21709974853311,0.2279966471081307,22.8,0.2247572211901223,22.48,8.084846841962591,17.21709974853311,4.518923818512627,16.19,1,1.4280254138502477,-1.3817361098220091
DEN-ELP,DEN,Denver International Airport,ELP,El Paso International Airport,39.85841,-104.667,31.80667,-106.37781,978,232,14.85276073619632,0.2372188139059304,23.72,0.2324778172530873,23.25,6.627812415288696,14.85276073619632,3.89836239795179,16.19,1,1.2321707982258465,-1.4213691862684874
IAH-RSW,IAH,George Bush Intercontinental Airport,RSW,Southwest Florida International Airport,29.98047,-95.33972,26.53617,-81.75517,665,166,14.62406015037594,0.2496240601503759,24.96,0.2413216823514093,24.13,4.506641366223909,14.62406015037594,3.838335997474,16.18,1,1.2717076536334944,-1.7673826419112837
LGA-MKE,LGA,LaGuardia Airport (Marine Air Terminal),MKE,General Mitchell International Airport,40.77724,-73.87261,42.94722,-87.89658,1266,285,16.936018957345972,0.2251184834123222,22.51,0.222262874816126,22.23,8.579560856600704,16.936018957345972,4.4451493326367375,16.15,1,1.3687743060968134,-1.2720725903664236
XNA-MSP,XNA,Northwest Arkansas Regional Airport,MSP,Minneapolis-Saint Paul International Airport,36.28187,-94.30681,44.88055,-93.21692,506,130,14.23913043478261,0.2569169960474308,25.69,0.2452328168297494,24.52,3.429113580916238,14.23913043478261,3.737304576058428,16.13,1,1.2564515061048112,-1.926209968575675
STL-CMH,STL,St. Louis International Airport at Lambert Field,CMH,Port Columbus International Airport,38.74769,-90.35999,39.99799,-82.89188,647,161,15.57805255023184,0.2488408037094281,24.88,0.2404432222206534,24.04,4.384657088641909,15.57805255023184,4.088727703472924,16.13,1,1.3504090074534703,-1.861576273412072
MCI-LGA,MCI,Kansas City International Airport,LGA,LaGuardia Airport (Marine Air Terminal),39.29761,-94.71391,40.77724,-73.87261,757,183,18.581241743725236,0.2417437252311756,24.17,0.2352521435225532,23.53,5.130116562754134,18.581241743725236,4.876966336935756,16.13,1,1.6246649845009673,-1.9824041454425467
BWI-CHS,BWI,Baltimore-Washington International Airport,CHS,Charleston International Airport/Charleston AFB,39.1754,-76.6682,32.89865,-80.04051,1094,254,14.553930530164534,0.2321755027422303,23.22,0.228317493298851,22.83,7.413933315261588,14.553930530164534,3.819929273009064,16.12,1,1.149982749641909,-1.2549569490210553
ORD-ABQ,ORD,Chicago O'Hare International Airport,ABQ,Albuquerque International Sunport,41.9796,-87.90446,35.04022,-106.60919,615,154,15.004878048780489,0.2504065040650406,25.04,0.2414141076906687,24.14,4.167796150718352,15.004878048780489,3.938288201779656,16.12,1,1.294350310993446,-1.8493357077429802
IAH-CVG,IAH,George Bush Intercontinental Airport,CVG,Cincinnati/Northern Kentucky International Airport,29.98047,-95.33972,39.04614,-84.66217,1169,269,13.343028229255774,0.2301112061591103,23.01,0.2266438825837889,22.66,7.922201138519924,13.343028229255774,3.502107146786292,16.1,1,1.0043083031794235,-1.0647942135262114
LAX-TPA,LAX,Los Angeles International Airport,TPA,Tampa International Airport,33.94254,-118.40807,27.97547,-82.53325,630,158,12.885714285714286,0.2507936507936508,25.08,0.2419329958888056,24.19,4.269449715370019,12.885714285714286,3.382077240344957,16.09,1,1.0646242267880892,-1.64716803133422
DEN-ICT,DEN,Denver International Airport,ICT,Wichita Dwight D. Eisenhower National Airport (Wichita Mid-Continent Airport),39.85841,-104.667,37.64996,-97.43305,891,213,14.21324354657688,0.239057239057239,23.91,0.2337145176577478,23.37,6.038221740309028,14.21324354657688,3.730510117211779,16.09,1,1.1400509661338263,-1.4500884402947234
DAL-TPA,DAL,Dallas Love Field,TPA,Tampa International Airport,32.84711,-96.85177,27.97547,-82.53325,730,179,14.031506849315068,0.2452054794520548,24.52,0.2380856469865399,23.81,4.947140146381133,14.031506849315068,3.682810196670622,16.08,1,1.148832860944635,-1.619682298365687
SFO-FAT,SFO,San Francisco International Airport,FAT,Fresno Yosemite International Airport,37.619,-122.37484,36.77619,-119.71814,912,216,15.88157894736842,0.2368421052631578,23.68,0.2318291373506207,23.18,6.180536730821361,15.88157894736842,4.168393424506147,16.08,1,1.2975726963592955,-1.5647962524401304
DHN-ATL,DHN,Dothan Regional Airport,ATL,Hartsfield-Jackson Atlanta International Airport,31.32134,-85.44963,33.64044,-84.42694,1361,303,14.039676708302718,0.2226304188096987,22.26,0.2201307919225381,22.01,9.223366766061265,14.039676708302718,3.6849545166148863,16.06,1,1.0213084878577465,-0.9091332522447217
ORD-PVD,ORD,Chicago O'Hare International Airport,PVD,Theodore Francis Green State Airport,41.9796,-87.90446,41.724,-71.42822,533,134,17.26266416510319,0.2514071294559099,25.14,0.2410917646111029,24.11,3.6120899972892384,17.26266416510319,4.530882982966716,16.05,1,1.5133466514317155,-2.1299597315201457
SDF-ORD,SDF,Louisville International Airport (Standiford Field),ORD,Chicago O'Hare International Airport,38.17439,-85.736,41.9796,-87.90446,1298,289,16.325885978428353,0.2226502311248074,22.27,0.2200365429176167,22.0,8.796421794524262,16.325885978428353,4.285009443157048,16.04,1,1.2532859033633243,-1.1692419793515672
HOU-DFW,HOU,William P. Hobby Airport,DFW,Dallas/Fort Worth International Airport,29.64542,-95.27889,32.89595,-97.0372,1629,344,17.650705954573358,0.2111724984653161,21.12,0.2097230115667022,20.97,11.039577121171048,17.650705954573358,4.632731221672797,16.04,1,1.3219559814341653,-0.9307559889014749
LAS-CVG,LAS,McCarran International Airport,CVG,Cincinnati/Northern Kentucky International Airport,36.08036,-115.15233,39.04614,-84.66217,727,174,20.801925722145803,0.2393397524071527,23.93,0.2329033700106749,23.29,4.926809433450799,20.801925722145803,5.45982302418525,16.02,1,1.805926634463453,-2.1870343148412297
ATW-MSP,ATW,Appleton International Airport,MSP,Minneapolis-Saint Paul International Airport,44.25741,-88.51948,44.88055,-93.21692,560,141,13.8,0.2517857142857143,25.18,0.2418349803012547,24.18,3.795066413662239,13.8,3.622047244094488,16.0,1,1.1354708211772786,-1.7955027050634749
EWR-PWM,EWR,Newark Liberty International Airport,PWM,Portland International Jetport,40.6925,-74.16866,43.64617,-70.30875,651,160,15.721966205837171,0.2457757296466974,24.58,0.2378310079877871,23.78,4.411764705882353,15.721966205837171,4.126500316492696,15.99,1,1.298981149203223,-1.8429580590041668
BNA-PHL,BNA,Nashville International Airport,PHL,Philadelphia International Airport,36.12448,-86.67818,39.87195,-75.24114,669,164,15.402092675635275,0.2451420029895366,24.51,0.2374656527943149,23.75,4.533748983464354,15.402092675635275,4.042544009353091,15.99,1,1.2610159691510046,-1.7932740220152534
EWR-SAV,EWR,Newark Liberty International Airport,SAV,Savannah/Hilton Head International Airport,40.6925,-74.16866,32.12758,-81.20214,688,168,15.281976744186046,0.2441860465116279,24.42,0.2368161002523199,23.68,4.662510165356465,15.281976744186046,4.011017518159068,15.98,1,1.2392351732223588,-1.7581092189142096
DEN-SDF,DEN,Denver International Airport,SDF,Louisville International Airport (Standiford Field),39.85841,-104.667,38.17439,-85.736,618,153,14.74757281553398,0.2475728155339805,24.76,0.2390126559872258,23.9,4.1881268636486855,14.74757281553398,3.870754019825192,15.97,1,1.1995278971122298,-1.7968408165151186
MDW-ORF,MDW,Chicago Midway International Airport,ORF,Norfolk International Airport,41.78598,-87.75242,36.89461,-76.20122,589,147,14.01188455008489,0.2495755517826825,24.96,0.2403644223495328,24.04,3.9915966386554618,14.01188455008489,3.6776599868989215,15.97,1,1.1350337021962782,-1.7717359636201664
EWR-SDF,EWR,Newark Liberty International Airport,SDF,Louisville International Airport (Standiford Field),40.6925,-74.16866,38.17439,-85.736,624,154,14.399038461538462,0.2467948717948718,24.68,0.2384131035895416,23.84,4.228788289509352,14.399038461538462,3.779275186755502,15.93,1,1.1445438043632004,-1.7527026010731297
BTV-ORD,BTV,Burlington International Airport,ORD,Chicago O'Hare International Airport,44.473,-73.15031,41.9796,-87.90446,581,144,15.308089500860586,0.2478485370051635,24.78,0.2387828002919649,23.88,3.937381404174573,15.308089500860586,4.017871260068395,15.92,1,1.241210347190742,-1.8794025202547542
PBI-ISP,PBI,Palm Beach International Airport,ISP,Long Island MacArthur Airport,26.68316,-80.09559,40.79524,-73.10021,739,178,15.277401894451964,0.2408660351826793,24.09,0.2343397938007486,23.43,5.008132285172134,15.277401894451964,4.009816770197365,15.91,1,1.1974591966102788,-1.686136469781168
LFT-ATL,LFT,Lafayette Regional Airport,ATL,Hartsfield-Jackson Atlanta International Airport,30.20528,-91.98766,33.64044,-84.42694,1299,286,15.314857582755966,0.2201693610469592,22.02,0.217734872765424,21.77,8.803198698834372,15.314857582755966,4.019647659516002,15.87,1,1.0713081832365468,-1.0538337177540233
AMA-DFW,AMA,Rick Husband Amarillo International Airport,DFW,Dallas/Fort Worth International Airport,35.21937,-101.70593,32.89595,-97.0372,1155,260,15.06060606060606,0.2251082251082251,22.51,0.2220008661345244,22.2,7.827324478178369,15.06060606060606,3.952914976537024,15.87,1,1.0732316978089778,-1.1888277232605464
PHL-RDU,PHL,Philadelphia International Airport,RDU,Raleigh-Durham International Airport,39.87195,-75.24114,35.87764,-78.78747,936,219,13.072649572649572,0.2339743589743589,23.4,0.2293543310799499,22.94,6.343182434264028,13.072649572649572,3.431141620117998,15.86,1,0.9118227405700079,-1.2629990884181337
RSW-ACY,RSW,Southwest Florida International Airport,ACY,Atlantic City International Airport,26.53617,-81.75517,39.45758,-74.57717,508,127,16.0,0.25,25.0,0.2394919194059673,23.95,3.44266738953646,16.0,4.199475065616798,15.86,1,1.3078290261901204,-2.0203722350356976
SYR-EWR,SYR,Syracuse Hancock International Airport,EWR,Newark Liberty International Airport,43.11119,-76.10631,40.6925,-74.16866,576,142,15.614583333333334,0.2465277777777778,24.65,0.2375903653828818,23.76,3.9034968826240175,15.614583333333334,4.09831583552056,15.85,1,1.2420775931644708,-1.899007585854883
JFK-ROC,JFK,John F. Kennedy International Airport (New York International Airport),ROC,Greater Rochester International Airport,40.63975,-73.77893,43.11887,-77.67238,1194,268,13.73534338358459,0.2244556113902847,22.45,0.2214923392572088,22.15,8.091623746272703,13.73534338358459,3.605077003565509,15.85,1,0.9252907981445577,-1.0311053477789138
ORD-LNK,ORD,Chicago O'Hare International Airport,LNK,Lincoln Airport (Lincoln Municipal),41.9796,-87.90446,40.85097,-96.75925,1225,273,13.845714285714283,0.2228571428571428,22.29,0.2200838392443986,22.01,8.301707779886149,13.845714285714283,3.634045744281965,15.83,1,0.9189371120105662,-1.002094979926493
DCA-DEN,DCA,Ronald Reagan Washington National Airport,DEN,Denver International Airport,38.85208,-77.03772,39.85841,-104.667,1411,305,14.813607370659106,0.2161587526576895,21.62,0.2141701436127254,21.42,9.56221198156682,14.813607370659106,3.888085924057509,15.83,1,0.9810277062240891,-0.8848996809244616
BHM-ORD,BHM,Birmingham-Shuttlesworth International Airport,ORD,Chicago O'Hare International Airport,33.56294,-86.75355,41.9796,-87.90446,1088,245,16.625,0.2251838235294117,22.52,0.221894854376118,22.19,7.373271889400922,16.625,4.363517060367454,15.81,1,1.2165186923835416,-1.3864316522767774
BWI-GRR,BWI,Baltimore-Washington International Airport,GRR,Gerald R. Ford International Airport,39.1754,-76.6682,42.88082,-85.52277,694,167,15.131123919308358,0.2406340057636887,24.06,0.2337671120892042,23.38,4.703171591217132,15.131123919308358,3.9714236008683352,15.8,1,1.1408247679335046,-1.7061756169611366
DFW-LEX,DFW,Dallas/Fort Worth International Airport,LEX,Blue Grass Airport,32.89595,-97.0372,38.03697,-84.60539,748,179,14.08957219251337,0.2393048128342246,23.93,0.2330319422155992,23.3,5.0691244239631335,14.08957219251337,3.698050444229231,15.8,1,1.0255091532083787,-1.5553753804725763
ORD-HSV,ORD,Chicago O'Hare International Airport,HSV,Huntsville International Airport,41.9796,-87.90446,34.64045,-86.77311,632,153,16.375,0.2420886075949367,24.21,0.2344413756814592,23.44,4.283003523990241,16.375,4.297900262467191,15.78,1,1.273117299405963,-1.8827595009329505
STL-HOU,STL,St. Louis International Airport at Lambert Field,HOU,William P. Hobby Airport,38.74769,-90.35999,29.64542,-95.27889,1317,288,14.409263477600607,0.2186788154897494,21.87,0.2163804424832944,21.64,8.925182976416373,14.409263477600607,3.781958918005409,15.78,1,0.9373433370795403,-0.944109513827473
JFK-BTV,JFK,John F. Kennedy International Airport (New York International Airport),BTV,Burlington International Airport,40.63975,-73.77893,44.473,-73.15031,1117,251,15.30259623992838,0.2247090420769919,22.47,0.2215374585035564,22.15,7.569802114394145,15.30259623992838,4.016429459298787,15.78,1,1.065671987726154,-1.2377497436604175
DEN-AMA,DEN,Denver International Airport,AMA,Rick Husband Amarillo International Airport,39.85841,-104.667,35.21937,-101.70593,586,144,13.598976109215018,0.2457337883959044,24.57,0.2370424008729273,23.7,3.971265925725129,13.598976109215018,3.569285068035437,15.75,1,0.9919308975991563,-1.6988869325144076
PVD-ORD,PVD,Theodore Francis Green State Airport,ORD,Chicago O'Hare International Airport,41.724,-71.42822,41.9796,-87.90446,569,139,16.555360281195078,0.2442882249560632,24.43,0.2355920582942124,23.56,3.856058552453239,16.555360281195078,4.345238918948839,15.75,1,1.2947535329904323,-1.9698078386758182
IAH-COS,IAH,George Bush Intercontinental Airport,COS,City of Colorado Springs Municipal Airport,29.98047,-95.33972,38.80581,-104.70025,981,224,15.318042813455657,0.2283384301732925,22.83,0.224432087880507,22.44,6.648143128219029,15.318042813455657,4.020483678072351,15.73,1,1.0680152971809513,-1.3800234314651758
CHS-EWR,CHS,Charleston International Airport/Charleston AFB,EWR,Newark Liberty International Airport,32.89865,-80.04051,40.6925,-74.16866,1348,289,17.939910979228486,0.2143916913946587,21.44,0.2124385959936658,21.24,9.135267010029818,17.939910979228486,4.708638052290941,15.73,1,1.2643202752391924,-1.2053625451548242
DEN-BFL,DEN,Denver International Airport,BFL,Meadows Field,39.85841,-104.667,35.4336,-119.05677,655,158,14.665648854961832,0.2412213740458015,24.12,0.2339219695348717,23.39,4.438872323122797,14.665648854961832,3.849251667968985,15.72,1,1.0681255232732134,-1.699860991706462
PHX-BNA,PHX,Phoenix Sky Harbor International Airport,BNA,Nashville International Airport,33.43417,-112.00806,36.12448,-86.67818,785,186,12.989808917197452,0.2369426751592356,23.69,0.2311989683602578,23.12,5.319869883437246,12.989808917197452,3.4093986659310898,15.71,1,0.8655090213533645,-1.4030533966577563
RIC-IAH,RIC,Richmond International Airport,IAH,George Bush Intercontinental Airport,37.50517,-77.31967,29.98047,-95.33972,561,136,18.536541889483065,0.2424242424242424,24.24,0.2339048214808292,23.39,3.8018433179723514,18.536541889483065,4.865234091727839,15.71,1,1.4782940684731036,-2.1395370903049096
SFO-MCI,SFO,San Francisco International Airport,MCI,Kansas City International Airport,37.619,-122.37484,39.29761,-94.71391,630,153,12.901587301587302,0.2428571428571428,24.29,0.2350836808203125,23.51,4.269449715370019,12.901587301587302,3.3862433862433865,15.68,1,0.8790494810963247,-1.5741155363573476
DEN-SBA,DEN,Denver International Airport,SBA,Santa Barbara Municipal Airport (Santa Barbara Airport),39.85841,-104.667,34.42621,-119.84037,702,168,13.105413105413106,0.2393162393162393,23.93,0.2326821533651223,23.27,4.757386825698021,13.105413105413106,3.439740972549372,15.67,1,0.8754414281971623,-1.5019091382038146
LAS-IND,LAS,McCarran International Airport,IND,Indianapolis International Airport,36.08036,-115.15233,39.71733,-86.29438,931,214,14.087003222341568,0.229860365198711,22.99,0.2256169612015791,22.56,6.309297912713473,14.087003222341568,3.6973761738429314,15.67,1,0.9267251533412195,-1.3216480342340953
IAD-LAS,IAD,Washington Dulles International Airport,LAS,McCarran International Airport,38.94453,-77.45581,36.08036,-115.15233,1283,278,15.493374902572096,0.2166796570537802,21.67,0.2144693326094202,21.45,8.694768229872594,15.493374902572096,4.066502599100287,15.65,1,0.9932872798588835,-1.0528759304188906
MOB-DFW,MOB,Mobile Regional Airport,DFW,Dallas/Fort Worth International Airport,30.69142,-88.24283,32.89595,-97.0372,1002,227,14.407185628742514,0.2265469061876247,22.65,0.2228775744090999,22.29,6.790458118731363,14.407185628742514,3.781413550851054,15.64,1,0.9305340395800988,-1.2637435484287571
DSM-DEN,DSM,Des Moines International Airport,DEN,Denver International Airport,41.53493,-93.66068,39.85841,-104.667,1228,267,15.404723127035831,0.2174267100977198,21.74,0.2150685896075513,21.51,8.322038492816482,15.404723127035831,4.043234416544838,15.59,1,0.9666099954284365,-1.0944015073129458
SJU-ORD,SJU,Luis Muñoz Marín International Airport,ORD,Chicago O'Hare International Airport,18.43942,-66.00183,41.9796,-87.90446,1104,243,16.85235507246377,0.2201086956521739,22.01,0.2172849559790931,21.73,7.481702358362701,16.85235507246377,4.423190307733273,15.57,1,1.1263973444942075,-1.3488055177592295
AEX-ATL,AEX,Alexandria International Airport,ATL,Hartsfield-Jackson Atlanta International Airport,31.32737,-92.54856,33.64044,-84.42694,1322,281,17.530257186081695,0.2125567322239031,21.26,0.2106969669471365,21.07,8.95906749796693,17.530257186081695,4.601117371674985,15.57,1,1.1537929170930554,-1.1726552899872857
DEN-LIT,DEN,Denver International Airport,LIT,Bill and Hillary Clinton National Airport (Adams Field),39.85841,-104.667,34.7294,-92.22425,667,159,13.38830584707646,0.2383808095952024,23.84,0.2315659543661384,23.16,4.520195174844131,13.38830584707646,3.5139910359780737,15.55,1,0.8594375217162773,-1.5472283025219034
CHS-ORD,CHS,Charleston International Airport/Charleston AFB,ORD,Chicago O'Hare International Airport,32.89865,-80.04051,41.9796,-87.90446,1048,232,16.857824427480917,0.2213740458015267,22.14,0.2183023405913137,21.83,7.1021957169964764,16.857824427480917,4.424625833984493,15.54,1,1.1228417249556295,-1.40496565941176
MCO-ACY,MCO,Orlando International Airport,ACY,Atlantic City International Airport,28.42889,-81.31603,39.45758,-74.57717,850,195,14.911764705882351,0.2294117647058823,22.94,0.2248537757882401,22.49,5.76036866359447,14.911764705882351,3.913849004168597,15.52,1,0.9574870874943384,-1.4575739181297027
FLL-PIT,FLL,Fort Lauderdale-Hollywood International Airport,PIT,Pittsburgh International Airport,26.07258,-80.15275,40.49147,-80.23287,794,183,15.963476070528968,0.2304785894206549,23.05,0.2255157572693827,22.55,5.380862022228246,15.963476070528968,4.189888732422301,15.5,1,1.0676150906794386,-1.6082300985406852
ORD-SPI,ORD,Chicago O'Hare International Airport,SPI,Abraham Lincoln Capital Airport,41.9796,-87.90446,39.84395,-89.67762,1049,233,14.889418493803625,0.2221163012392755,22.21,0.2189826692766128,21.9,7.108972621306588,14.889418493803625,3.9079838566413705,15.5,1,0.9079776525986801,-1.230728983239438
DEN-MEM,DEN,Denver International Airport,MEM,Memphis International Airport,39.85841,-104.667,35.04242,-89.97667,772,180,12.962435233160624,0.233160621761658,23.32,0.227765008026179,22.78,5.2317701274058015,12.962435233160624,3.4022139719581688,15.49,1,0.76308487585647,-1.3759649278056827
ATL-GRK,ATL,Hartsfield-Jackson Atlanta International Airport,GRK,Killeen-Fort Hood Regional Airport,33.64044,-84.42694,31.0649,-97.8278,632,149,16.5126582278481,0.235759493670886,23.58,0.2289768948071422,22.9,4.283003523990241,16.5126582278481,4.33403103093126,15.46,1,1.1403876233889498,-1.8360435502872872
ORF-ORD,ORF,Norfolk International Airport,ORD,Chicago O'Hare International Airport,36.89461,-76.20122,41.9796,-87.90446,868,197,15.620967741935484,0.2269585253456221,22.7,0.2227387262384588,22.27,5.88235294117647,15.620967741935484,4.0999915333164,15.45,1,0.9933707344374921,-1.4853321265357151
AEX-DFW,AEX,Alexandria International Airport,DFW,Dallas/Fort Worth International Airport,31.32737,-92.54856,32.89595,-97.0372,1025,226,16.853658536585368,0.2204878048780487,22.05,0.2174320773322917,21.74,6.946326917863919,16.853658536585368,4.423532424300621,15.44,1,1.0837185451816604,-1.4147906230986265
DAL-BHM,DAL,Dallas Love Field,BHM,Birmingham-Shuttlesworth International Airport,32.84711,-96.85177,33.56294,-86.75355,732,171,13.174863387978142,0.2336065573770492,23.36,0.2278979411043607,22.79,4.960693955001355,13.174863387978142,3.4579693931701163,15.43,1,0.7680388066468901,-1.4310945458387776
EWR-MCI,EWR,Newark Liberty International Airport,MCI,Kansas City International Airport,40.6925,-74.16866,39.29761,-94.71391,657,154,15.78386605783866,0.2343987823439878,23.44,0.2280199299852419,22.8,4.452426131743019,15.78386605783866,4.142746996808048,15.41,1,1.0394667728005007,-1.7365542715404925
RIC-EWR,RIC,Richmond International Airport,EWR,Newark Liberty International Airport,37.50517,-77.31967,40.6925,-74.16866,1095,240,14.62191780821918,0.2191780821917808,21.92,0.2164109514634545,21.64,7.420710219571699,14.62191780821918,3.8377737029446655,15.41,1,0.8323030611915876,-1.1435308402153883
ORD-ELM,ORD,Chicago O'Hare International Airport,ELM,Elmira/Corning Regional Airport,41.9796,-87.90446,42.15991,-76.89144,637,151,13.183673469387756,0.2370486656200942,23.7,0.2301371601069581,23.01,4.3168880455407965,13.183673469387756,3.460281750495474,15.4,1,0.7781477348533625,-1.538793715799282
DFW-SPI,DFW,Dallas/Fort Worth International Airport,SPI,Abraham Lincoln Capital Airport,32.89595,-97.0372,39.84395,-89.67762,618,146,13.880258899676376,0.2362459546925566,23.62,0.2292633523660559,22.93,4.1881268636486855,13.880258899676376,3.643112572093537,15.35,1,0.8283193166754571,-1.6101016476806012
SDF-EWR,SDF,Louisville International Airport (Standiford Field),EWR,Newark Liberty International Airport,38.17439,-85.736,40.6925,-74.16866,745,172,13.995973154362416,0.2308724832214765,23.09,0.2255752508861871,22.56,5.0487937110328,13.995973154362416,3.6734837675491914,15.35,1,0.8099869812403893,-1.470549794658142
MDW-ALB,MDW,Chicago Midway International Airport,ALB,Albany International Airport,41.78598,-87.75242,42.74812,-73.80298,720,167,13.556944444444444,0.2319444444444444,23.19,0.2263549841449123,22.64,4.879371103280022,13.556944444444444,3.558253135024789,15.34,1,0.7654476057893259,-1.4596886102405533
IAH-CHS,IAH,George Bush Intercontinental Airport,CHS,Charleston International Airport/Charleston AFB,29.98047,-95.33972,32.89865,-80.04051,628,148,13.573248407643312,0.2356687898089172,23.57,0.2288613832401485,22.89,4.255895906749797,13.573248407643312,3.5625323904575623,15.33,1,0.7867082775092377,-1.5692510063771898
CHA-DFW,CHA,Chattanooga Metropolitan Airport (Lovell Field),DFW,Dallas/Fort Worth International Airport,35.03527,-85.20379,32.89595,-97.0372,670,155,16.925373134328357,0.2313432835820895,23.13,0.2254689441543222,22.55,4.540525887774464,16.925373134328357,4.442355153367022,15.33,1,1.1125170386766785,-1.8018654188604546
TTN-MCO,TTN,Trenton Mercer Airport,MCO,Orlando International Airport,40.27669,-74.81347,28.42889,-81.31603,515,120,23.333980582524276,0.233009708737864,23.3,0.2253838812989075,22.54,3.490105719707238,23.333980582524276,6.124404352368575,15.32,1,1.7905733763670806,-2.524535792128462
CMH-MIA,CMH,Port Columbus International Airport,MIA,Miami International Airport,39.99799,-82.89188,25.79325,-80.29056,635,148,16.288188976377953,0.2330708661417322,23.31,0.2266817510188138,22.67,4.303334236920574,16.288188976377953,4.275115216897101,15.32,1,1.0523078467393112,-1.7875490444114568
JFK-CMH,JFK,John F. Kennedy International Airport (New York International Airport),CMH,Port Columbus International Airport,40.63975,-73.77893,39.99799,-82.89188,556,130,18.642086330935253,0.2338129496402877,23.38,0.2265412911567502,22.65,3.7679587964217935,18.642086330935253,4.892936044864896,15.27,1,1.2856450854270562,-2.070823134278601
BWI-SJU,BWI,Baltimore-Washington International Airport,SJU,Luis Muñoz Marín International Airport,39.1754,-76.6682,18.43942,-66.00183,656,153,13.478658536585366,0.2332317073170731,23.32,0.2269987923264922,22.7,4.4456492274329085,13.478658536585366,3.5377056526470776,15.26,1,0.7380113289040251,-1.5150339553780399
MKE-IAH,MKE,General Mitchell International Airport,IAH,George Bush Intercontinental Airport,42.94722,-87.89658,29.98047,-95.33972,909,201,16.419141914191417,0.2211221122112211,22.11,0.2176522170454193,21.77,6.160206017891028,16.419141914191417,4.309486066716907,15.25,1,0.9729827264461423,-1.4721956825382763
MEM-DEN,MEM,Memphis International Airport,DEN,Denver International Airport,35.04242,-89.97667,39.85841,-104.667,825,184,16.722424242424243,0.223030303030303,22.3,0.2190390129717061,21.9,5.590946055841692,16.722424242424243,4.389087727670405,15.2,1,0.9977757966929292,-1.5831697211954596
ROC-EWR,ROC,Greater Rochester International Airport,EWR,Newark Liberty International Airport,43.11887,-77.67238,40.6925,-74.16866,760,173,13.926315789473684,0.2276315789473684,22.76,0.222803589533521,22.28,5.150447275684467,13.926315789473684,3.6552009946125152,15.2,1,0.7325848339730288,-1.4216836089896052
RSW-CLE,RSW,Southwest Florida International Airport,CLE,Cleveland Hopkins International Airport,26.53617,-81.75517,41.41089,-81.8494,665,153,15.14436090225564,0.2300751879699248,23.01,0.2243282182991217,22.43,4.506641366223909,15.14436090225564,3.974897874607779,15.18,1,0.8670830081423905,-1.6308926255337846
ICT-DFW,ICT,Wichita Dwight D. Eisenhower National Airport (Wichita Mid-Continent Airport),DFW,Dallas/Fort Worth International Airport,37.64996,-97.43305,32.89595,-97.0372,824,184,15.987864077669904,0.2233009708737864,22.33,0.2192760681805499,21.93,5.58416915153158,15.987864077669904,4.196289784165328,15.18,1,0.917062667884378,-1.5199945211730248
IAH-SJU,IAH,George Bush Intercontinental Airport,SJU,Luis Muñoz Marín International Airport,29.98047,-95.33972,18.43942,-66.00183,562,132,14.38967971530249,0.2348754448398576,23.49,0.2275091948622781,22.75,3.808620222282461,14.38967971530249,3.77681882291404,15.17,1,0.8118693117250222,-1.6874260387184974
EWR-IAD,EWR,Newark Liberty International Airport,IAD,Washington Dulles International Airport,40.6925,-74.16866,38.94453,-77.45581,697,160,13.48780487804878,0.2295552367288378,22.96,0.2241042496848533,22.41,4.723502304147465,13.48780487804878,3.540106267204404,15.16,1,0.6828683469465456,-1.449356128811357
HOU-IND,HOU,William P. Hobby Airport,IND,Indianapolis International Airport,29.64542,-95.27889,39.71733,-86.29438,593,138,14.81787521079258,0.2327150084317032,23.27,0.2259900245293335,22.6,4.018704255895907,14.81787521079258,3.889206092071544,15.15,1,0.8366308694577342,-1.6819102047888632
ACY-RSW,ACY,Atlantic City International Airport,RSW,Southwest Florida International Airport,39.45758,-74.57717,26.53617,-81.75517,507,120,14.627218934911244,0.2366863905325443,23.67,0.2283543443143791,22.84,3.4358904852263485,14.627218934911244,3.839165074779854,15.14,1,0.8372143288966031,-1.7688793668277007
CHO-ORD,CHO,Charlottesville-Albemarle Airport,ORD,Chicago O'Hare International Airport,38.13864,-78.45286,41.9796,-87.90446,914,197,20.55579868708972,0.2155361050328227,21.55,0.2126342080856293,21.26,6.194090539441583,20.55579868708972,5.395222752516986,15.11,1,1.326703557916961,-1.795377406578513
MLI-ATL,MLI,Quad City International Airport,ATL,Hartsfield-Jackson Atlanta International Airport,41.44853,-90.50754,33.64044,-84.42694,846,187,15.840425531914894,0.2210401891252955,22.1,0.2173478720917845,21.73,5.733261046354025,15.840425531914894,4.157592003127268,15.09,1,0.8575746812321725,-1.4676970875354702
LGB-JFK,LGB,Long Beach Airport (Daugherty Field),JFK,John F. Kennedy International Airport (New York International Airport),33.81772,-118.15161,40.63975,-73.77893,647,148,15.638330757341576,0.2287480680061824,22.87,0.2230402771068649,22.3,4.384657088641909,15.638330757341576,4.104548755207762,15.09,1,0.8796436739738889,-1.6771638671273241
BWI-FNT,BWI,Baltimore-Washington International Airport,FNT,Bishop International Airport,39.1754,-76.6682,42.9655,-83.74346,555,130,13.246846846846848,0.2342342342342342,23.42,0.2268871557234017,22.69,3.7611818921116833,13.246846846846848,3.4768626894611145,15.08,1,0.6559242788869919,-1.5817047812178198
PHX-OGG,PHX,Phoenix Sky Harbor International Airport,OGG,Kahului Airport,33.43417,-112.00806,20.89865,-156.43046,596,138,14.439597315436242,0.2315436241610738,23.15,0.2250159295960174,22.5,4.039034968826241,14.439597315436242,3.789920555232609,15.08,1,0.7658276031232285,-1.6335426291890338
PNS-DFW,PNS,Pensacola International Airport (Pensacola Gulf Coast Regional Airport),DFW,Dallas/Fort Worth International Airport,30.47331,-87.18744,32.89595,-97.0372,1163,243,16.52708512467756,0.2089423903697334,20.89,0.2071346690410357,20.71,7.881539712659258,16.52708512467756,4.337817618025606,15.05,1,0.8433092706001767,-1.1722138122585575
COS-ORD,COS,City of Colorado Springs Municipal Airport,ORD,Chicago O'Hare International Airport,38.80581,-104.70025,41.9796,-87.90446,1002,214,17.460079840319363,0.2135728542914171,21.36,0.2110808411967587,21.11,6.790458118731363,17.460079840319363,4.582698120818731,15.05,1,0.9696894563194656,-1.4257368291643207
LAS-TPA,LAS,McCarran International Airport,TPA,Tampa International Airport,36.08036,-115.15233,27.97547,-82.53325,632,145,13.971518987341772,0.2294303797468354,22.94,0.2235124139328253,22.35,4.283003523990241,13.971518987341772,3.667065351008339,15.03,1,0.6877859910107348,-1.5428867763842689
EWR-OMA,EWR,Newark Liberty International Airport,OMA,Eppley Airfield,40.6925,-74.16866,41.30252,-95.89417,623,143,13.898876404494382,0.2295345104333868,22.95,0.2235284744105506,22.35,4.222011385199241,13.898876404494382,3.6479990562977385,15.01,1,0.6743174091983746,-1.5442037926978276
MEM-EWR,MEM,Memphis International Airport,EWR,Newark Liberty International Airport,35.04242,-89.97667,40.6925,-74.16866,1037,219,17.947926711668273,0.2111861137897782,21.12,0.2089807273516518,20.9,7.027649769585254,17.947926711668273,4.710741919073038,15.0,1,0.9898282500145856,-1.4214421972076092
DEN-RAP,DEN,Denver International Airport,RAP,Rapid City Regional Airport,39.85841,-104.667,44.04532,-103.05737,623,143,13.701444622792938,0.2295345104333868,22.95,0.2235284744105506,22.35,4.222011385199241,13.701444622792938,3.5961796910217685,15.0,1,0.6506533616906774,-1.5262178929176806
MSN-DFW,MSN,Dane County Regional Airport,DFW,Dallas/Fort Worth International Airport,43.13986,-89.33751,32.89595,-97.0372,910,197,16.462637362637363,0.2164835164835165,21.65,0.2134763237612159,21.35,6.1669829222011385,16.462637362637363,4.320902194917943,15.0,1,0.8641852099070159,-1.432890411957509
BHM-DFW,BHM,Birmingham-Shuttlesworth International Airport,DFW,Dallas/Fort Worth International Airport,33.56294,-86.75355,32.89595,-97.0372,619,138,22.35379644588045,0.2229402261712439,22.29,0.217817923503238,21.78,4.194903767958796,22.35379644588045,5.867138174771772,15.0,1,1.5181222289152936,-2.258806267270118
SJC-HNL,SJC,Norman Y. Mineta San José International Airport,HNL,Honolulu International Airport,37.36186,-121.92901,21.31869,-157.92241,602,138,14.724252491694353,0.2292358803986711,22.92,0.2230927165225472,22.31,4.0796963946869065,14.724252491694353,3.864633199919778,14.99,1,0.7505201874097805,-1.633124315618603
ORD-BTV,ORD,Chicago O'Hare International Airport,BTV,Burlington International Airport,41.9796,-87.90446,44.473,-73.15031,569,130,17.52548330404218,0.2284710017574692,22.85,0.2221391434960062,22.21,3.856058552453239,17.52548330404218,4.599864384263039,14.98,1,1.0384141945675784,-1.908261077914815
CMH-DEN,CMH,Port Columbus International Airport,DEN,Denver International Airport,39.99799,-82.89188,39.85841,-104.667,969,208,15.547987616099071,0.2146542827657378,21.47,0.2119841786705595,21.2,6.566820276497695,15.547987616099071,4.080836644645426,14.97,1,0.7485121993963292,-1.286535399789943
DEN-RDM,DEN,Denver International Airport,RDM,Redmond Municipal Airport (Roberts Field),39.85841,-104.667,44.25407,-121.14996,528,123,13.592803030303031,0.2329545454545454,23.3,0.2254953614631021,22.55,3.5782054757386828,13.592803030303031,3.567664837349877,14.96,1,0.6451689055831927,-1.6226250880146564
DSM-IAH,DSM,Des Moines International Airport,IAH,George Bush Intercontinental Airport,41.53493,-93.66068,29.98047,-95.33972,525,121,16.44,0.2304761904761904,23.05,0.223377739198125,22.34,3.557874762808349,16.44,4.31496062992126,14.94,1,0.922598852745788,-1.862020404081013
MCI-BOS,MCI,Kansas City International Airport,BOS,Gen. Edward Lawrence Logan International Airport,39.29761,-94.71391,42.36435,-71.00518,642,144,16.389408099688474,0.2242990654205607,22.43,0.2191524083542158,21.92,4.350772567091353,16.389408099688474,4.301681915928733,14.88,1,0.8606864291131071,-1.7086292578590958
ORD-MHT,ORD,Chicago O'Hare International Airport,MHT,Manchester-Boston Regional Airport,41.9796,-87.90446,42.93452,-71.43706,505,116,16.017821782178217,0.2297029702970297,22.97,0.2224976644608729,22.25,3.4223366766061263,16.017821782178217,4.204152698734441,14.84,1,0.838339847969538,-1.8308287552375486
CLE-RSW,CLE,Cleveland Hopkins International Airport,RSW,Southwest Florida International Airport,41.41089,-81.8494,26.53617,-81.75517,673,150,14.664190193164933,0.2228826151560178,22.29,0.2181255976698941,21.81,4.560856600704798,14.664190193164933,3.8488688171036567,14.8,1,0.6439026726207546,-1.5129217022989487
LBB-DEN,LBB,Lubbock Preston Smith International Airport,DEN,Denver International Airport,33.66364,-101.82278,39.85841,-104.667,646,143,16.555727554179565,0.2213622291021671,22.14,0.2166368458429331,21.66,4.377880184331797,16.555727554179565,4.3453353160576285,14.74,1,0.8126798163305127,-1.6927465928839958
AUS-LGB,AUS,Austin-Bergstrom International Airport,LGB,Long Beach Airport (Daugherty Field),30.19453,-97.66987,33.81772,-118.15161,502,114,15.94820717131474,0.2270916334661354,22.71,0.220284197672472,22.03,3.402005963675793,15.94820717131474,4.185881147326703,14.7,1,0.7676121508161875,-1.8020160267102905
BUF-EWR,BUF,Buffalo Niagara International Airport,EWR,Newark Liberty International Airport,42.94052,-78.73217,40.6925,-74.16866,614,136,15.570032573289902,0.2214983713355048,22.15,0.2165421386538209,21.65,4.161019246408241,15.570032573289902,4.0866227226482685,14.64,1,0.6754885006347802,-1.6283078890941927
FLL-ISP,FLL,Fort Lauderdale-Hollywood International Airport,ISP,Long Island MacArthur Airport,26.07258,-80.15275,40.79524,-73.10021,575,128,15.492173913043478,0.2226086956521739,22.26,0.2172016103686342,21.72,3.8967199783139055,15.492173913043478,4.066187378751569,14.62,1,0.665173336299936,-1.6615781809434527
JAX-IAH,JAX,Jacksonville International Airport,IAH,George Bush Intercontinental Airport,30.49406,-81.68786,29.98047,-95.33972,651,141,16.557603686635943,0.216589861751152,21.66,0.2125314074551639,21.25,4.411764705882353,16.557603686635943,4.345827739274526,14.5,1,0.7023968503435426,-1.6439206036156593
COU-ORD,COU,Columbia Regional Airport,ORD,Chicago O'Hare International Airport,38.81809,-92.21963,41.9796,-87.90446,676,143,20.97485207100592,0.2115384615384615,21.15,0.2082617100500362,20.83,4.581187313635131,20.97485207100592,5.505210517324388,14.47,1,1.1239151552588407,-1.9812187103256729
DTW-BTV,DTW,Detroit Metropolitan Airport,BTV,Burlington International Airport,42.21206,-83.34884,44.473,-73.15031,537,118,16.50651769087523,0.2197392923649906,21.97,0.2144601051786941,21.45,3.639197614529683,16.50651769087523,4.332419341437069,14.43,1,0.6899601967551758,-1.7564310498298776
FAT-DFW,FAT,Fresno Yosemite International Airport,DFW,Dallas/Fort Worth International Airport,36.77619,-119.71814,32.89595,-97.0372,662,129,19.915407854984892,0.1948640483383685,19.49,0.1937153372688033,19.37,4.486310653293576,19.915407854984892,5.227141169287374,13.53,1,0.5911105415480201,-1.7378009618447408
STT-JFK,STT,Cyril E. King Airport,JFK,John F. Kennedy International Airport (New York International Airport),18.33731,-64.97336,40.63975,-73.77893,561,105,21.324420677361854,0.1871657754010695,18.72,0.1870061830542029,18.7,3.8018433179723514,21.324420677361854,5.596960807706523,13.01,1,0.5160798263066686,-1.8700630887737872
LIH-HNL,LIH,Lihue Airport,HNL,Honolulu International Airport,21.97598,-159.33896,21.31869,-157.92241,6340,607,4.850157728706624,0.0957413249211356,9.57,0.0971445787265261,9.71,42.96557332610463,4.850157728706624,1.2730072778757544,16.76,2,-1.0451553718704911,4.096754013007888
HNL-KOA,HNL,Honolulu International Airport,KOA,Kona International Airport at Keahole,21.31869,-157.92241,19.73877,-156.04563,6946,500,3.855312410020156,0.0719838756118629,7.2,0.0736036172294675,7.36,47.072377338031984,3.855312410020156,1.0118930210026655,16.34,2,-1.65252821048691,4.567057611383361
MSP-ATL,MSP,Minneapolis-Saint Paul International Airport,ATL,Hartsfield-Jackson Atlanta International Airport,44.88055,-93.21692,33.64044,-84.42694,5137,601,6.693011485302706,0.1169943546817208,11.7,0.1183141277446683,11.83,34.81295744104093,6.693011485302706,1.7566959279009726,16.06,2,-0.740498634242865,3.1243319134781737
SJC-SEA,SJC,Norman Y. Mineta San José International Airport,SEA,Seattle-Tacoma International Airport,37.36186,-121.92901,47.44898,-122.30931,4404,578,8.393732970027248,0.1312443233424159,13.12,0.1324624971134165,13.25,29.845486581729464,8.393732970027248,2.2030795196921917,15.74,2,-0.4747545558175334,2.435840573483024
PBI-ATL,PBI,Palm Beach International Airport,ATL,Hartsfield-Jackson Atlanta International Airport,26.68316,-80.09559,33.64044,-84.42694,4554,541,8.375494071146244,0.1187966622749231,11.88,0.1202430354531216,12.02,30.86202222824614,8.375494071146244,2.1982924071249985,15.26,2,-0.7736205712796573,2.5874194836572957
ATL-STL,ATL,Hartsfield-Jackson Atlanta International Airport,STL,St. Louis International Airport at Lambert Field,33.64044,-84.42694,38.74769,-90.35999,3837,533,7.83163930153766,0.1389106072452436,13.89,0.1401094963166949,14.01,26.00298183789645,7.83163930153766,2.0555483731069977,15.22,2,-0.6057114228121854,2.0705165428293038
IND-ATL,IND,Indianapolis International Airport,ATL,Hartsfield-Jackson Atlanta International Airport,39.71733,-86.29438,33.64044,-84.42694,4149,532,9.221499156423237,0.1282236683538202,12.82,0.1295860407151866,12.96,28.11737598265113,9.221499156423237,2.420340985937857,15.17,2,-0.5948326320578523,2.203974581441149
SNA-PHX,SNA,John Wayne Airport (Orange County Airport),PHX,Phoenix Sky Harbor International Airport,33.67566,-117.86822,33.43417,-112.00806,4161,537,7.04253785147801,0.1290555155010814,12.91,0.1303945287488449,13.04,28.19869883437246,7.04253785147801,1.848435131621525,15.15,2,-0.8223954505737419,2.4071180846298197
HNL-LIH,HNL,Honolulu International Airport,LIH,Lihue Airport,21.31869,-157.92241,21.97598,-159.33896,6345,429,3.607407407407408,0.067612293144208,6.76,0.069450905663123,6.95,42.9994578476552,3.607407407407408,0.9468260911830466,15.06,2,-2.0883124297832643,4.248741290991967
ATL-PHX,ATL,Hartsfield-Jackson Atlanta International Airport,PHX,Phoenix Sky Harbor International Airport,33.64044,-84.42694,33.43417,-112.00806,3971,514,6.957693276252833,0.1294384286074036,12.94,0.130830529844959,13.08,26.91108701545134,6.957693276252833,1.826166214239589,14.85,2,-0.9182764159935322,2.2876525516149187
SMF-PHX,SMF,Sacramento International Airport,PHX,Phoenix Sky Harbor International Airport,38.69542,-121.59077,33.43417,-112.00806,3446,484,8.02263493905978,0.1404526987811956,14.05,0.1417402952619368,14.17,23.353212252642997,8.02263493905978,2.10567846169548,14.66,2,-0.7404880627204089,1.7785776701680271
ATL-CMH,ATL,Hartsfield-Jackson Atlanta International Airport,CMH,Port Columbus International Airport,33.64044,-84.42694,39.99799,-82.89188,3551,488,7.7969586032103635,0.137426077161363,13.74,0.1387595417690573,13.88,24.064787205204663,7.7969586032103635,2.0464458276142685,14.65,2,-0.7998565024477609,1.8873116913886108
CLT-DTW,CLT,Charlotte Douglas International Airport,DTW,Detroit Metropolitan Airport,35.21401,-80.94313,42.21206,-83.34884,3394,477,8.014731879787862,0.1405421331761933,14.05,0.1418463328559897,14.18,23.000813228517213,8.014731879787862,2.1036041679233235,14.57,2,-0.7674905317711936,1.7436509866973038
SAN-SEA,SAN,San Diego International Airport (Lindbergh Field),SEA,Seattle-Tacoma International Airport,32.73356,-117.18966,47.44898,-122.30931,3443,475,7.513505663665408,0.1379610804530932,13.8,0.1393200922943347,13.93,23.33288153971266,7.513505663665408,1.972048730620842,14.49,2,-0.8734883114955703,1.8371675943690677
LAX-PDX,LAX,Los Angeles International Airport,PDX,Portland International Airport,33.94254,-118.40807,45.58872,-122.5975,3696,476,7.622564935064935,0.1287878787878787,12.88,0.1302979681240327,13.03,25.047438330170777,7.622564935064935,2.0006732113031327,14.38,2,-0.995997177168672,2.046965165141372
SEA-SLC,SEA,Seattle-Tacoma International Airport,SLC,Salt Lake City International Airport,47.44898,-122.30931,40.78839,-111.97777,3812,476,7.134575026232948,0.1248688352570829,12.49,0.1264343269424407,12.64,25.83355923014367,7.134575026232948,1.8725918704023488,14.32,2,-1.1101379395084592,2.188538208699441
ATL-MEM,ATL,Hartsfield-Jackson Atlanta International Airport,MEM,Memphis International Airport,33.64044,-84.42694,35.04242,-89.97667,3382,461,8.019219396806623,0.1363098758131283,13.63,0.1377401168865101,13.77,22.91949037679588,8.019219396806623,2.1047819939124994,14.31,2,-0.8927772679619809,1.7593963650118896
MSY-HOU,MSY,Louis Armstrong New Orleans International Airport,HOU,William P. Hobby Airport,29.99339,-90.25803,29.64542,-95.27889,3279,452,8.656907593778591,0.1378469045440683,13.78,0.1392752551047138,13.93,22.22146923285443,8.656907593778591,2.272154224088869,14.25,2,-0.8261784518201731,1.6220534753000293
ATL-MKE,ATL,Hartsfield-Jackson Atlanta International Airport,MKE,General Mitchell International Airport,33.64044,-84.42694,42.94722,-87.89658,3430,456,8.144897959183673,0.1329446064139941,13.29,0.1344507328608578,13.45,23.244781783681216,8.144897959183673,2.137768493224061,14.2,2,-0.9488672030215751,1.7990395893802615
ATL-SAV,ATL,Hartsfield-Jackson Atlanta International Airport,SAV,Savannah/Hilton Head International Airport,33.64044,-84.42694,32.12758,-81.20214,3442,455,8.424753050552004,0.1321905868680999,13.22,0.1337128986445026,13.37,23.326104635402547,8.424753050552004,2.211221273110762,14.19,2,-0.9309549237092613,1.7859302123172673
STL-ATL,STL,St. Louis International Airport at Lambert Field,ATL,Hartsfield-Jackson Atlanta International Airport,38.74769,-90.35999,33.64044,-84.42694,3822,464,7.616692830978545,0.1214024071166928,12.14,0.1230522914326436,12.31,25.901328273244783,7.616692830978545,1.9991319766347888,14.16,2,-1.1474273003993667,2.1685380086614514
ITO-HNL,ITO,Hilo International Airport,HNL,Honolulu International Airport,19.72026,-155.04847,21.31869,-157.92241,5203,433,4.671727849317701,0.0832212185277724,8.32,0.0851614344708331,8.52,35.260233125508265,4.671727849317701,1.2261752885348298,14.11,2,-1.9825997721466806,3.453621138009246
ATL-PIT,ATL,Hartsfield-Jackson Atlanta International Airport,PIT,Pittsburgh International Airport,33.64044,-84.42694,40.49147,-80.23287,3561,448,8.087054198258915,0.1258073574838528,12.58,0.1274545443864594,12.75,24.13255624830577,8.087054198258915,2.1225864037424973,14.0,2,-1.09412762523012,1.931019059266015
PHX-DTW,PHX,Phoenix Sky Harbor International Airport,DTW,Detroit Metropolitan Airport,33.43417,-112.00806,42.21206,-83.34884,2942,421,8.594493541808294,0.1430999320190346,14.31,0.1445138353053347,14.45,19.937652480346976,8.594493541808294,2.255772583151783,13.99,2,-0.8591259561997954,1.365626973419354
CMH-ATL,CMH,Port Columbus International Airport,ATL,Hartsfield-Jackson Atlanta International Airport,39.99799,-82.89188,33.64044,-84.42694,3536,444,8.735859728506787,0.1255656108597285,12.56,0.1272307720018779,12.72,23.963133640552996,8.735859728506787,2.292876569161886,13.97,2,-1.0369747454200697,1.856736768492712
RSW-ATL,RSW,Southwest Florida International Airport,ATL,Hartsfield-Jackson Atlanta International Airport,26.53617,-81.75517,33.64044,-84.42694,4224,451,6.807528409090909,0.1067708333333333,10.68,0.1086057092966762,10.86,28.625643805909466,6.807528409090909,1.7867528632784535,13.94,2,-1.4769776072637315,2.5705579264579654
SNA-SJC,SNA,John Wayne Airport (Orange County Airport),SJC,Norman Y. Mineta San José International Airport,33.67566,-117.86822,37.36186,-121.92901,2921,417,7.738445737761041,0.1427593289969188,14.28,0.1441943353190427,14.42,19.795337489834644,7.738445737761041,2.031088120147255,13.91,2,-0.9794430039881079,1.4317409918158392
MSP-SEA,MSP,Minneapolis-Saint Paul International Airport,SEA,Seattle-Tacoma International Airport,44.88055,-93.21692,47.44898,-122.30931,2810,406,8.27864768683274,0.1444839857651245,14.45,0.1459144628861952,14.59,19.043101111412305,8.27864768683274,2.172873408617517,13.84,2,-0.9259697313905221,1.2948505847527367
ATL-BHM,ATL,Hartsfield-Jackson Atlanta International Airport,BHM,Birmingham-Shuttlesworth International Airport,33.64044,-84.42694,33.56294,-86.75355,3507,437,7.100085543199316,0.1246079270031365,12.46,0.1263130266145905,12.63,23.76660341555977,7.100085543199316,1.863539512650739,13.8,2,-1.273145969683289,1.9928145018148484
HNL-ITO,HNL,Honolulu International Airport,ITO,Hilo International Airport,21.31869,-157.92241,19.72026,-155.04847,5204,407,4.14315910837817,0.0782090699461952,7.82,0.0802434176091305,8.02,35.26701002981838,4.14315910837817,1.0874433355323283,13.79,2,-2.1999299516522233,3.5179359495177613
TPA-DCA,TPA,Tampa International Airport,DCA,Ronald Reagan Washington National Airport,27.97547,-82.53325,38.85208,-77.03772,2881,404,9.632766400555363,0.1402290871225269,14.02,0.141768227775521,14.18,19.5242613174302,9.632766400555363,2.52828514450272,13.77,2,-0.8466856697883319,1.2475145076542207
ATL-BNA,ATL,Hartsfield-Jackson Atlanta International Airport,BNA,Nashville International Airport,33.64044,-84.42694,36.12448,-86.67818,3529,430,7.648342306602437,0.1218475488807027,12.18,0.1236183761363538,12.36,23.91569531038222,7.648342306602437,2.0074389256174374,13.7,2,-1.27652648682507,1.9727499166264713
ATL-CLE,ATL,Hartsfield-Jackson Atlanta International Airport,CLE,Cleveland Hopkins International Airport,33.64044,-84.42694,41.41089,-81.8494,3117,413,8.836381135707411,0.1324991979467436,13.25,0.1341657093561791,13.42,21.123610734616427,8.836381135707411,2.3192601406056195,13.68,2,-1.0376960108416227,1.5284462027471888
BHM-ATL,BHM,Birmingham-Shuttlesworth International Airport,ATL,Hartsfield-Jackson Atlanta International Airport,33.56294,-86.75355,33.64044,-84.42694,3504,425,9.04337899543379,0.1212899543378995,12.13,0.1230885369031154,12.31,23.74627270262944,9.04337899543379,2.37359028751543,13.68,2,-1.1388184243531645,1.831167217608117
MEM-ATL,MEM,Memphis International Airport,ATL,Hartsfield-Jackson Atlanta International Airport,35.04242,-89.97667,33.64044,-84.42694,3375,421,9.200592592592592,0.1247407407407407,12.47,0.126506787625562,12.65,22.8720520466251,9.200592592592592,2.4148536988432,13.67,2,-1.0862887079832209,1.7130411786213011
SJC-SNA,SJC,Norman Y. Mineta San José International Airport,SNA,John Wayne Airport (Orange County Airport),37.36186,-121.92901,33.67566,-117.86822,2927,404,6.680218653911855,0.1380252818585582,13.8,0.1396138377928074,13.96,19.83599891569531,6.680218653911855,1.7533382293731905,13.6,2,-1.2353208984173438,1.5635645194159773
SNA-OAK,SNA,John Wayne Airport (Orange County Airport),OAK,Oakland International Airport,33.67566,-117.86822,37.72129,-122.22072,2703,389,7.398076211616722,0.1439141694413614,14.39,0.1454195815193821,14.54,18.317972350230416,7.398076211616722,1.9417522865135757,13.59,2,-1.1023919006285237,1.305737510821974
PDX-LAS,PDX,Portland International Airport,LAS,McCarran International Airport,45.58872,-122.5975,36.08036,-115.15233,2792,393,8.125358166189113,0.1407593123209169,14.08,0.1423274851309917,14.23,18.921116833830308,8.125358166189113,2.132639938632313,13.59,2,-1.0566681169394607,1.3211665777030714
DTW-BWI,DTW,Detroit Metropolitan Airport,BWI,Baltimore-Washington International Airport,42.21206,-83.34884,39.1754,-76.6682,2612,375,9.612557427258803,0.1435681470137825,14.36,0.1451368314892434,14.51,17.7012740580103,9.612557427258803,2.5229809520364315,13.51,2,-0.8957841122132113,1.042775272144375
OAK-SNA,OAK,Oakland International Airport,SNA,John Wayne Airport (Orange County Airport),37.72129,-122.22072,33.67566,-117.86822,2688,384,7.072172619047619,0.1428571428571428,14.29,0.1444085677901105,14.44,18.216318785578743,7.072172619047619,1.85621328583927,13.5,2,-1.1763541329209777,1.3323450125552274
FLL-DTW,FLL,Fort Lauderdale-Hollywood International Airport,DTW,Detroit Metropolitan Airport,26.07258,-80.15275,42.21206,-83.34884,2863,390,9.378623821166608,0.1362207474676912,13.62,0.1379045180556288,13.79,19.4022770398482,9.378623821166608,2.4615810554243067,13.49,2,-0.9989707250548175,1.284521127306405
MKE-ATL,MKE,General Mitchell International Airport,ATL,Hartsfield-Jackson Atlanta International Airport,42.94722,-87.89658,33.64044,-84.42694,3414,412,8.82747510251904,0.1206795547744581,12.07,0.1225415728511178,12.25,23.13635131471944,8.82747510251904,2.3169225990863622,13.48,2,-1.227358243826405,1.7957159244444816
TPA-CLT,TPA,Tampa International Airport,CLT,Charlotte Douglas International Airport,27.97547,-82.53325,35.21401,-80.94313,3134,398,8.377791959157626,0.1269942565411614,12.7,0.1288222285092233,12.88,21.23881810788832,8.377791959157626,2.19889552733796,13.37,2,-1.2393246925551478,1.6158496734820231
CAE-ATL,CAE,Columbia Metropolitan Airport,ATL,Hartsfield-Jackson Atlanta International Airport,33.93884,-81.11954,33.64044,-84.42694,2890,380,11.377508650519031,0.1314878892733564,13.15,0.1333147448156616,13.33,19.5852534562212,11.377508650519031,2.9862227429183807,13.34,2,-0.8801202319676928,1.1502999461960435
SJC-BUR,SJC,Norman Y. Mineta San José International Airport,BUR,Bob Hope Airport (Hollywood Burbank Airport),37.36186,-121.92901,34.20062,-118.3585,2261,341,8.86421937195931,0.1508182220256523,15.08,0.1523130398131419,15.23,15.32258064516129,8.86421937195931,2.326566764293782,13.32,2,-0.9686346623339441,0.8166363269376753
SJC-DEN,SJC,Norman Y. Mineta San José International Airport,DEN,Denver International Airport,37.36186,-121.92901,39.85841,-104.667,2286,344,8.384951881014873,0.1504811898512686,15.05,0.151974470661705,15.2,15.492003252914069,8.384951881014873,2.200774771919914,13.32,2,-1.0211814337677987,0.8798201434664051
SFO-ATL,SFO,San Francisco International Airport,ATL,Hartsfield-Jackson Atlanta International Airport,37.619,-122.37484,33.64044,-84.42694,3395,405,7.012665684830633,0.1192930780559646,11.93,0.1212048889839279,12.12,23.007590132827325,7.012665684830633,1.8405946679345493,13.3,2,-1.4907001561528563,1.9574241861521475
ATL-HSV,ATL,Hartsfield-Jackson Atlanta International Airport,HSV,Huntsville International Airport,33.64044,-84.42694,34.64045,-86.77311,2691,371,8.980304719435154,0.1378669639539204,13.79,0.1395955166602752,13.96,18.23664949850908,8.980304719435154,2.3570353594317988,13.29,2,-1.0867687734044145,1.1933899774474528
MCI-ATL,MCI,Kansas City International Airport,ATL,Hartsfield-Jackson Atlanta International Airport,39.29761,-94.71391,33.64044,-84.42694,3786,407,7.847332276809297,0.1075013206550449,10.75,0.1095242117855965,10.95,25.65735971808078,7.847332276809297,2.0596672642544087,13.29,2,-1.542701573715409,2.1956483935536406
SAV-ATL,SAV,Savannah/Hilton Head International Airport,ATL,Hartsfield-Jackson Atlanta International Airport,32.12758,-81.20214,33.64044,-84.42694,3441,404,7.466724789305434,0.1174077303109561,11.74,0.1193479488841649,11.93,23.31932773109244,7.466724789305434,1.9597702859069384,13.28,2,-1.4693037806113032,1.9566281096130347
LEX-ATL,LEX,Blue Grass Airport,ATL,Hartsfield-Jackson Atlanta International Airport,38.03697,-84.60539,33.64044,-84.42694,2481,355,9.934300685207578,0.1430874647319629,14.31,0.1447543924830795,14.48,16.813499593385743,9.934300685207578,2.6074280013668183,13.28,2,-0.9374805825046861,0.9263218616772253
RDU-CLT,RDU,Raleigh-Durham International Airport,CLT,Charlotte Douglas International Airport,35.87764,-78.78747,35.21401,-80.94313,2354,348,8.292268479184367,0.1478334749362786,14.78,0.1493932709856675,14.94,15.952832746001627,8.292268479184367,2.176448419733429,13.28,2,-1.0688626059633126,0.955598015921823
ATL-DAL,ATL,Hartsfield-Jackson Atlanta International Airport,DAL,Dallas Love Field,33.64044,-84.42694,32.84711,-96.85177,3097,389,7.745560219567324,0.1256054246044559,12.56,0.1274979940565618,12.75,20.988072648414207,7.745560219567324,2.0329554382066464,13.2,2,-1.3720389502744408,1.6576025729672095
DTW-SEA,DTW,Detroit Metropolitan Airport,SEA,Seattle-Tacoma International Airport,42.21206,-83.34884,47.44898,-122.30931,2068,319,8.713249516441007,0.1542553191489361,15.43,0.1557246711249207,15.57,14.01463811330984,8.713249516441007,2.286942130299477,13.19,2,-0.9949662732654607,0.6688222497068588
STL-PHX,STL,St. Louis International Airport at Lambert Field,PHX,Phoenix Sky Harbor International Airport,38.74769,-90.35999,33.43417,-112.00806,2291,334,8.045831514622435,0.1457878655608904,14.58,0.1474743149305011,14.75,15.525887774464625,8.045831514622435,2.111766801738172,13.05,2,-1.1855164107863205,0.9491209066665404
SEA-ATL,SEA,Seattle-Tacoma International Airport,ATL,Hartsfield-Jackson Atlanta International Airport,47.44898,-122.30931,33.64044,-84.42694,2930,376,6.838907849829352,0.1283276450511945,12.83,0.130234682177831,13.02,19.856329628625645,6.838907849829352,1.7949889369630845,13.05,2,-1.4861995360654128,1.6135288848198417
MCI-MDW,MCI,Kansas City International Airport,MDW,Chicago Midway International Airport,39.29761,-94.71391,41.78598,-87.75242,2621,357,8.079740557039297,0.1362075543685616,13.62,0.1380415608227961,13.8,17.762266196801303,8.079740557039297,2.1206668128712067,13.04,2,-1.2759905719999278,1.2402206390024002
ATL-LEX,ATL,Hartsfield-Jackson Atlanta International Airport,LEX,Blue Grass Airport,33.64044,-84.42694,38.03697,-84.60539,2479,346,9.136345300524406,0.1395724082291246,13.96,0.1413769240010966,14.14,16.79994578476552,9.136345300524406,2.397990892526091,13.04,2,-1.129696117685549,1.0228578562557746
ATL-SDF,ATL,Hartsfield-Jackson Atlanta International Airport,SDF,Louisville International Airport (Standiford Field),33.64044,-84.42694,38.17439,-85.736,2981,373,8.131164038913116,0.1251257967125126,12.51,0.1271051888993275,12.71,20.201951748441317,8.131164038913116,2.1341637897409758,13.0,2,-1.396972912077564,1.549180856126533
SLC-OAK,SLC,Salt Lake City International Airport,OAK,Oakland International Airport,40.78839,-111.97777,37.72129,-122.22072,2292,331,8.163612565445026,0.1444153577661431,14.44,0.146158481186801,14.62,15.532664678774736,8.163612565445026,2.142680463371398,12.98,2,-1.2080404920145542,0.9492943253296907
SFO-MSP,SFO,San Francisco International Airport,MSP,Minneapolis-Saint Paul International Airport,37.619,-122.37484,44.88055,-93.21692,2686,356,7.600521221146686,0.1325390915860015,13.25,0.1344619838473898,13.45,18.202764976958523,7.600521221146686,1.994887459618553,12.92,2,-1.4003757666946706,1.3527084638054623
SEA-MSP,SEA,Seattle-Tacoma International Airport,MSP,Minneapolis-Saint Paul International Airport,47.44898,-122.30931,44.88055,-93.21692,2812,361,7.639402560455192,0.1283783783783783,12.84,0.1303609502056415,13.04,19.05665492003253,7.639402560455192,2.005092535552544,12.89,2,-1.4474718032470728,1.460721841169482
ATL-PNS,ATL,Hartsfield-Jackson Atlanta International Airport,PNS,Pensacola International Airport (Pensacola Gulf Coast Regional Airport),33.64044,-84.42694,30.47331,-87.18744,2455,339,8.430957230142566,0.1380855397148676,13.81,0.1399652003909308,14.0,16.637300081322852,8.430957230142566,2.2128496667040856,12.89,2,-1.2658229368826222,1.0817978870741929
BNA-DTW,BNA,Nashville International Airport,DTW,Detroit Metropolitan Airport,36.12448,-86.67818,42.21206,-83.34884,2220,319,9.326576576576576,0.1436936936936937,14.37,0.1455220202581156,14.55,15.044727568446731,9.326576576576576,2.447920361306188,12.86,2,-1.1277984418286573,0.7986446598116259
MSP-BOS,MSP,Minneapolis-Saint Paul International Airport,BOS,Gen. Edward Lawrence Logan International Airport,44.88055,-93.21692,42.36435,-71.00518,1956,297,8.310838445807772,0.151840490797546,15.18,0.1535073380344495,15.35,13.255624830577393,8.310838445807772,2.1813224267212,12.85,2,-1.1665920966785335,0.6461040956514761
DCA-DAL,DCA,Ronald Reagan Washington National Airport,DAL,Dallas Love Field,38.85208,-77.03772,32.84711,-96.85177,2649,345,8.76821442053605,0.1302378255945639,13.02,0.1322703117493009,13.23,17.952019517484413,8.76821442053605,2.3013686143139243,12.77,2,-1.3443419876889466,1.2366713035483932
SNA-ORD,SNA,John Wayne Airport (Orange County Airport),ORD,Chicago O'Hare International Airport,33.67566,-117.86822,41.9796,-87.90446,2325,320,9.906236559139783,0.1376344086021505,13.76,0.1396334379376611,13.96,15.756302521008402,9.906236559139783,2.600062089013067,12.71,2,-1.169944462357212,0.8625401604045023
JAX-CLT,JAX,Jacksonville International Airport,CLT,Charlotte Douglas International Airport,30.49406,-81.68786,35.21401,-80.94313,2273,319,7.918169819621645,0.1403431588209414,14.03,0.1422718445001383,14.23,15.403903496882624,7.918169819621645,2.078259795176285,12.7,2,-1.3581901455571863,0.9888007629498831
MIA-CLT,MIA,Miami International Airport,CLT,Charlotte Douglas International Airport,25.79325,-80.29056,35.21401,-80.94313,3216,365,7.810323383084577,0.1134950248756219,11.35,0.115684887514725,11.57,21.79452426131743,7.810323383084577,2.04995364385422,12.7,2,-1.6474864060375431,1.8027855472133776
FLL-IAH,FLL,Fort Lauderdale-Hollywood International Airport,IAH,George Bush Intercontinental Airport,26.07258,-80.15275,29.98047,-95.33972,2012,295,9.77534791252485,0.1466202783300199,14.66,0.1484900980108087,14.85,13.635131471943614,9.77534791252485,2.565708113523583,12.7,2,-1.1031221059214902,0.5914274711020677
ATL-SEA,ATL,Hartsfield-Jackson Atlanta International Airport,SEA,Seattle-Tacoma International Airport,33.64044,-84.42694,47.44898,-122.30931,2934,357,7.152351738241308,0.1216768916155419,12.17,0.1238006219508332,12.38,19.88343724586609,7.152351738241308,1.8772576740790836,12.68,2,-1.6326539640092088,1.629436125739625
SAT-ATL,SAT,San Antonio International Airport,ATL,Hartsfield-Jackson Atlanta International Airport,29.53369,-98.46978,33.64044,-84.42694,3109,360,8.095850755870055,0.1157928594403345,11.58,0.1179841343093886,11.8,21.06939550013554,8.095850755870055,2.12489521151445,12.67,2,-1.6001303460369107,1.6939157712437325
SMF-BUR,SMF,Sacramento International Airport,BUR,Bob Hope Airport (Hollywood Burbank Airport),38.69542,-121.59077,34.20062,-118.3585,2244,315,8.125222816399287,0.1403743315508021,14.04,0.1423255490609335,14.23,15.207373271889402,8.125222816399287,2.1326044137530937,12.66,2,-1.3477320614931916,0.9496344983654148
ATL-CHS,ATL,Hartsfield-Jackson Atlanta International Airport,CHS,Charleston International Airport/Charleston AFB,33.64044,-84.42694,32.89865,-80.04051,3493,370,6.061837961637561,0.1059261379902662,10.59,0.108157831060069,10.82,23.671726755218216,6.061837961637561,1.591033585731643,12.65,2,-1.9378140987454007,2.1828192364182684
TLH-ATL,TLH,Tallahassee International Airport,ATL,Hartsfield-Jackson Atlanta International Airport,30.39653,-84.35033,33.64044,-84.42694,2284,313,10.50875656742557,0.1370402802101576,13.7,0.1390986103183004,13.91,15.478449444293846,10.50875656742557,2.758203823471278,12.63,2,-1.1353292574299063,0.7836026320583259
ATL-CVG,ATL,Hartsfield-Jackson Atlanta International Airport,CVG,Cincinnati/Northern Kentucky International Airport,33.64044,-84.42694,39.04614,-84.66217,2601,336,8.374855824682815,0.1291810841983852,12.92,0.1312888141424761,13.13,17.62672811059908,8.374855824682815,2.1981248883681928,12.61,2,-1.4441938292948904,1.2475257906916464
MSY-LAX,MSY,Louis Armstrong New Orleans International Airport,LAX,Los Angeles International Airport,29.99339,-90.25803,33.94254,-118.40807,2010,292,8.788059701492537,0.145273631840796,14.53,0.1472090459710086,14.72,13.621577663323396,8.788059701492537,2.3065773494731068,12.58,2,-1.2570322227637931,0.6906825328222481
OMA-MDW,OMA,Eppley Airfield,MDW,Chicago Midway International Airport,41.30252,-95.89417,41.78598,-87.75242,1783,270,9.260235558048231,0.1514301738642737,15.14,0.153271952734375,15.33,12.083220384928165,9.260235558048231,2.430508020485101,12.58,2,-1.1544513455329963,0.440862647414341
PDX-PHX,PDX,Portland International Airport,PHX,Phoenix Sky Harbor International Airport,45.58872,-122.5975,33.43417,-112.00806,3366,362,7.161616161616162,0.1075460487225193,10.75,0.1098127775530375,10.98,22.811059907834103,7.161616161616162,1.8796892812640849,12.57,2,-1.8230488529081055,1.9929895024744728
ATL-ECP,ATL,Hartsfield-Jackson Atlanta International Airport,ECP,Northwest Florida Beaches International Airport,33.64044,-84.42694,30.35483,-85.79952,2193,306,8.92704058367533,0.1395348837209302,13.95,0.1415661085908539,14.16,14.861751152073731,8.92704058367533,2.343055271305861,12.56,2,-1.301170911859447,0.8476436145369999
SJC-PDX,SJC,Norman Y. Mineta San José International Airport,PDX,Portland International Airport,37.36186,-121.92901,45.58872,-122.5975,2480,326,7.615322580645161,0.1314516129032258,13.15,0.1335701887592357,13.36,16.80672268907563,7.615322580645161,1.9987723308779952,12.52,2,-1.530758296872731,1.2203883745801771
TPA-DTW,TPA,Tampa International Airport,DTW,Detroit Metropolitan Airport,27.97547,-82.53325,42.21206,-83.34884,2263,305,11.463543968183826,0.1347768448961555,13.48,0.1369492539140195,13.69,15.336134453781511,11.463543968183826,3.008804191124364,12.5,2,-1.0943311708456556,0.6984906880132655
TUL-IAH,TUL,Tulsa International Airport,IAH,George Bush Intercontinental Airport,36.19837,-95.88824,29.98047,-95.33972,1915,277,9.897127937336816,0.1446475195822454,14.46,0.1467052540937112,14.67,12.977771753862836,9.897127937336816,2.5976713746290856,12.44,2,-1.190545691863669,0.5291447903159094
ATL-ILM,ATL,Hartsfield-Jackson Atlanta International Airport,ILM,Wilmington International Airport,33.64044,-84.42694,34.27061,-77.90256,1747,261,9.343445907269604,0.1493989696622782,14.94,0.1513866199235669,15.14,11.839251829764164,9.343445907269604,2.4523480071573767,12.41,2,-1.216459314172561,0.42445434132336407
ATL-JAN,ATL,Hartsfield-Jackson Atlanta International Airport,JAN,Jackson-Evers International Airport,33.64044,-84.42694,32.31117,-90.07589,2485,321,7.665593561368209,0.1291750503018108,12.92,0.1313775965179219,13.14,16.840607210626185,7.665593561368209,2.011966814007404,12.4,2,-1.5847863990887059,1.2354840728274081
ATL-TRI,ATL,Hartsfield-Jackson Atlanta International Airport,TRI,Tri-Cities Regional Airport,33.64044,-84.42694,36.47521,-82.40742,2071,291,8.268952197006277,0.1405118300338001,14.05,0.142612200367954,14.26,14.034968826240174,8.268952197006277,2.1703286606315686,12.39,2,-1.4149518334456894,0.81729473483416
GSP-ATL,GSP,Greenville-Spartanburg International Airport,ATL,Hartsfield-Jackson Atlanta International Airport,34.89567,-82.21886,33.64044,-84.42694,2677,329,8.673515128875607,0.1228987672768023,12.29,0.1251750403308708,12.52,18.14177283816753,8.673515128875607,2.276513157185198,12.39,2,-1.543885438170033,1.3137334542818986
HSV-ATL,HSV,Huntsville International Airport,ATL,Hartsfield-Jackson Atlanta International Airport,34.64045,-86.77311,33.64044,-84.42694,2689,328,9.323168464113053,0.1219784306433618,12.2,0.1242779085689595,12.43,18.223095689888854,9.323168464113053,2.4470258435992265,12.38,2,-1.4865522682539538,1.2681663613561571
MKE-DTW,MKE,General Mitchell International Airport,DTW,Detroit Metropolitan Airport,42.94722,-87.89658,42.21206,-83.34884,1855,269,10.210242587601078,0.1450134770889488,14.5,0.1471156455236972,14.71,12.571157495256166,10.210242587601078,2.6798536975330918,12.37,2,-1.1747352397066735,0.4557333022680841
LAS-EWR,LAS,McCarran International Airport,EWR,Newark Liberty International Airport,36.08036,-115.15233,40.6925,-74.16866,1868,269,10.836723768736617,0.1440042826552462,14.4,0.1461438450197297,14.61,12.659257251287611,10.836723768736617,2.8442844537366447,12.36,2,-1.1206034251656658,0.41560079784881565
HNL-SEA,HNL,Honolulu International Airport,SEA,Seattle-Tacoma International Airport,21.31869,-157.92241,47.44898,-122.30931,1881,274,7.967038809144072,0.1456671982987772,14.57,0.1477087768797719,14.77,12.747357007319057,7.967038809144072,2.0910863016126173,12.36,2,-1.4097128992516,0.6735116321074621
OAK-SLC,OAK,Oakland International Airport,SLC,Salt Lake City International Airport,37.72129,-122.22072,40.78839,-111.97777,2298,307,7.740644038294169,0.1335944299390774,13.36,0.1357844399494696,13.58,15.573326104635402,7.740644038294169,2.03166510191448,12.35,2,-1.5488274637673967,1.0716346858623589
ATL-ORF,ATL,Hartsfield-Jackson Atlanta International Airport,ORF,Norfolk International Airport,33.64044,-84.42694,36.89461,-76.20122,2907,336,8.091503267973856,0.1155830753353973,11.56,0.1179285290983798,11.79,19.70046082949309,8.091503267973856,2.123754138575815,12.32,2,-1.704981255636923,1.5653790419708544
BDL-BWI,BDL,Bradley International Airport,BWI,Baltimore-Washington International Airport,41.93887,-72.68323,39.1754,-76.6682,2365,308,8.545877378435518,0.1302325581395348,13.02,0.1324994267743725,13.25,16.02737869341285,8.545877378435518,2.243012435284913,12.29,2,-1.5128179981461733,1.067401618956987
PHX-OMA,PHX,Phoenix Sky Harbor International Airport,OMA,Eppley Airfield,33.43417,-112.00806,41.30252,-95.89417,1349,215,8.31653076352854,0.1593773165307635,15.94,0.1612222822628213,16.12,9.14204391433993,8.31653076352854,2.1828164733670707,12.28,2,-1.2858612036288575,0.15337572452223067
DTW-BNA,DTW,Detroit Metropolitan Airport,BNA,Nashville International Airport,42.21206,-83.34884,36.12448,-86.67818,2170,294,8.78110599078341,0.1354838709677419,13.55,0.1377141352417745,13.77,14.705882352941178,8.78110599078341,2.304752228552076,12.28,2,-1.4397952125599711,0.8756483961402782
PSP-PHX,PSP,Palm Springs International Airport,PHX,Phoenix Sky Harbor International Airport,33.82922,-116.50625,33.43417,-112.00806,1855,264,11.53800539083558,0.1423180592991913,14.23,0.144558100766664,14.46,12.571157495256166,11.53800539083558,3.0283478716103884,12.27,2,-1.0881039108653137,0.35534019317725235
SDF-ATL,SDF,Louisville International Airport (Standiford Field),ATL,Hartsfield-Jackson Atlanta International Airport,38.17439,-85.736,33.64044,-84.42694,2977,333,9.359758145784348,0.1118575747396708,11.19,0.1142707465059565,11.43,20.174844131200867,9.359758145784348,2.456629434589068,12.27,2,-1.6243907083405291,1.5175365269048615
MHT-BWI,MHT,Manchester-Boston Regional Airport,BWI,Baltimore-Washington International Airport,42.93452,-71.43706,39.1754,-76.6682,2395,310,7.532776617954071,0.1294363256784968,12.94,0.1317078505005323,13.17,16.230685822716183,7.532776617954071,1.97710672387246,12.26,2,-1.639061403655919,1.1862990423440947
ATL-MYR,ATL,Hartsfield-Jackson Atlanta International Airport,MYR,Myrtle Beach International Airport,33.64044,-84.42694,33.67975,-78.92833,1554,235,10.37966537966538,0.1512226512226512,15.12,0.1533319752108997,15.33,10.531309297912712,10.37966537966538,2.724321621959417,12.24,2,-1.1457647375668922,0.17982547677769067
MSP-FAR,MSP,Minneapolis-Saint Paul International Airport,FAR,Hector International Airport,44.88055,-93.21692,46.91935,-96.81499,1898,270,9.133298208640674,0.1422550052687039,14.23,0.144449993492907,14.44,12.862564380590946,9.133298208640674,2.397191130876817,12.24,2,-1.3535834014380024,0.605758842284433
BNA-CLT,BNA,Nashville International Airport,CLT,Charlotte Douglas International Airport,36.12448,-86.67818,35.21401,-80.94313,1426,223,8.359747545582048,0.1563814866760168,15.64,0.1583296769323906,15.83,9.663865546218489,8.359747545582048,2.1941594607826898,12.24,2,-1.3176464557496894,0.23021934981151632
CLE-ATL,CLE,Cleveland Hopkins International Airport,ATL,Hartsfield-Jackson Atlanta International Airport,41.41089,-81.8494,33.64044,-84.42694,3114,335,8.144508670520231,0.1075786769428387,10.76,0.1100221179212284,11.0,21.103280021686093,8.144508670520231,2.1376663177218456,12.2,2,-1.824091750981646,1.7432302607606351
PIT-ATL,PIT,Pittsburgh International Airport,ATL,Hartsfield-Jackson Atlanta International Airport,40.49147,-80.23287,33.64044,-84.42694,3545,342,6.28490832157969,0.0964739069111424,9.65,0.0989330828529021,9.89,24.024125779344,6.28490832157969,1.6495822366350892,12.19,2,-2.158891467345678,2.2472083332228556
SLC-LGB,SLC,Salt Lake City International Airport,LGB,Long Beach Airport (Daugherty Field),40.78839,-111.97777,33.81772,-118.15161,2118,286,8.359773371104815,0.1350330500472143,13.5,0.1373359274115546,13.73,14.353483328815395,8.359773371104815,2.194166239135122,12.16,2,-1.5276280533757494,0.8832390482522284
CVG-ATL,CVG,Cincinnati/Northern Kentucky International Airport,ATL,Hartsfield-Jackson Atlanta International Airport,39.04614,-84.66217,33.64044,-84.42694,2594,315,8.208558211256745,0.1214340786430223,12.14,0.1238348504078798,12.38,17.5792897804283,8.208558211256745,2.1544772208022955,12.15,2,-1.6808712789653135,1.3125425198166216
MSP-MCI,MSP,Minneapolis-Saint Paul International Airport,MCI,Kansas City International Airport,44.88055,-93.21692,39.29761,-94.71391,2110,285,7.777725118483413,0.1350710900473933,13.51,0.1373805823524109,13.74,14.299268094334508,7.777725118483413,2.041397668893284,12.13,2,-1.5980747409095568,0.9301980151030264
MSP-BIS,MSP,Minneapolis-Saint Paul International Airport,BIS,Bismarck Municipal Airport,44.88055,-93.21692,46.77411,-100.74672,1653,244,8.65577737447066,0.1476104053236539,14.76,0.1498066668561484,14.98,11.202222824613717,8.65577737447066,2.2718575786012227,12.13,2,-1.393179579270975,0.436786671198873
BUR-SMF,BUR,Bob Hope Airport (Hollywood Burbank Airport),SMF,Sacramento International Airport,34.20062,-118.3585,38.69542,-121.59077,2261,296,7.460415745245466,0.1309155241043786,13.09,0.1332533193557086,13.33,15.32258064516129,7.460415745245466,1.9581143688308311,12.12,2,-1.6734661091797767,1.091929672474317
CMH-PHX,CMH,Port Columbus International Airport,PHX,Phoenix Sky Harbor International Airport,39.99799,-82.89188,33.43417,-112.00806,1135,184,8.904845814977973,0.1621145374449339,16.21,0.1640575603229377,16.41,7.691786391976145,8.904845814977973,2.337229872697631,12.12,2,-1.256642713453863,-0.07792109278178554
ILM-ATL,ILM,Wilmington International Airport,ATL,Hartsfield-Jackson Atlanta International Airport,34.27061,-77.90256,33.64044,-84.42694,1741,249,11.176909821941411,0.1430212521539345,14.3,0.1453618071693797,14.54,11.798590403903496,11.176909821941411,2.933572131743153,12.11,2,-1.1700455115283492,0.3042423734238562
SMF-SNA,SMF,Sacramento International Airport,SNA,John Wayne Airport (Orange County Airport),38.69542,-121.59077,33.67566,-117.86822,2304,300,6.243489583333333,0.1302083333333333,13.02,0.1325337300327904,13.25,15.61398753049607,6.243489583333333,1.638711176727909,12.1,2,-1.8164901118282104,1.237780599098364
TPA-BNA,TPA,Tampa International Airport,BNA,Nashville International Airport,27.97547,-82.53325,36.12448,-86.67818,1283,202,8.989867498051442,0.1574434918160561,15.74,0.1595163318863544,15.95,8.694768229872594,8.989867498051442,2.3595452750791184,12.1,2,-1.2893772039633895,0.062184195230424705
ATL-TYS,ATL,Hartsfield-Jackson Atlanta International Airport,TYS,McGhee Tyson Airport,33.64044,-84.42694,35.81249,-83.99286,1872,265,7.749465811965812,0.141559829059829,14.16,0.1438190096342942,14.38,12.686364868528056,7.749465811965812,2.0339805280750163,12.1,2,-1.5493624089051263,0.7197835426251041
MSP-MCO,MSP,Minneapolis-Saint Paul International Airport,MCO,Orlando International Airport,44.88055,-93.21692,28.42889,-81.31603,1676,243,9.855011933174223,0.1449880668257756,14.5,0.1473035399768176,14.73,11.358091623746272,9.855011933174223,2.5866173052950723,12.07,2,-1.3073393042640653,0.3645744895650453
FLL-LAS,FLL,Fort Lauderdale-Hollywood International Airport,LAS,McCarran International Airport,26.07258,-80.15275,36.08036,-115.15233,1155,186,8.133333333333333,0.161038961038961,16.1,0.1630367227082296,16.3,7.827324478178369,8.133333333333333,2.1347331583552056,12.06,2,-1.3660741918531274,0.01733355570076499
DTW-BDL,DTW,Detroit Metropolitan Airport,BDL,Bradley International Airport,42.21206,-83.34884,41.93887,-72.68323,1481,222,10.39297771775827,0.149898717083052,14.99,0.1521891758373359,15.22,10.0365952832746,10.39297771775827,2.727815673952302,12.05,2,-1.2150010137666227,0.13820059390459327
PIT-MCO,PIT,Pittsburgh International Airport,MCO,Orlando International Airport,40.49147,-80.23287,28.42889,-81.31603,1554,229,10.72908622908623,0.1473616473616473,14.74,0.1497044056824837,14.97,10.531309297912712,10.72908622908623,2.816033130993761,12.04,2,-1.2034966974052899,0.17982122980246376
ATL-VPS,ATL,Hartsfield-Jackson Atlanta International Airport,VPS,Destin-Fort Walton Beach Airport/Eglin AFB,33.64044,-84.42694,30.48325,-86.5254,2391,299,8.610204935173568,0.1250522793810121,12.51,0.1275034472094854,12.75,16.20357820547574,8.610204935173568,2.2598963084445063,12.04,2,-1.632450434202464,1.1158720479685613
PDX-SJC,PDX,Portland International Airport,SJC,Norman Y. Mineta San José International Airport,45.58872,-122.5975,37.36186,-121.92901,2473,305,7.6938940558026685,0.123331985442782,12.33,0.1257718954523234,12.58,16.759284358904853,7.6938940558026685,2.019394765302538,12.04,2,-1.7482485214063537,1.2664695392475742
MCO-MSY,MCO,Orlando International Airport,MSY,Louis Armstrong New Orleans International Airport,28.42889,-81.31603,29.99339,-90.25803,1237,194,8.679062247372675,0.1568310428455941,15.68,0.159021007478555,15.9,8.38303063160748,8.679062247372675,2.2779690937986024,11.98,2,-1.3654312952009313,0.06320020561440821
ELP-IAH,ELP,El Paso International Airport,IAH,George Bush Intercontinental Airport,31.80667,-106.37781,29.98047,-95.33972,1671,238,11.379413524835428,0.1424296828246559,14.24,0.1448961530202304,14.49,11.324207102195718,11.379413524835428,2.986722709930558,11.97,2,-1.1973365631468382,0.24253083311546322
PVD-CLT,PVD,Theodore Francis Green State Airport,CLT,Charlotte Douglas International Airport,41.724,-71.42822,35.21401,-80.94313,1139,181,9.191395961369622,0.1589113257243195,15.89,0.1611066077472382,16.11,7.71889400921659,9.191395961369622,2.4124398848739164,11.96,2,-1.3019237395863206,-0.07236344868820875
SLC-PDX,SLC,Salt Lake City International Airport,PDX,Portland International Airport,40.78839,-111.97777,45.58872,-122.5975,2569,308,6.339042428960685,0.1198910081743869,11.99,0.1223720820527644,12.24,17.409867172675522,6.339042428960685,1.6637906637692088,11.95,2,-1.9556412229762719,1.4775058983277973
LBB-DAL,LBB,Lubbock Preston Smith International Airport,DAL,Dallas Love Field,33.66364,-101.82278,32.84711,-96.85177,1676,239,10.375298329355608,0.1426014319809069,14.26,0.1450512877245654,14.51,11.358091623746272,10.375298329355608,2.723175414529031,11.95,2,-1.308464204182231,0.3360751971460856
BDL-CLT,BDL,Bradley International Airport,CLT,Charlotte Douglas International Airport,41.93887,-72.68323,35.21401,-80.94313,1759,250,7.584422967595224,0.1421262080727686,14.21,0.1444922469063088,14.45,11.920574681485498,7.584422967595224,1.990662196219219,11.95,2,-1.6103207461948021,0.6532226214637443
MCO-LAS,MCO,Orlando International Airport,LAS,McCarran International Airport,28.42889,-81.31603,36.08036,-115.15233,1038,168,8.57514450867052,0.1618497109826589,16.18,0.1639816230218173,16.4,7.034426673895365,8.57514450867052,2.250694096763916,11.94,2,-1.3528642185429351,-0.11476354706005774
TUL-ATL,TUL,Tulsa International Airport,ATL,Hartsfield-Jackson Atlanta International Airport,36.19837,-95.88824,33.64044,-84.42694,1647,237,9.1645415907711,0.1438979963570127,14.39,0.1463143028041374,14.63,11.161561398753047,9.1645415907711,2.4053914936407086,11.93,2,-1.4330482696779399,0.41668240284610225
MIA-LAS,MIA,Miami International Airport,LAS,McCarran International Airport,25.79325,-80.29056,36.08036,-115.15233,1520,224,9.007894736842106,0.1473684210526315,14.74,0.1497599302461902,14.98,10.300894551368934,9.007894736842106,2.3642768338168256,11.92,2,-1.423925611499882,0.3134794807722328
SAN-CLT,SAN,San Diego International Airport (Lindbergh Field),CLT,Charlotte Douglas International Airport,32.73356,-117.18966,35.21401,-80.94313,760,129,8.147368421052631,0.1697368421052631,16.97,0.1716407988358466,17.16,5.150447275684467,8.147368421052631,2.138416908412764,11.9,2,-1.3547191582387574,-0.35074119002371434
MYR-ATL,MYR,Myrtle Beach International Airport,ATL,Hartsfield-Jackson Atlanta International Airport,33.67975,-78.92833,33.64044,-84.42694,1553,226,9.991629104958143,0.1455247907276239,14.55,0.1479800889285106,14.8,10.524532393602602,9.991629104958143,2.622474830697676,11.9,2,-1.3401782343683206,0.2620726877611744
ATL-OKC,ATL,Hartsfield-Jackson Atlanta International Airport,OKC,Will Rogers World Airport,33.64044,-84.42694,35.39309,-97.60073,2154,279,8.224698235840297,0.1295264623955431,12.95,0.1320368620225502,13.2,14.597451883979398,8.224698235840297,2.158713447727112,11.89,2,-1.6747935568343448,0.9611826405952957
MSP-DCA,MSP,Minneapolis-Saint Paul International Airport,DCA,Ronald Reagan Washington National Airport,44.88055,-93.21692,38.85208,-77.03772,1807,251,8.692307692307692,0.1389042612064194,13.89,0.14137969952744,14.14,12.245866088370832,8.692307692307692,2.2814455885322027,11.89,2,-1.5394114725902623,0.6105732515504064
IND-DFW,IND,Indianapolis International Airport,DFW,Dallas/Fort Worth International Airport,39.71733,-86.29438,32.89595,-97.0372,1699,237,11.954679223072397,0.1394938198940553,13.95,0.1420850956080201,14.21,11.513960422878828,11.954679223072397,3.1377110821712324,11.88,2,-1.1907196209044224,0.23325791190901213
STL-LAS,STL,St. Louis International Airport at Lambert Field,LAS,McCarran International Airport,38.74769,-90.35999,36.08036,-115.15233,1566,228,8.795019157088122,0.1455938697318007,14.56,0.1480258625443146,14.8,10.612632149634049,8.795019157088122,2.3084039782383523,11.88,2,-1.4735599143862086,0.38030009251741376
SNA-SEA,SNA,John Wayne Airport (Orange County Airport),SEA,Seattle-Tacoma International Airport,33.67566,-117.86822,47.44898,-122.30931,3056,321,6.024869109947644,0.1050392670157068,10.5,0.1076080757283993,10.76,20.710219571699646,6.024869109947644,1.581330475051875,11.87,2,-2.1750109661892743,1.9165706771971867
CLT-BNA,CLT,Charlotte Douglas International Airport,BNA,Nashville International Airport,35.21401,-80.94313,36.12448,-86.67818,1433,214,8.304256803907885,0.1493370551290997,14.93,0.1517358688837757,15.17,9.711303876389266,8.304256803907885,2.1795949616556127,11.86,2,-1.50212724293288,0.30121487695473487
CLL-DFW,CLL,Easterwood Airport,DFW,Dallas/Fort Worth International Airport,30.58859,-96.36382,32.89595,-97.0372,1655,234,10.347432024169184,0.1413897280966767,14.14,0.1439379413098735,14.39,11.215776633233938,10.347432024169184,2.7158614236664524,11.85,2,-1.354326292798062,0.3348314460105276
PDX-HNL,PDX,Portland International Airport,HNL,Honolulu International Airport,45.58872,-122.5975,21.31869,-157.92241,783,132,7.326947637292465,0.1685823754789272,16.86,0.170567482444879,17.06,5.306316074817024,7.326947637292465,1.923083369368101,11.85,2,-1.4659877953577134,-0.24850690178481413
MSP-CLT,MSP,Minneapolis-Saint Paul International Airport,CLT,Charlotte Douglas International Airport,44.88055,-93.21692,35.21401,-80.94313,2317,289,7.214501510574018,0.1247302546396202,12.47,0.1272697918902888,12.73,15.702087286527512,7.214501510574018,1.8935699502818943,11.85,2,-1.8426344369398575,1.1975674265541285
ATL-MLB,ATL,Hartsfield-Jackson Atlanta International Airport,MLB,Melbourne International Airport,33.64044,-84.42694,28.10275,-80.64581,1443,214,8.50935550935551,0.1483021483021483,14.83,0.1507524867134336,15.08,9.779072919490376,8.50935550935551,2.233426642875462,11.83,2,-1.497897327028611,0.297635531441438
STL-LAX,STL,St. Louis International Airport at Lambert Field,LAX,Los Angeles International Airport,38.74769,-90.35999,33.94254,-118.40807,1581,228,8.65338393421885,0.1442125237191651,14.42,0.1467049892913909,14.67,10.714285714285714,8.65338393421885,2.271229379060065,11.82,2,-1.5188042306199343,0.41517916724344744
LAS-GEG,LAS,McCarran International Airport,GEG,Spokane International Airport,36.08036,-115.15233,47.61986,-117.53384,708,120,7.935028248587571,0.1694915254237288,16.95,0.1715483749985497,17.15,4.798048251558687,7.935028248587571,2.082684579681777,11.8,2,-1.4120133720275967,-0.36738541017955956
BWI-SLC,BWI,Baltimore-Washington International Airport,SLC,Salt Lake City International Airport,39.1754,-76.6682,40.78839,-111.97777,1072,168,10.131529850746269,0.1567164179104477,15.67,0.1592244769614574,15.92,7.264841420439143,10.131529850746269,2.659194186547577,11.77,2,-1.2800516365846104,-0.18651791404569404
BUR-PHX,BUR,Bob Hope Airport (Hollywood Burbank Airport),PHX,Phoenix Sky Harbor International Airport,34.20062,-118.3585,33.43417,-112.00806,2051,268,7.42320819112628,0.1306679668454412,13.07,0.133245507670306,13.32,13.899430740037952,7.42320819112628,1.948348606594824,11.76,2,-1.7889589821107257,0.9567645121001324
DTW-MSN,DTW,Detroit Metropolitan Airport,MSN,Dane County Regional Airport,42.21206,-83.34884,43.13986,-89.33751,1575,225,9.344761904761905,0.1428571428571428,14.29,0.1454394549246735,14.54,10.673624288425048,9.344761904761905,2.4526934133233347,11.76,2,-1.4751397734247707,0.3589006052306336
LAS-PIT,LAS,McCarran International Airport,PIT,Pittsburgh International Airport,36.08036,-115.15233,40.49147,-80.23287,660,112,8.153030303030302,0.1696969696969697,16.97,0.1718566934195107,17.19,4.472756844673354,8.153030303030302,2.13990296667462,11.75,2,-1.404384386802206,-0.4250727751458354
CLE-MDW,CLE,Cleveland Hopkins International Airport,MDW,Chicago Midway International Airport,41.41089,-81.8494,41.78598,-87.75242,1949,258,8.864032837352488,0.1323755772190867,13.24,0.1349980902873734,13.5,13.208186500406612,8.864032837352488,2.3265178050793933,11.75,2,-1.6222729942851035,0.7428032474981603
ATL-SJU,ATL,Hartsfield-Jackson Atlanta International Airport,SJU,Luis Muñoz Marín International Airport,33.64044,-84.42694,18.43942,-66.00183,1536,221,8.71875,0.1438802083333333,14.39,0.1464615446203106,14.65,10.409325020330714,8.71875,2.2883858267716537,11.74,2,-1.5405685171331505,0.3806569518072514
BUR-SJC,BUR,Bob Hope Airport (Hollywood Burbank Airport),SJC,Norman Y. Mineta San José International Airport,34.20062,-118.3585,37.36186,-121.92901,2262,282,6.744031830238727,0.1246684350132626,12.47,0.1272697235388773,12.73,15.3293575494714,6.744031830238727,1.7700870945508471,11.74,2,-1.9261363030139722,1.204437498581047
SLC-ATL,SLC,Salt Lake City International Airport,ATL,Hartsfield-Jackson Atlanta International Airport,40.78839,-111.97777,33.64044,-84.42694,2782,305,7.055355859094177,0.1096333572969086,10.96,0.112286983691474,11.23,18.853347790729195,7.055355859094177,1.8517994380824607,11.73,2,-2.053161254809021,1.619134973868961
LAS-CLT,LAS,McCarran International Airport,CLT,Charlotte Douglas International Airport,36.08036,-115.15233,35.21401,-80.94313,1681,237,6.994051160023796,0.1409875074360499,14.1,0.1435211044350523,14.35,11.391976145296828,6.994051160023796,1.8357089658855104,11.73,2,-1.7499989691643314,0.6626403292759019
MSP-BWI,MSP,Minneapolis-Saint Paul International Airport,BWI,Baltimore-Washington International Airport,44.88055,-93.21692,39.1754,-76.6682,1139,175,10.384547848990342,0.1536435469710272,15.36,0.1562639927351316,15.63,7.71889400921659,10.384547848990342,2.725603109971219,11.72,2,-1.2927766489792474,-0.13446907744969394
BOS-PIT,BOS,Gen. Edward Lawrence Logan International Airport,PIT,Pittsburgh International Airport,42.36435,-71.00518,40.49147,-80.23287,1248,190,8.170673076923077,0.1522435897435897,15.22,0.1547559992572909,15.48,8.457576579018705,8.170673076923077,2.144533615990309,11.72,2,-1.5365676732411528,0.1574730066107159
SFO-CLT,SFO,San Francisco International Airport,CLT,Charlotte Douglas International Airport,37.619,-122.37484,35.21401,-80.94313,1984,263,6.323084677419355,0.1325604838709677,13.26,0.1351300801337947,13.51,13.445378151260504,6.323084677419355,1.6596022775378885,11.72,2,-1.9011126155610214,0.997818362756761
ONT-DFW,ONT,Ontario International Airport,DFW,Dallas/Fort Worth International Airport,34.056,-117.60119,32.89595,-97.0372,1548,218,12.012273901808786,0.1408268733850129,14.08,0.1435746887128811,14.36,10.490647872052046,12.012273901808786,3.152827795750337,11.71,2,-1.2248909526990992,0.1131796138771179
OGG-SFO,OGG,Kahului Airport,SFO,San Francisco International Airport,20.89865,-156.43046,37.619,-122.37484,1523,218,9.717005909389362,0.1431385423506237,14.31,0.1457862520017425,14.58,10.321225264299269,9.717005909389362,2.550395251808232,11.71,2,-1.4495300973773357,0.2867885711592303
RDU-MCO,RDU,Raleigh-Durham International Airport,MCO,Orlando International Airport,35.87764,-78.78747,28.42889,-81.31603,1025,161,9.747317073170732,0.1570731707317073,15.71,0.1596542995545139,15.97,6.946326917863919,9.747317073170732,2.5583509378400877,11.7,2,-1.339410850793119,-0.188987479598597
BUF-BOS,BUF,Buffalo Niagara International Airport,BOS,Gen. Edward Lawrence Logan International Airport,42.94052,-78.73217,42.36435,-71.00518,1356,201,8.865781710914455,0.1482300884955752,14.82,0.1508317905211731,15.08,9.189482244510708,8.865781710914455,2.326976827011668,11.69,2,-1.5036015839260664,0.20504577921060524
RSW-MSP,RSW,Southwest Florida International Airport,MSP,Minneapolis-Saint Paul International Airport,26.53617,-81.75517,44.88055,-93.21692,947,151,8.672650475184794,0.1594508975712777,15.95,0.1619972177639237,16.2,6.41772838167525,8.672650475184794,2.2762862139592634,11.67,2,-1.4466417452295455,-0.16794280244730195
SEA-MDW,SEA,Seattle-Tacoma International Airport,MDW,Chicago Midway International Airport,47.44898,-122.30931,41.78598,-87.75242,1095,170,8.815525114155252,0.1552511415525114,15.53,0.1578335456057139,15.78,7.420710219571699,8.815525114155252,2.313786119200853,11.67,2,-1.4611735903539553,-0.03693046121293254
SEA-BOI,SEA,Seattle-Tacoma International Airport,BOI,Boise Airport (Boise Air Terminal),47.44898,-122.30931,43.56444,-116.22278,1170,178,9.845299145299146,0.1521367521367521,15.21,0.1548118795266363,15.48,7.928978042830035,9.845299145299146,2.5840680171388835,11.66,2,-1.38009808535595,-0.04957267819249829
ATL-EYW,ATL,Hartsfield-Jackson Atlanta International Airport,EYW,Key West International Airport,33.64044,-84.42694,24.55611,-81.75956,1536,215,12.243489583333334,0.1399739583333333,14.0,0.1427940629577189,14.28,10.409325020330714,12.243489583333334,3.213514326334208,11.65,2,-1.225529683771926,0.0906496517191035
CAK-ORD,CAK,Akron-Canton Regional Airport,ORD,Chicago O'Hare International Airport,40.91631,-81.44247,41.9796,-87.90446,1315,193,11.166539923954373,0.1467680608365019,14.68,0.1495484713772637,14.95,8.91162916779615,11.166539923954373,2.930850373741305,11.64,2,-1.2877238758248828,-0.021618792695000406
SNA-IAH,SNA,John Wayne Airport (Orange County Airport),IAH,George Bush Intercontinental Airport,33.67566,-117.86822,29.98047,-95.33972,1576,220,10.348984771573605,0.1395939086294416,13.96,0.1423693836508521,14.24,10.68040119273516,10.348984771573605,2.7162689689169564,11.62,2,-1.43989059825059,0.2948115012430562
DCA-CLE,DCA,Ronald Reagan Washington National Airport,CLE,Cleveland Hopkins International Airport,38.85208,-77.03772,41.41089,-81.8494,1484,211,10.3955525606469,0.1421832884097035,14.22,0.144956494317442,14.5,10.056925996204932,10.3955525606469,2.7284914857340947,11.62,2,-1.4125681767948564,0.20520088073165227
MCO-MSP,MCO,Orlando International Airport,MSP,Minneapolis-Saint Paul International Airport,28.42889,-81.31603,44.88055,-93.21692,1676,231,8.91109785202864,0.1378281622911694,13.78,0.1405467832200609,14.05,11.358091623746272,8.91109785202864,2.338870827304105,11.62,2,-1.6084917869678566,0.5101779317764594
TPA-DEN,TPA,Tampa International Airport,DEN,Denver International Airport,27.97547,-82.53325,39.85841,-104.667,1721,234,9.46658919233004,0.135967460778617,13.6,0.1387210801750841,13.87,11.663052317701274,9.46658919233004,2.4846690793517165,11.61,2,-1.5683432012546576,0.504710569498916
RDU-TPA,RDU,Raleigh-Durham International Airport,TPA,Tampa International Airport,35.87764,-78.78747,27.97547,-82.53325,913,145,9.119386637458929,0.1588170865279299,15.88,0.1615114383009162,16.15,6.187313635131472,9.119386637458929,2.393539799857986,11.6,2,-1.4271817336829202,-0.22700946694502988
MSP-MSN,MSP,Minneapolis-Saint Paul International Airport,MSN,Dane County Regional Airport,44.88055,-93.21692,43.13986,-89.33751,1349,198,8.796886582653817,0.1467753891771683,14.68,0.1494900531392878,14.95,9.14204391433993,8.796886582653817,2.3088941161821044,11.6,2,-1.5510978324433788,0.2186288647234962
BIL-DEN,BIL,Billings Logan International Airport,DEN,Denver International Airport,45.80766,-108.54286,39.85841,-104.667,1206,181,9.73714759535655,0.1500829187396351,15.01,0.1528415673804197,15.28,8.172946597994036,9.73714759535655,2.5556817835581493,11.59,2,-1.4277754065175718,0.0034777038990785555
ECP-ATL,ECP,Northwest Florida Beaches International Airport,ATL,Hartsfield-Jackson Atlanta International Airport,30.35483,-85.79952,33.64044,-84.42694,2196,267,9.821493624772314,0.1215846994535519,12.16,0.1243950727346812,12.44,14.882081865004066,9.821493624772314,2.577819849021605,11.57,2,-1.677876201486616,0.9021535228666873
DFW-GGG,DFW,Dallas/Fort Worth International Airport,GGG,East Texas Regional Airport,32.89595,-97.0372,32.38486,-94.71171,674,111,9.100890207715134,0.1646884272997032,16.47,0.1674561847530079,16.75,4.567633505014909,9.100890207715134,2.3886850938884865,11.55,2,-1.4042024499595531,-0.45425634820943517
IAH-BRO,IAH,George Bush Intercontinental Airport,BRO,Brownsville/South Padre Island International Airport,29.98047,-95.33972,25.90683,-97.42586,1366,199,8.275256222547585,0.1456808199121522,14.57,0.1484386678027477,14.84,9.25725128761182,8.275256222547585,2.171983260511177,11.54,2,-1.6336710657733382,0.2878848388129234
MCO-AUS,MCO,Orlando International Airport,AUS,Austin-Bergstrom International Airport,28.42889,-81.31603,30.19453,-97.66987,1051,161,9.907706945765938,0.1531874405328258,15.32,0.1560478601206152,15.6,7.122526429926809,9.907706945765938,2.600448017261401,11.53,2,-1.4060060927443978,-0.14934010772809164
ATL-CAK,ATL,Hartsfield-Jackson Atlanta International Airport,CAK,Akron-Canton Regional Airport,33.64044,-84.42694,40.91631,-81.44247,2202,269,7.836512261580381,0.1221616712079927,12.22,0.1249396555164327,12.49,14.922743290864732,7.836512261580381,2.056827365244194,11.53,2,-1.8954674891422838,1.0834952027273865
BNA-CLE,BNA,Nashville International Airport,CLE,Cleveland Hopkins International Airport,36.12448,-86.67818,41.41089,-81.8494,869,138,8.75373993095512,0.1588032220943613,15.88,0.1616213488120001,16.16,5.889129845486582,8.75373993095512,2.297569535683759,11.51,2,-1.4935720570445792,-0.2254388810639523
SJC-OGG,SJC,Norman Y. Mineta San José International Airport,OGG,Kahului Airport,37.36186,-121.92901,20.89865,-156.43046,726,118,9.02754820936639,0.162534435261708,16.25,0.1653887251801793,16.54,4.920032529140689,9.02754820936639,2.369435225555483,11.51,2,-1.4399957530201295,-0.3887761970368668
SLC-SAN,SLC,Salt Lake City International Airport,SAN,San Diego International Airport (Lindbergh Field),40.78839,-111.97777,32.73356,-117.18966,2464,283,6.783279220779221,0.1148538961038961,11.49,0.117633029250713,11.76,16.698292220113853,6.783279220779221,1.7803882469236798,11.5,2,-2.0924535934367006,1.4040470788050483
PIT-MDW,PIT,Pittsburgh International Airport,MDW,Chicago Midway International Airport,40.49147,-80.23287,41.78598,-87.75242,1896,247,7.745253164556962,0.1302742616033755,13.03,0.1330716868731604,13.31,12.849010571970725,7.745253164556962,2.03287484634041,11.5,2,-1.8365348582665324,0.8259777065543189
MSP-ICT,MSP,Minneapolis-Saint Paul International Airport,ICT,Wichita Dwight D. Eisenhower National Airport (Wichita Mid-Continent Airport),44.88055,-93.21692,37.64996,-97.43305,693,113,9.034632034632034,0.163059163059163,16.31,0.1659660617891906,16.6,4.696394686907021,9.034632034632034,2.371294497278749,11.49,2,-1.4416492020640954,-0.41905868508515143
ELP-DAL,ELP,El Paso International Airport,DAL,Dallas Love Field,31.80667,-106.37781,32.84711,-96.85177,1373,198,8.561544064093226,0.1442097596504006,14.42,0.1470543699924155,14.71,9.304689617782596,8.561544064093226,2.247124426271188,11.49,2,-1.6323166638920068,0.27925649619516907
IAH-STL,IAH,George Bush Intercontinental Airport,STL,St. Louis International Airport at Lambert Field,29.98047,-95.33972,38.74769,-90.35999,948,148,8.643459915611814,0.1561181434599156,15.61,0.15898004484621,15.9,6.4245052859853615,8.643459915611814,2.2686246497668803,11.49,2,-1.53248673003094,-0.1336765263325671
PHX-YUM,PHX,Phoenix Sky Harbor International Airport,YUM,Yuma International Airport,33.43417,-112.00806,32.65658,-114.60597,2032,256,7.88484251968504,0.1259842519685039,12.6,0.1288044498118331,12.88,13.77066955814584,7.88484251968504,2.0695124723582783,11.48,2,-1.86857045578464,0.9377905735250318
ABE-ATL,ABE,Lehigh Valley International Airport,ATL,Hartsfield-Jackson Atlanta International Airport,40.65236,-75.4404,33.64044,-84.42694,974,150,10.155030800821356,0.1540041067761807,15.4,0.1569935633136202,15.7,6.600704798048252,10.155030800821356,2.665362414913742,11.47,2,-1.3934581936999917,-0.23433185294253342
MSP-RSW,MSP,Minneapolis-Saint Paul International Airport,RSW,Southwest Florida International Airport,44.88055,-93.21692,26.53617,-81.75517,947,147,9.44350580781415,0.1552270327349524,15.52,0.1581767784133984,15.82,6.41772838167525,9.44350580781415,2.4786104482451834,11.47,2,-1.4604514158381487,-0.1995113109041332
SJU-TPA,SJU,Luis Muñoz Marín International Airport,TPA,Tampa International Airport,18.43942,-66.00183,27.97547,-82.53325,1168,174,9.408390410958903,0.148972602739726,14.9,0.1519014881694228,15.19,7.915424234209813,9.408390410958903,2.469393808650631,11.46,2,-1.5127717127266276,0.01650096231166636
MKE-BWI,MKE,General Mitchell International Airport,BWI,Baltimore-Washington International Airport,42.94722,-87.89658,39.1754,-76.6682,946,147,8.889006342494715,0.1553911205073996,15.54,0.1583279990428567,15.83,6.41095147736514,8.889006342494715,2.3330725308385083,11.45,2,-1.523435604820534,-0.15105949129455487
MOB-IAH,MOB,Mobile Regional Airport,IAH,George Bush Intercontinental Airport,30.69142,-88.24283,29.98047,-95.33972,1603,219,9.189644416718652,0.1366188396756082,13.66,0.1395250070457006,13.95,10.86337760910816,9.189644416718652,2.411980161868412,11.45,2,-1.6422476009043658,0.4448377482967112
DTW-MKE,DTW,Detroit Metropolitan Airport,MKE,General Mitchell International Airport,42.21206,-83.34884,42.94722,-87.89658,1855,241,8.542318059299191,0.1299191374663073,12.99,0.132793394884311,13.28,12.571157495256166,8.542318059299191,2.242078230787189,11.45,2,-1.771486335483788,0.7289706246056141
DCA-JAX,DCA,Ronald Reagan Washington National Airport,JAX,Jacksonville International Airport,38.85208,-77.03772,30.49406,-81.68786,725,116,10.16,0.16,16.0,0.1631649539379735,16.32,4.913255624830577,10.16,2.666666666666667,11.42,2,-1.366721010208566,-0.46977417300003477
MAF-HOU,MAF,Midland International Airport,HOU,William P. Hobby Airport,31.94253,-102.20191,29.64542,-95.27889,1199,176,9.824020016680567,0.146788990825688,14.68,0.1498160792908607,14.98,8.125508267823259,9.824020016680567,2.578482944010648,11.41,2,-1.5030696479528662,0.02005974915258193
ELP-HOU,ELP,El Paso International Airport,HOU,William P. Hobby Airport,31.80667,-106.37781,29.64542,-95.27889,994,151,10.80281690140845,0.1519114688128772,15.19,0.1550375566716893,15.5,6.7362428842504745,10.80281690140845,2.835385013493032,11.41,2,-1.3596262685328673,-0.2600451451227282
MCO-PHX,MCO,Orlando International Airport,PHX,Phoenix Sky Harbor International Airport,28.42889,-81.31603,33.43417,-112.00806,1379,197,8.31399564902103,0.1428571428571428,14.29,0.1457816680181393,14.58,9.345351043643264,8.31399564902103,2.1821510889818976,11.41,2,-1.693726831818686,0.31744763414316596
MSP-MKE,MSP,Minneapolis-Saint Paul International Airport,MKE,General Mitchell International Airport,44.88055,-93.21692,42.94722,-87.89658,2421,276,7.172655927302768,0.1140024783147459,11.4,0.1168627873854931,11.69,16.406885334779073,7.172655927302768,1.8825868575597813,11.4,2,-2.0893260289615165,1.3467080584904092
MSY-BWI,MSY,Louis Armstrong New Orleans International Airport,BWI,Baltimore-Washington International Airport,29.99339,-90.25803,39.1754,-76.6682,862,135,9.127610208816703,0.1566125290023201,15.66,0.1596788846141664,15.97,5.841691515315803,9.127610208816703,2.395698217537193,11.4,2,-1.5056834391461806,-0.24452993862290925
CMH-LAX,CMH,Port Columbus International Airport,LAX,Los Angeles International Airport,39.99799,-82.89188,33.94254,-118.40807,638,104,9.031347962382446,0.1630094043887147,16.3,0.1661396842802549,16.61,4.323664949850908,9.031347962382446,2.370432536058385,11.4,2,-1.4716860387081223,-0.4580124547242098
MSN-MSP,MSN,Dane County Regional Airport,MSP,Minneapolis-Saint Paul International Airport,43.13986,-89.33751,44.88055,-93.21692,1412,198,10.293909348441929,0.1402266288951841,14.02,0.1432613009251508,14.33,9.568988885876932,10.293909348441929,2.701813477281346,11.4,2,-1.510075731284551,0.18220589636438975
IAD-SAN,IAD,Washington Dulles International Airport,SAN,San Diego International Airport (Lindbergh Field),38.94453,-77.45581,32.73356,-117.18966,1214,178,8.947281713344315,0.1466227347611202,14.66,0.1496279200904323,14.96,8.227161832474925,8.947281713344315,2.348367903764912,11.39,2,-1.6042012240645365,0.11262336833527155
MEM-MDW,MEM,Memphis International Airport,MDW,Chicago Midway International Airport,35.04242,-89.97667,41.78598,-87.75242,661,107,9.196671709531014,0.161875945537065,16.19,0.1650605611022708,16.51,4.479533748983465,9.196671709531014,2.413824595677432,11.39,2,-1.4659754217468977,-0.44598599110236137
TOL-ORD,TOL,Toledo Express Airport,ORD,Chicago O'Hare International Airport,41.58681,-83.80783,41.9796,-87.90446,985,150,9.951269035532995,0.1522842639593908,15.23,0.1554019235012241,15.54,6.675250745459474,9.951269035532995,2.611881636622833,11.38,2,-1.4554637412442877,-0.19242349099620698
ATL-BDL,ATL,Hartsfield-Jackson Atlanta International Airport,BDL,Bradley International Airport,33.64044,-84.42694,41.93887,-72.68323,2512,280,6.4653662420382165,0.1114649681528662,11.15,0.1143227745018484,11.43,17.023583626999187,6.4653662420382165,1.6969465202200045,11.37,2,-2.2001911973814305,1.4879635854616169
ROC-MDW,ROC,Greater Rochester International Airport,MDW,Chicago Midway International Airport,43.11887,-77.67238,41.78598,-87.75242,547,90,9.427787934186473,0.1645338208409506,16.45,0.1678687588853603,16.79,3.706966657630794,9.427787934186473,2.4744850220961867,11.37,2,-1.430543070596899,-0.5759517984455563
FCA-DEN,FCA,Glacier Park International Airport,DEN,Denver International Airport,48.3114,-114.25507,39.85841,-104.667,822,129,9.054744525547443,0.156934306569343,15.69,0.1600987928403776,16.01,5.570615342911358,9.054744525547443,2.3765733662854185,11.36,2,-1.5255933815734342,-0.2691309647606958
LAX-RDU,LAX,Los Angeles International Airport,RDU,Raleigh-Durham International Airport,33.94254,-118.40807,35.87764,-78.78747,872,136,8.553899082568808,0.1559633027522936,15.6,0.159064904319782,15.91,5.909460558416916,8.553899082568808,2.245117869440632,11.36,2,-1.5838956002860007,-0.1791242619088084
PHX-TUS,PHX,Phoenix Sky Harbor International Airport,TUS,Tucson International Airport,33.43417,-112.00806,32.11608,-110.94103,1237,180,8.859337105901375,0.1455133387227162,14.55,0.1485498032900734,14.85,8.38303063160748,8.859337105901375,2.325285329632907,11.35,2,-1.632918664631479,0.14619222696051257
ORD-BMI,ORD,Chicago O'Hare International Airport,BMI,Central Illinois Regional Airport at Bloomington-Normal,41.9796,-87.90446,40.47799,-88.91595,988,150,9.592105263157896,0.1518218623481781,15.18,0.1549734255503935,15.5,6.695581458389807,9.592105263157896,2.517612929962702,11.35,2,-1.5075613992354948,-0.15295003399033397
OMA-PHX,OMA,Eppley Airfield,PHX,Phoenix Sky Harbor International Airport,41.30252,-95.89417,33.43417,-112.00806,1332,190,8.72072072072072,0.1426426426426426,14.26,0.1456781333790699,14.57,9.02683654106804,8.72072072072072,2.288903076304651,11.34,2,-1.6748208085117384,0.2500347890808778
ATL-DAB,ATL,Hartsfield-Jackson Atlanta International Airport,DAB,Daytona Beach International Airport,33.64044,-84.42694,29.17992,-81.05806,1603,217,8.153462258265751,0.1353711790393013,13.54,0.1383506089247376,13.84,10.86337760910816,8.153462258265751,2.1400163407521653,11.34,2,-1.7963391131133046,0.5493246640583002
GTF-DEN,GTF,Great Falls International Airport,DEN,Denver International Airport,47.482,-111.37069,39.85841,-104.667,838,130,10.618138424821002,0.1551312649164677,15.51,0.1584339946682602,15.84,5.679045811873136,10.618138424821002,2.786912972393964,11.34,2,-1.377976339409924,-0.3841518211932259
SAT-ELP,SAT,San Antonio International Airport,ELP,El Paso International Airport,29.53369,-98.46978,31.80667,-106.37781,879,136,9.22184300341297,0.1547212741751991,15.47,0.1579275658823576,15.79,5.956898888587693,9.22184300341297,2.420431234491593,11.33,2,-1.53293265369367,-0.22296354612541208
MFE-DFW,MFE,McAllen-Miller International Airport (McAllen Miller International),DFW,Dallas/Fort Worth International Airport,26.17583,-98.23861,32.89595,-97.0372,1518,204,12.852437417654809,0.1343873517786561,13.44,0.1375841081574957,13.76,10.287340742748713,12.852437417654809,3.373343154240107,11.33,2,-1.3072791805129955,0.06968912094611661
PHX-PIT,PHX,Phoenix Sky Harbor International Airport,PIT,Pittsburgh International Airport,33.43417,-112.00806,40.49147,-80.23287,1062,160,7.901129943502825,0.1506591337099811,15.07,0.1537100576581997,15.37,7.197072377338031,7.901129943502825,2.0737873867461487,11.33,2,-1.7010249329893476,0.06461261689431087
TUS-DFW,TUS,Tucson International Airport,DFW,Dallas/Fort Worth International Airport,32.11608,-110.94103,32.89595,-97.0372,2339,265,9.56605386917486,0.1132962804617357,11.33,0.1162817084866044,11.63,15.85117918134996,9.56605386917486,2.5107752937466823,11.32,2,-1.8638847580780316,1.0799222550842886
MOT-MSP,MOT,Minot International Airport,MSP,Minneapolis-Saint Paul International Airport,48.25938,-101.28033,44.88055,-93.21692,923,141,10.170097508125677,0.1527627302275189,15.28,0.1560225679362934,15.6,6.255082678232584,10.170097508125677,2.669316931266582,11.32,2,-1.4478640151908735,-0.2610136866663416
IND-TPA,IND,Indianapolis International Airport,TPA,Tampa International Airport,39.71733,-86.29438,27.97547,-82.53325,953,145,9.775445960125918,0.1521511017838405,15.22,0.1553761509960381,15.54,6.458389807535918,9.775445960125918,2.565733847802078,11.32,2,-1.4943068868655212,-0.19815472066990458
SMF-LGB,SMF,Sacramento International Airport,LGB,Long Beach Airport (Daugherty Field),38.69542,-121.59077,33.81772,-118.15161,717,114,9.13668061366806,0.1589958158995816,15.9,0.1623146719691899,16.23,4.859040390349689,9.13668061366806,2.398078901225213,11.31,2,-1.5170542315153905,-0.3723516251898392
TUS-IAH,TUS,Tucson International Airport,IAH,George Bush Intercontinental Airport,32.11608,-110.94103,29.98047,-95.33972,1246,178,10.892455858747994,0.1428571428571428,14.29,0.1460706441298871,14.61,8.444022770398481,10.892455858747994,2.858912298883988,11.31,2,-1.452259214657986,-0.010667234284820302
SAN-IAD,SAN,San Diego International Airport (Lindbergh Field),IAD,Washington Dulles International Airport,32.73356,-117.18966,38.94453,-77.45581,1232,178,9.36525974025974,0.1444805194805195,14.45,0.1476059211702914,14.76,8.349146110056926,9.36525974025974,2.458073422640352,11.31,2,-1.6003303298385652,0.10518254804558495
SEA-FAI,SEA,Seattle-Tacoma International Airport,FAI,Fairbanks International Airport,47.44898,-122.30931,64.81368,-147.85967,1427,201,6.716888577435179,0.1408549404344779,14.09,0.1438186555329588,14.38,9.670642450528598,6.716888577435179,1.7629628812165823,11.31,2,-1.911389384632118,0.5142783821346621
SEA-DTW,SEA,Seattle-Tacoma International Airport,DTW,Detroit Metropolitan Airport,47.44898,-122.30931,42.21206,-83.34884,2069,254,6.36587723537941,0.1227646205896568,12.28,0.1256851484549692,12.57,14.021415017619953,6.36587723537941,1.6708339200470892,11.3,2,-2.1161094152364175,1.1260431262317319
MIA-EYW,MIA,Miami International Airport,EYW,Key West International Airport,25.79325,-80.29056,24.55611,-81.75956,562,91,10.199288256227758,0.1619217081850534,16.19,0.1655756601190757,16.56,3.808620222282461,10.199288256227758,2.6769785449416688,11.29,2,-1.3930366948678397,-0.6106414771604313
BDL-ATL,BDL,Bradley International Airport,ATL,Hartsfield-Jackson Atlanta International Airport,41.93887,-72.68323,33.64044,-84.42694,2499,275,7.078431372549019,0.1100440176070428,11.0,0.1129707914578023,11.3,16.93548387096774,7.078431372549019,1.857856003293706,11.29,2,-2.17291160835298,1.4336308929123296
TPA-MSY,TPA,Tampa International Airport,MSY,Louis Armstrong New Orleans International Airport,27.97547,-82.53325,29.99339,-90.25803,1049,157,8.564346997140133,0.1496663489037178,14.97,0.1528381958214344,15.28,7.108972621306588,8.564346997140133,2.247860104236256,11.28,2,-1.6541481167444534,0.003843684707690301
CAK-ATL,CAK,Akron-Canton Regional Airport,ATL,Hartsfield-Jackson Atlanta International Airport,40.91631,-81.44247,33.64044,-84.42694,2194,258,8.40200546946217,0.1175934366453965,11.76,0.1205802471660105,12.06,14.868528056383845,8.40200546946217,2.205250779386396,11.28,2,-1.9549360107797134,1.0606029060928701
RNO-PHX,RNO,Reno/Tahoe International Airport,PHX,Phoenix Sky Harbor International Airport,39.49858,-119.76806,33.43417,-112.00806,1858,237,7.790635091496233,0.127556512378902,12.76,0.1305470311536405,13.05,12.5914882081865,7.790635091496233,2.044786113253604,11.28,2,-1.9229432097014494,0.8181802138226726
ATL-SLC,ATL,Hartsfield-Jackson Atlanta International Airport,SLC,Salt Lake City International Airport,33.64044,-84.42694,40.78839,-111.97777,2778,285,6.106911447084233,0.1025917926565874,10.26,0.1054937758856248,10.55,18.82624017348875,6.106911447084233,1.6028638968725022,11.28,2,-2.362500516921765,1.7500505412276606
ATL-TUL,ATL,Hartsfield-Jackson Atlanta International Airport,TUL,Tulsa International Airport,33.64044,-84.42694,36.19837,-95.88824,1649,220,7.797453001819284,0.1334141904184354,13.34,0.1364271509427262,13.64,11.175115207373272,7.797453001819284,2.046575591028684,11.28,2,-1.869371957583805,0.6298346227794558
PNS-ATL,PNS,Pensacola International Airport (Pensacola Gulf Coast Regional Airport),ATL,Hartsfield-Jackson Atlanta International Airport,30.47331,-87.18744,33.64044,-84.42694,2457,271,7.807081807081807,0.1102971102971103,11.03,0.1132620598352867,11.33,16.650853889943072,7.807081807081807,2.049102836504411,11.27,2,-2.0982911686924512,1.3381377753142238
MSP-XNA,MSP,Minneapolis-Saint Paul International Airport,XNA,Northwest Arkansas Regional Airport,44.88055,-93.21692,36.28187,-94.30681,509,83,10.049115913555992,0.1630648330058939,16.31,0.1668490755317375,16.68,3.449444293846571,10.049115913555992,2.63756323190446,11.27,2,-1.4083171650032396,-0.6468740972130944
MIA-CVG,MIA,Miami International Airport,CVG,Cincinnati/Northern Kentucky International Airport,25.79325,-80.29056,39.04614,-84.66217,644,103,9.066770186335404,0.1599378881987577,15.99,0.1634557620951991,16.35,4.364326375711575,9.066770186335404,2.379729707699581,11.26,2,-1.5360005659360838,-0.427846540988882
TPA-MKE,TPA,Tampa International Airport,MKE,General Mitchell International Airport,27.97547,-82.53325,42.94722,-87.89658,647,103,10.157650695517775,0.1591962905718701,15.92,0.1627993132514432,16.28,4.384657088641909,10.157650695517775,2.6660500513170016,11.26,2,-1.424023188595282,-0.5188478613943013
VPS-ATL,VPS,Destin-Fort Walton Beach Airport/Eglin AFB,ATL,Hartsfield-Jackson Atlanta International Airport,30.48325,-86.5254,33.64044,-84.42694,2398,264,10.331943286071729,0.110091743119266,11.01,0.1131349427537342,11.31,16.251016535646517,10.331943286071729,2.711796138076569,11.26,2,-1.8331994996911722,1.0711342821363976
PIT-DFW,PIT,Pittsburgh International Airport,DFW,Dallas/Fort Worth International Airport,40.49147,-80.23287,32.89595,-97.0372,1505,202,11.3109634551495,0.13421926910299,13.42,0.1374523906534754,13.75,10.199240986717268,11.3109634551495,2.9687568123751973,11.25,2,-1.499341269179662,0.20383675813092259
IND-RSW,IND,Indianapolis International Airport,RSW,Southwest Florida International Airport,39.71733,-86.29438,26.53617,-81.75517,774,120,10.770025839793282,0.1550387596899224,15.5,0.1585939210512907,15.86,5.245323936026023,10.770025839793282,2.8267784356412813,11.25,2,-1.3920020265066553,-0.44335551788308686
SLC-OKC,SLC,Salt Lake City International Airport,OKC,Will Rogers World Airport,40.78839,-111.97777,35.39309,-97.60073,659,105,8.946889226100152,0.1593323216995447,15.93,0.1628604571789567,16.29,4.465979940363242,8.946889226100152,2.348264888740198,11.24,2,-1.558231963028123,-0.4004004604861337
LAX-DCA,LAX,Los Angeles International Airport,DCA,Ronald Reagan Washington National Airport,33.94254,-118.40807,38.85208,-77.03772,1081,160,8.586493987049028,0.1480111008325624,14.8,0.1512371608796174,15.12,7.325833559230144,8.586493987049028,2.25367296248006,11.24,2,-1.6777000004803098,0.039645697594619
IND-PHX,IND,Indianapolis International Airport,PHX,Phoenix Sky Harbor International Airport,39.71733,-86.29438,33.43417,-112.00806,1388,193,8.688760806916427,0.1390489913544668,13.9,0.1422117520153415,14.22,9.406343182434265,8.688760806916427,2.2805146474846265,11.23,2,-1.7433766826076016,0.3231674935186939
MCI-DTW,MCI,Kansas City International Airport,DTW,Detroit Metropolitan Airport,39.29761,-94.71391,42.21206,-83.34884,1530,205,10.345098039215689,0.1339869281045751,13.4,0.1371847159502013,13.72,10.368663594470046,10.345098039215689,2.715248829190469,11.23,2,-1.6087935222189063,0.31089201118096116
SIT-JNU,SIT,Sitka Rocky Gutierrez Airport,JNU,Juneau International Airport,57.04714,-135.3616,58.35496,-134.57628,711,112,9.38396624472574,0.1575246132208157,15.75,0.1610494290984317,16.1,4.818378964489021,9.38396624472574,2.4629832663322158,11.23,2,-1.5269717128004556,-0.38524667240783406
IAH-HOB,IAH,George Bush Intercontinental Airport,HOB,Lea County Regional Airport,29.98047,-95.33972,32.68753,-103.21703,592,95,9.53716216216216,0.1604729729729729,16.05,0.1641778713855898,16.42,4.011927351585796,9.53716216216216,2.503192168546499,11.23,2,-1.4916059679797167,-0.5145131958304695
CRP-HOU,CRP,Corpus Christi International Airport,HOU,William P. Hobby Airport,27.77036,-97.50122,29.64542,-95.27889,1348,187,10.45919881305638,0.1387240356083086,13.87,0.1419966070433896,14.2,9.135267010029818,10.45919881305638,2.745196538859942,11.22,2,-1.5607653996386666,0.13614985256057935
LGB-PDX,LGB,Long Beach Airport (Daugherty Field),PDX,Portland International Airport,33.81772,-118.15161,45.58872,-122.5975,810,125,9.753086419753089,0.1543209876543209,15.43,0.1578143813173935,15.78,5.4892924911900245,9.753086419753089,2.559865202034931,11.22,2,-1.5135230998869649,-0.3177881962010341
BOS-SLC,BOS,Gen. Edward Lawrence Logan International Airport,SLC,Salt Lake City International Airport,42.36435,-71.00518,40.78839,-111.97777,619,99,8.739903069466882,0.159935379644588,15.99,0.1635759207215968,16.36,4.194903767958796,8.739903069466882,2.293937813508368,11.21,2,-1.586766252189014,-0.41614735422745036
FLL-CLT,FLL,Fort Lauderdale-Hollywood International Airport,CLT,Charlotte Douglas International Airport,26.07258,-80.15275,35.21401,-80.94313,2630,277,6.4319391634980985,0.1053231939163498,10.53,0.1082824494501202,10.83,17.8232583355923,6.4319391634980985,1.6881730087921518,11.21,2,-2.3173286145633387,1.6089505289751644
CLT-SLC,CLT,Charlotte Douglas International Airport,SLC,Salt Lake City International Airport,35.21401,-80.94313,40.78839,-111.97777,670,106,9.201492537313433,0.1582089552238806,15.82,0.1618325805179586,16.18,4.540525887774464,9.201492537313433,2.4150899048066754,11.21,2,-1.549880410564325,-0.4046138872572289
CLE-DCA,CLE,Cleveland Hopkins International Airport,DCA,Ronald Reagan Washington National Airport,41.41089,-81.8494,38.85208,-77.03772,1489,202,9.23438549361988,0.1356615177971793,13.57,0.1388364298293443,13.88,10.09081051775549,9.23438549361988,2.423723226671884,11.21,2,-1.717812513699094,0.37049866195974784
BMI-ORD,BMI,Central Illinois Regional Airport at Bloomington-Normal,ORD,Chicago O'Hare International Airport,40.47799,-88.91595,41.9796,-87.90446,984,146,11.016260162601624,0.1483739837398374,14.84,0.151855246308882,15.19,6.668473841149362,11.016260162601624,2.891406866824574,11.21,2,-1.4260663319383458,-0.25526443180822567
LNK-DEN,LNK,Lincoln Airport (Lincoln Municipal),DEN,Denver International Airport,40.85097,-96.75925,39.85841,-104.667,828,127,9.86231884057971,0.1533816425120772,15.34,0.156908498921151,15.69,5.611276768772025,9.86231884057971,2.588535128761079,11.21,2,-1.5134448374145897,-0.30604065303017736
SAN-PHL,SAN,San Diego International Airport (Lindbergh Field),PHL,Philadelphia International Airport,32.73356,-117.18966,39.87195,-75.24114,830,128,8.63855421686747,0.1542168674698795,15.42,0.1576463301062668,15.76,5.624830577392247,8.63855421686747,2.267337064794612,11.2,2,-1.638928400185261,-0.20020910822588212
MHK-DFW,MHK,Manhattan Regional Airport,DFW,Dallas/Fort Worth International Airport,39.14097,-96.67083,32.89595,-97.0372,1033,152,10.478218780251694,0.1471442400774443,14.71,0.1505834836706338,15.06,7.000542152344809,10.478218780251694,2.7501886562340405,11.2,2,-1.4973846731563591,-0.15942586736844377
BOI-SEA,BOI,Boise Airport (Boise Air Terminal),SEA,Seattle-Tacoma International Airport,43.56444,-116.22278,47.44898,-122.30931,1178,168,10.913412563667231,0.1426146010186757,14.26,0.1460180649443099,14.6,7.9831932773109235,10.913412563667231,2.8644127463693527,11.19,2,-1.4900121587375639,-0.05707856316163745
RIC-CLT,RIC,Richmond International Airport,CLT,Charlotte Douglas International Airport,37.50517,-77.31967,35.21401,-80.94313,1466,200,8.42155525238745,0.1364256480218281,13.64,0.1395983952738366,13.96,9.934941718622934,8.42155525238745,2.2103819560072044,11.19,2,-1.805096937603915,0.4231009385591607
RDU-BNA,RDU,Raleigh-Durham International Airport,BNA,Nashville International Airport,35.87764,-78.78747,36.12448,-86.67818,1070,157,8.904672897196262,0.1467289719626168,14.67,0.1500949461528445,15.01,7.251287611818921,8.904672897196262,2.337184487453087,11.17,2,-1.676654868855112,0.0143467550035778
ORD-TOL,ORD,Chicago O'Hare International Airport,TOL,Toledo Express Airport,41.9796,-87.90446,41.58681,-83.80783,989,147,9.316481294236604,0.1486349848331648,14.86,0.1520762966013114,15.21,6.702358362699918,9.316481294236604,2.445270680901995,11.17,2,-1.6187781083686432,-0.09772075171137601
GRR-MSP,GRR,Gerald R. Ford International Airport,MSP,Minneapolis-Saint Paul International Airport,42.88082,-85.52277,44.88055,-93.21692,1174,168,9.924190800681432,0.1431005110732538,14.31,0.1464765204072434,14.65,7.956085660070481,9.924190800681432,2.6047744883678297,11.17,2,-1.5965878117380001,0.025936735863169837
DFW-RIC,DFW,Dallas/Fort Worth International Airport,RIC,Richmond International Airport,32.89595,-97.0372,37.50517,-77.31967,869,131,10.736478711162256,0.1507479861910241,15.07,0.1543974066035378,15.44,5.889129845486582,10.736478711162256,2.817973415003217,11.16,2,-1.4558118594568041,-0.3321414465791145
BHM-HOU,BHM,Birmingham-Shuttlesworth International Airport,HOU,William P. Hobby Airport,33.56294,-86.75355,29.64542,-95.27889,656,103,10.140243902439025,0.1570121951219512,15.7,0.1608612261889261,16.09,4.4456492274329085,10.140243902439025,2.661481339222841,11.16,2,-1.4735332455426757,-0.4901559410838015
MCO-HOU,MCO,Orlando International Airport,HOU,William P. Hobby Airport,28.42889,-81.31603,29.64542,-95.27889,1526,205,8.33551769331586,0.1343381389252949,13.43,0.1375221937262165,13.75,10.341555977229602,8.33551769331586,2.187799919505475,11.16,2,-1.841116823607745,0.48963214901364727
ATL-LIT,ATL,Hartsfield-Jackson Atlanta International Airport,LIT,Bill and Hillary Clinton National Airport (Adams Field),33.64044,-84.42694,34.7294,-92.22425,2146,252,6.973904939422181,0.1174277726001863,11.74,0.1204857911838059,12.05,14.543236649498509,6.973904939422181,1.8304212439428296,11.14,2,-2.1514527740491944,1.1617676837950384
JAN-ATL,JAN,Jackson-Evers International Airport,ATL,Hartsfield-Jackson Atlanta International Airport,32.31117,-90.07589,33.64044,-84.42694,2484,266,8.373590982286634,0.107085346215781,10.71,0.1101436095196703,11.01,16.833830306316074,8.373590982286634,2.197792908736649,11.14,2,-2.1083504345978525,1.3262846201826706
CLE-IAH,CLE,Cleveland Hopkins International Airport,IAH,George Bush Intercontinental Airport,41.41089,-81.8494,29.98047,-95.33972,1261,178,8.535289452815226,0.141157811260904,14.12,0.1444607545913505,14.45,8.54567633505015,8.535289452815226,2.240233452182474,11.14,2,-1.7682638297104432,0.23018901818176993
ORF-ATL,ORF,Norfolk International Airport,ATL,Hartsfield-Jackson Atlanta International Airport,36.89461,-76.20122,33.64044,-84.42694,2901,275,8.761806273698724,0.0947948983109272,9.48,0.0978377497496928,9.78,19.659799403632423,8.761806273698724,2.299686686010164,11.13,2,-2.2092257121035517,1.6345516030149532
PHX-GJT,PHX,Phoenix Sky Harbor International Airport,GJT,Grand Junction Regional Airport (Walker Field),33.43417,-112.00806,39.12241,-108.52673,1077,157,8.856081708449397,0.1457753017641597,14.58,0.1492022829216891,14.92,7.298725941989699,8.856081708449397,2.3244308946061407,11.13,2,-1.7021336519798946,0.03216091031084754
PDX-SAN,PDX,Portland International Airport,SAN,San Diego International Airport (Lindbergh Field),45.58872,-122.5975,32.73356,-117.18966,1808,228,7.863384955752212,0.1261061946902655,12.61,0.1292510938148994,12.93,12.252642992680943,7.863384955752212,2.063880565814229,11.13,2,-1.9751268939488045,0.7898689194992078
BOS-BNA,BOS,Gen. Edward Lawrence Logan International Airport,BNA,Nashville International Airport,42.36435,-71.00518,36.12448,-86.67818,676,105,10.655325443786982,0.1553254437869822,15.53,0.1592926378850878,15.93,4.581187313635131,10.655325443786982,2.7966733448259795,11.12,2,-1.4440695543849844,-0.5065588337760484
OAK-OGG,OAK,Oakland International Airport,OGG,Kahului Airport,37.72129,-122.22072,20.89865,-156.43046,726,113,8.508264462809917,0.1556473829201101,15.56,0.1593354564150461,15.93,4.920032529140689,8.508264462809917,2.2331402789527344,11.12,2,-1.6687843073167645,-0.2764396599143635
DTW-ABE,DTW,Detroit Metropolitan Airport,ABE,Lehigh Valley International Airport,42.21206,-83.34884,40.65236,-75.4404,761,117,9.68856767411301,0.1537450722733245,15.37,0.1575041660845855,15.75,5.157224179994579,9.68856767411301,2.5429311480611574,11.12,2,-1.5577695956024424,-0.3414927690553501
EVV-DTW,EVV,Evansville Regional Airport,DTW,Detroit Metropolitan Airport,38.03799,-87.53063,42.21206,-83.34884,841,126,11.948870392390011,0.149821640903686,14.98,0.1536780945789884,15.37,5.69937652480347,11.948870392390011,3.1361864546955407,11.12,2,-1.3471569386744315,-0.45471500282043376
LBB-IAH,LBB,Lubbock Preston Smith International Airport,IAH,George Bush Intercontinental Airport,33.66364,-101.82278,29.98047,-95.33972,1141,162,11.461875547765118,0.1419807186678352,14.2,0.1455367340844707,14.55,7.732447817836813,11.461875547765118,3.008366285502656,11.11,2,-1.4597848989325115,-0.12786823032621428
SEA-MCI,SEA,Seattle-Tacoma International Airport,MCI,Kansas City International Airport,47.44898,-122.30931,39.29761,-94.71391,518,83,8.91891891891892,0.1602316602316602,16.02,0.1644192346259355,16.44,3.510436432637571,8.91891891891892,2.3409236007661205,11.09,2,-1.60484999982903,-0.5097266444214675
SAN-MDW,SAN,San Diego International Airport (Lindbergh Field),MDW,Chicago Midway International Airport,32.73356,-117.18966,41.78598,-87.75242,1273,179,7.329143754909662,0.1406127258444619,14.06,0.1439265018199768,14.39,8.626999186771483,7.329143754909662,1.9236597781915123,11.08,2,-1.9205211292257203,0.3544935290468329
DCA-MCI,DCA,Ronald Reagan Washington National Airport,MCI,Kansas City International Airport,38.85208,-77.03772,39.29761,-94.71391,712,110,9.075842696629213,0.1544943820224719,15.45,0.1583880381758967,15.84,4.825155868799133,9.075842696629213,2.382110943997169,11.07,2,-1.6338378742808195,-0.32804493622103376
GRI-DFW,GRI,Central Nebraska Regional Airport,DFW,Dallas/Fort Worth International Airport,40.96747,-98.30861,32.89595,-97.0372,662,102,11.358006042296072,0.1540785498489426,15.41,0.1582822664026616,15.83,4.486310653293576,11.358006042296072,2.981103948109205,11.07,2,-1.3955605140670049,-0.5694015279616135
SEA-SNA,SEA,Seattle-Tacoma International Airport,SNA,John Wayne Airport (Orange County Airport),47.44898,-122.30931,33.67566,-117.86822,3053,281,5.121519816573862,0.0920406157877497,9.2,0.095024131620307,9.5,20.689888858769315,5.121519816573862,1.3442309229852656,11.07,2,-2.649664727380806,2.07839627650053
ELP-LAS,ELP,El Paso International Airport,LAS,McCarran International Airport,31.80667,-106.37781,36.08036,-115.15233,712,110,8.785112359550562,0.1544943820224719,15.45,0.1583880381758967,15.84,4.825155868799133,8.785112359550562,2.3058037689109088,11.06,2,-1.6681270478426664,-0.3013657989107714
STL-BNA,STL,St. Louis International Airport at Lambert Field,BNA,Nashville International Airport,38.74769,-90.35999,36.12448,-86.67818,676,105,9.131656804733728,0.1553254437869822,15.53,0.1592926378850878,15.93,4.581187313635131,9.131656804733728,2.3967603162030784,11.06,2,-1.624669077728162,-0.36704932156776204
BOS-CLE,BOS,Gen. Edward Lawrence Logan International Airport,CLE,Cleveland Hopkins International Airport,42.36435,-71.00518,41.41089,-81.8494,2009,238,8.90741662518666,0.1184668989547038,11.85,0.1216742944517914,12.17,13.61480075901328,8.90741662518666,2.337904626033244,11.06,2,-1.9581435618447216,0.8871760401449628
OAK-MDW,OAK,Oakland International Airport,MDW,Chicago Midway International Airport,37.72129,-122.22072,41.78598,-87.75242,1096,159,7.527372262773722,0.1450729927007299,14.51,0.1485042533435017,14.85,7.427487123881811,7.527372262773722,1.9756882579458588,11.06,2,-1.8690764183451196,0.17312382579012062
PHX-MRY,PHX,Phoenix Sky Harbor International Airport,MRY,Monterey Regional Airport (Monterey Peninsula Airport),33.43417,-112.00806,36.58698,-121.84295,668,104,8.775449101796408,0.155688622754491,15.57,0.1596498528630574,15.96,4.526972079154242,8.775449101796408,2.3032674807864586,11.05,2,-1.6625203959793406,-0.3436629361174144
IND-MCI,IND,Indianapolis International Airport,MCI,Kansas City International Airport,39.71733,-86.29438,39.29761,-94.71391,669,104,8.41255605381166,0.1554559043348281,15.55,0.1594422457722082,15.94,4.533748983464354,8.41255605381166,2.208019961630357,11.03,2,-1.709684984074953,-0.30757263630957526
DTW-STL,DTW,Detroit Metropolitan Airport,STL,St. Louis International Airport at Lambert Field,42.21206,-83.34884,38.74769,-90.35999,1478,197,8.493910690121787,0.1332882273342354,13.33,0.1366356698344918,13.66,10.016264570344267,8.493910690121787,2.2293728845464007,11.03,2,-1.8725484197390148,0.45113260273328454
MOT-DEN,MOT,Minot International Airport,DEN,Denver International Airport,48.25938,-101.28033,39.85841,-104.667,1114,156,13.186714542190304,0.1400359066427289,14.0,0.1438312084010116,14.38,7.549471401463811,13.186714542190304,3.4610799323334134,11.03,2,-1.3175153502762373,-0.28680645639592833
CLT-ORF,CLT,Charlotte Douglas International Airport,ORF,Norfolk International Airport,35.21401,-80.94313,36.89461,-76.20122,707,109,8.826025459688825,0.1541725601131541,15.42,0.1581302193294029,15.81,4.791271347248577,8.826025459688825,2.316542115403891,11.03,2,-1.6744146338563795,-0.30586192285676334
DTW-FWA,DTW,Detroit Metropolitan Airport,FWA,Fort Wayne International Airport,42.21206,-83.34884,40.97847,-85.19515,1081,154,10.48936170212766,0.1424606845513413,14.25,0.1461567205747909,14.62,7.325833559230144,10.48936170212766,2.753113307645055,11.02,2,-1.5890150019094205,-0.08506666974162294
DTW-PWM,DTW,Detroit Metropolitan Airport,PWM,Portland International Jetport,42.21206,-83.34884,43.64617,-70.30875,551,86,11.304900181488204,0.1560798548094374,15.61,0.1606929139766945,16.07,3.734074274871239,11.304900181488204,2.967165401965408,11.02,2,-1.4034691463851559,-0.6646997928326602
MCI-STL,MCI,Kansas City International Airport,STL,St. Louis International Airport at Lambert Field,39.29761,-94.71391,38.74769,-90.35999,1314,181,7.985540334855403,0.1377473363774733,13.77,0.1411676711448572,14.12,8.904852263486038,7.985540334855403,2.095942345106405,11.01,2,-1.8958774318179201,0.3475067735128856
MSP-MOT,MSP,Minneapolis-Saint Paul International Airport,MOT,Minot International Airport,44.88055,-93.21692,48.25938,-101.28033,915,136,8.195628415300547,0.1486338797814207,14.86,0.1523261940875154,15.23,6.200867443751694,8.195628415300547,2.1510835735696974,11.01,2,-1.7879201867728471,-0.047337517658086574
CHS-ATL,CHS,Charleston International Airport/Charleston AFB,ATL,Hartsfield-Jackson Atlanta International Airport,32.89865,-80.04051,33.64044,-84.42694,3488,272,5.773509174311927,0.0779816513761468,7.8,0.0809952862315574,8.1,23.637842233667666,5.773509174311927,1.5153567386645477,11.0,2,-2.775181520013247,2.362187438869542
HRL-HOU,HRL,Valley International Airport,HOU,William P. Hobby Airport,26.22851,-97.65439,29.64542,-95.27889,1670,213,8.136526946107784,0.1275449101796407,12.75,0.1308537214682645,13.09,11.317430197885606,8.136526946107784,2.135571376931177,11.0,2,-1.971642601516999,0.6612537375362054
PIT-CLT,PIT,Pittsburgh International Airport,CLT,Charlotte Douglas International Airport,40.49147,-80.23287,35.21401,-80.94313,2620,267,6.319847328244275,0.1019083969465648,10.19,0.1050040761025103,10.5,17.755489292491188,6.319847328244275,1.658752579591673,10.99,2,-2.4296975978864204,1.6363564054204391
DTW-SAN,DTW,Detroit Metropolitan Airport,SAN,San Diego International Airport (Lindbergh Field),42.21206,-83.34884,32.73356,-117.18966,761,116,7.969776609724048,0.152431011826544,15.24,0.1563427258987551,15.63,5.157224179994579,7.969776609724048,2.0918048844420074,10.98,2,-1.79387001171499,-0.17175305459632684
JAX-BWI,JAX,Jacksonville International Airport,BWI,Baltimore-Washington International Airport,30.49406,-81.68786,39.1754,-76.6682,1178,165,9.005942275042445,0.1400679117147708,14.01,0.1436706471039343,14.37,7.9831932773109235,9.005942275042445,2.3637643766515604,10.97,2,-1.780148120414187,0.1394110049762556
DTW-OMA,DTW,Detroit Metropolitan Airport,OMA,Eppley Airfield,42.21206,-83.34884,41.30252,-95.89417,719,109,10.279554937413074,0.1515994436717663,15.16,0.1558132930388622,15.58,4.87259419896991,10.279554937413074,2.698045915331516,10.97,2,-1.5584759618778679,-0.4059960207088152
MSP-RAP,MSP,Minneapolis-Saint Paul International Airport,RAP,Rapid City Regional Airport,44.88055,-93.21692,44.04532,-103.05737,1392,187,8.851293103448276,0.1343390804597701,13.43,0.1378090395434505,13.78,9.43345079967471,8.851293103448276,2.3231740428998098,10.97,2,-1.8442507222048825,0.3511536666455721
PIT-DEN,PIT,Pittsburgh International Airport,DEN,Denver International Airport,40.49147,-80.23287,39.85841,-104.667,1089,155,9.390266299357208,0.1423324150596878,14.23,0.1460143708989303,14.6,7.380048793711033,9.390266299357208,2.46463682397827,10.97,2,-1.7212846608299304,0.02268758368892063
ABQ-SAN,ABQ,Albuquerque International Sunport,SAN,San Diego International Airport (Lindbergh Field),35.04022,-106.60919,32.73356,-117.18966,668,103,8.68562874251497,0.154191616766467,15.42,0.1583477695297241,15.83,4.526972079154242,8.68562874251497,2.2796925833372623,10.97,2,-1.7087220352781405,-0.3212456083355164
SAT-PHX,SAT,San Antonio International Airport,PHX,Phoenix Sky Harbor International Airport,29.53369,-98.46978,33.43417,-112.00806,1614,209,6.646220570012392,0.1294919454770756,12.95,0.1327952666270876,13.28,10.93792355651938,6.646220570012392,1.7444148477722812,10.96,2,-2.1244096640190167,0.7438950976645073
MSP-FLL,MSP,Minneapolis-Saint Paul International Airport,FLL,Fort Lauderdale-Hollywood International Airport,44.88055,-93.21692,26.07258,-80.15275,632,98,8.447784810126583,0.1550632911392405,15.51,0.1593047636596012,15.93,4.283003523990241,8.447784810126583,2.217266354363933,10.96,2,-1.7311726533739098,-0.33423890491496744
RNO-DEN,RNO,Reno/Tahoe International Airport,DEN,Denver International Airport,39.49858,-119.76806,39.85841,-104.667,1474,195,7.98168249660787,0.1322930800542741,13.23,0.1357122534935375,13.57,9.989156953103825,7.98168249660787,2.094929789135924,10.95,2,-1.9604607312795732,0.5037457491968865
TPA-PVD,TPA,Tampa International Airport,PVD,Theodore Francis Green State Airport,27.97547,-82.53325,41.724,-71.42822,726,110,9.632231404958675,0.1515151515151515,15.15,0.1557034951559662,15.57,4.920032529140689,9.632231404958675,2.528144725710938,10.95,2,-1.6341025946076526,-0.3408524222076676
SCC-BRW,SCC,Deadhorse Airport (Prudhoe Bay Airport),BRW,Wiley Post-Will Rogers Memorial Airport,70.19476,-148.46516,71.28545,-156.766,697,106,8.962697274031564,0.152080344332855,15.21,0.1563501718931344,15.64,4.723502304147465,8.962697274031564,2.3524139826854498,10.92,2,-1.7112693890013593,-0.30609218167400054
OKC-PHX,OKC,Will Rogers World Airport,PHX,Phoenix Sky Harbor International Airport,35.39309,-97.60073,33.43417,-112.00806,714,108,9.663865546218489,0.1512605042016806,15.13,0.1555418759199363,15.55,4.838709677419355,9.663865546218489,2.536447649926112,10.92,2,-1.6418992759543491,-0.35013241473295953
BDL-MDW,BDL,Bradley International Airport,MDW,Chicago Midway International Airport,41.93887,-72.68323,41.78598,-87.75242,940,137,8.917021276595746,0.1457446808510638,14.57,0.1496260451911809,14.96,6.3702900515044725,8.917021276595746,2.3404255319148937,10.92,2,-1.762032204198999,-0.06905756736312077
DCA-SFO,DCA,Ronald Reagan Washington National Airport,SFO,San Francisco International Airport,38.85208,-77.03772,37.619,-122.37484,719,108,10.49095966620306,0.1502086230876217,15.02,0.1545922918178609,15.46,4.87259419896991,10.49095966620306,2.753532720788204,10.91,2,-1.5661900783662754,-0.4121765367772327
HSV-IAH,HSV,Huntsville International Airport,IAH,George Bush Intercontinental Airport,34.64045,-86.77311,29.98047,-95.33972,956,137,11.179916317991632,0.1433054393305439,14.33,0.1473589839004054,14.74,6.478720520466251,11.179916317991632,2.9343612383180133,10.9,2,-1.5458314419060473,-0.24338193969052355
DTW-PVD,DTW,Detroit Metropolitan Airport,PVD,Theodore Francis Green State Airport,42.21206,-83.34884,41.724,-71.42822,866,127,9.827944572748269,0.1466512702078521,14.67,0.1507361149056192,15.07,5.868799132556248,9.827944572748269,2.5795130112200177,10.9,2,-1.6648999556789406,-0.21352405748611425
DTW-RDU,DTW,Detroit Metropolitan Airport,RDU,Raleigh-Durham International Airport,42.21206,-83.34884,35.87764,-78.78747,1022,145,10.78962818003914,0.1418786692759295,14.19,0.1458209331540357,14.58,6.925996204933586,10.78962818003914,2.83192340683442,10.9,2,-1.5978151693339948,-0.14836177336210532
FLL-CVG,FLL,Fort Lauderdale-Hollywood International Airport,CVG,Cincinnati/Northern Kentucky International Airport,26.07258,-80.15275,39.04614,-84.66217,515,80,10.118446601941748,0.1553398058252427,15.53,0.1603432308924035,16.03,3.490105719707238,10.118446601941748,2.6557602629768366,10.89,2,-1.5773354740870686,-0.5748983798139959
IAH-AMA,IAH,George Bush Intercontinental Airport,AMA,Rick Husband Amarillo International Airport,29.98047,-95.33972,35.21937,-101.70593,964,140,7.796680497925311,0.1452282157676348,14.52,0.1490705704876204,14.91,6.5329357549471405,7.796680497925311,2.046372834101131,10.89,2,-1.894941766420337,0.05493532389861837
DTW-GRB,DTW,Detroit Metropolitan Airport,GRB,Green Bay-Austin Straubel International Airport,42.21206,-83.34884,44.48507,-88.12959,732,109,11.05464480874317,0.1489071038251366,14.89,0.1533787103351299,15.34,4.960693955001355,11.05464480874317,2.901481577097945,10.88,2,-1.524993934087718,-0.44239934593861163
OKC-LAS,OKC,Will Rogers World Airport,LAS,McCarran International Airport,35.39309,-97.60073,36.08036,-115.15233,723,109,8.636237897648686,0.1507607192254495,15.08,0.1550559987835092,15.51,4.899701816210355,8.636237897648686,2.2667291069944056,10.87,2,-1.7703769653570378,-0.2452920231198399
RAP-MSP,RAP,Rapid City Regional Airport,MSP,Minneapolis-Saint Paul International Airport,44.04532,-103.05737,44.88055,-93.21692,1396,184,9.580229226361032,0.1318051575931232,13.18,0.1354352185821043,13.54,9.460558416915154,9.580229226361032,2.514495859937279,10.87,2,-1.8202628216413954,0.3091984061124206
CHA-DTW,CHA,Chattanooga Metropolitan Airport (Lovell Field),DTW,Detroit Metropolitan Airport,35.03527,-85.20379,42.21206,-83.34884,516,80,9.73062015503876,0.1550387596899224,15.5,0.160082933439656,16.01,3.4968826240173487,9.73062015503876,2.553968544629596,10.86,2,-1.6293890682986998,-0.5362471300636468
DAY-BWI,DAY,James M. Cox Dayton International Airport,BWI,Baltimore-Washington International Airport,39.90238,-84.21938,39.1754,-76.6682,739,110,10.492557510148847,0.148849797023004,14.88,0.1532909261011062,15.33,5.008132285172134,10.492557510148847,2.7539521024012728,10.86,2,-1.5909136027012554,-0.38519776566188674
EWR-ROC,EWR,Newark Liberty International Airport,ROC,Greater Rochester International Airport,40.6925,-74.16866,43.11887,-77.67238,788,117,9.03045685279188,0.1484771573604061,14.85,0.1527151880617434,15.27,5.34020059636758,9.03045685279188,2.37019864902674,10.85,2,-1.7510032954581456,-0.2131297507355288
IAD-DTW,IAD,Washington Dulles International Airport,DTW,Detroit Metropolitan Airport,38.94453,-77.45581,42.21206,-83.34884,746,110,11.875335120643433,0.1474530831099195,14.75,0.1520225614643358,15.2,5.055570615342911,11.875335120643433,3.116885858436596,10.85,2,-1.4571370410306095,-0.49411946197345935
ATL-DAY,ATL,Hartsfield-Jackson Atlanta International Airport,DAY,James M. Cox Dayton International Airport,33.64044,-84.42694,39.90238,-84.21938,1416,186,8.568502824858758,0.1313559322033898,13.14,0.1349677354873536,13.5,9.596096503117376,8.568502824858758,2.2489508726663403,10.84,2,-1.940748014831822,0.4186090158641595
SAN-EWR,SAN,San Diego International Airport (Lindbergh Field),EWR,Newark Liberty International Airport,32.73356,-117.18966,40.6925,-74.16866,1049,148,9.19256434699714,0.1410867492850333,14.11,0.1450052976491106,14.5,7.108972621306588,9.19256434699714,2.412746547768278,10.84,2,-1.793517532416814,0.02405953447108308
BET-ANC,BET,Bethel Airport,ANC,Ted Stevens Anchorage International Airport,60.77978,-161.838,61.17432,-149.99619,964,138,9.326763485477178,0.1431535269709543,14.32,0.1471908712395001,14.72,6.5329357549471405,9.326763485477178,2.4479694187604144,10.83,2,-1.765465692338944,-0.06683529576335394
AEX-IAH,AEX,Alexandria International Airport,IAH,George Bush Intercontinental Airport,31.32737,-92.54856,29.98047,-95.33972,985,139,11.079187817258884,0.1411167512690355,14.11,0.1452636746532978,14.53,6.675250745459474,11.079187817258884,2.907923311616505,10.82,2,-1.5988118264382571,-0.19373201104976664
MSY-CLT,MSY,Louis Armstrong New Orleans International Airport,CLT,Charlotte Douglas International Airport,29.99339,-90.25803,35.21401,-80.94313,1608,203,7.859452736318408,0.1262437810945273,12.62,0.1297488799758947,12.97,10.897262130658715,7.859452736318408,2.0628484872226798,10.82,2,-2.068587172523337,0.6567368326197932
GSO-ORD,GSO,Piedmont Triad International Airport,ORD,Chicago O'Hare International Airport,36.09775,-79.9373,41.9796,-87.90446,530,81,11.090566037735847,0.1528301886792452,15.28,0.1581128365060764,15.81,3.591759284358905,11.090566037735847,2.9109097211905115,10.82,2,-1.5139788027087615,-0.6292218973027784
DEN-HYS,DEN,Denver International Airport,HYS,Hays Regional Airport,39.85841,-104.667,38.84494,-99.27403,614,94,7.757328990228013,0.1530944625407166,15.31,0.1577186092420562,15.77,4.161019246408241,7.757328990228013,2.036044354390554,10.81,2,-1.8675643985893657,-0.26508465811482085
HOU-OAK,HOU,William P. Hobby Airport,OAK,Oakland International Airport,29.64542,-95.27889,37.72129,-122.22072,692,104,8.972543352601155,0.1502890173410404,15.03,0.1548119785338739,15.48,4.689617782596909,8.972543352601155,2.354998255275893,10.81,2,-1.7570676037534594,-0.2936454111598018
RSW-MKE,RSW,Southwest Florida International Airport,MKE,General Mitchell International Airport,26.53617,-81.75517,42.94722,-87.89658,520,80,9.465384615384616,0.1538461538461538,15.38,0.1590501403206905,15.91,3.5239902412577933,9.465384615384616,2.484352917423783,10.8,2,-1.6859696777802808,-0.49760684484954487
MAF-DEN,MAF,Midland International Airport,DEN,Denver International Airport,31.94253,-102.20191,39.85841,-104.667,1154,158,9.930675909878683,0.1369150779896014,13.69,0.1408381873993844,14.08,7.820547573868257,9.930675909878683,2.6064766167660585,10.79,2,-1.7632595854649162,0.06679160585448678
MCI-CLT,MCI,Kansas City International Airport,CLT,Charlotte Douglas International Airport,39.29761,-94.71391,35.21401,-80.94313,1346,179,7.7830609212481425,0.1329866270430906,13.3,0.1366605027654413,13.67,9.121713201409596,7.7830609212481425,2.04279814205988,10.79,2,-2.0254515717464163,0.42903701101972785
OKC-DAL,OKC,Will Rogers World Airport,DAL,Dallas Love Field,35.39309,-97.60073,32.84711,-96.85177,993,141,8.894259818731118,0.1419939577039275,14.2,0.1460302717281136,14.6,6.729465979940363,8.894259818731118,2.33445139599242,10.79,2,-1.8331393342830529,0.004091343505185927
IAH-HRL,IAH,George Bush Intercontinental Airport,HRL,Valley International Airport,29.98047,-95.33972,26.22851,-97.65439,1280,172,8.340625,0.134375,13.44,0.1381239760861073,13.81,8.67443751694226,8.340625,2.189140419947506,10.78,2,-1.9564134882926156,0.320955775986203
ATL-SRQ,ATL,Hartsfield-Jackson Atlanta International Airport,SRQ,Sarasota-Bradenton International Airport,33.64044,-84.42694,27.39533,-82.55411,2104,237,6.598859315589354,0.1126425855513308,11.26,0.1159759922862196,11.6,14.258606668473842,6.598859315589354,1.7319840723331636,10.78,2,-2.344775678579694,1.2051392765583062
ABQ-OAK,ABQ,Albuquerque International Sunport,OAK,Oakland International Airport,35.04022,-106.60919,37.72129,-122.22072,871,126,9.416762342135476,0.1446613088404133,14.47,0.1489300587011618,14.89,5.902683654106804,9.416762342135476,2.471591165914823,10.78,2,-1.7606895541063161,-0.1540715483594853
SEA-STL,SEA,Seattle-Tacoma International Airport,STL,St. Louis International Airport at Lambert Field,47.44898,-122.30931,38.74769,-90.35999,512,79,8.591796875,0.154296875,15.43,0.1594952401941636,15.95,3.469775006776904,8.591796875,2.2550647965879267,10.78,2,-1.782098468651347,-0.4277738392900865
CHO-ATL,CHO,Charlottesville-Albemarle Airport,ATL,Hartsfield-Jackson Atlanta International Airport,38.13864,-78.45286,33.64044,-84.42694,1004,140,11.365537848605578,0.1394422310756972,13.94,0.1436694628612573,14.37,6.804011927351586,11.365537848605578,2.9830808001589446,10.77,2,-1.5978375176698416,-0.19115713599359174
SAN-BWI,SAN,San Diego International Airport (Lindbergh Field),BWI,Baltimore-Washington International Airport,32.73356,-117.18966,39.1754,-76.6682,755,112,8.30728476821192,0.1483443708609271,14.83,0.1527615052617873,15.28,5.116562754133912,8.30728476821192,2.180389702942761,10.77,2,-1.8546251269655432,-0.16913185247241
DTW-EVV,DTW,Detroit Metropolitan Airport,EVV,Evansville Regional Airport,42.21206,-83.34884,38.03799,-87.53063,840,121,10.76547619047619,0.144047619047619,14.4,0.1485224329774767,14.85,5.692599620493358,10.76547619047619,2.825584301962255,10.76,2,-1.630057245113402,-0.2931183989611165
RDU-DEN,RDU,Raleigh-Durham International Airport,DEN,Denver International Airport,35.87764,-78.78747,39.85841,-104.667,1041,145,9.89433237271854,0.1392891450528338,13.93,0.1433927142846872,14.34,7.054757386825698,9.89433237271854,2.596937630634787,10.76,2,-1.7585769196480352,-0.029449777791316075
SNA-DAL,SNA,John Wayne Airport (Orange County Airport),DAL,Dallas Love Field,33.67566,-117.86822,32.84711,-96.85177,579,89,6.487046632124352,0.153713298791019,15.37,0.1584846642103507,15.85,3.923827595554351,6.487046632124352,1.7026369113187274,10.75,2,-2.0178388225646686,-0.18018420961405396
OGG-LIH,OGG,Kahului Airport,LIH,Lihue Airport,20.89865,-156.43046,21.97598,-159.33896,1428,187,6.440476190476191,0.1309523809523809,13.1,0.1345622297112749,13.46,9.67741935483871,6.440476190476191,1.690413698287714,10.75,2,-2.1978851463871636,0.6248789656967767
PWM-BWI,PWM,Portland International Jetport,BWI,Baltimore-Washington International Airport,43.64617,-70.30875,39.1754,-76.6682,1072,149,9.0,0.1389925373134328,13.9,0.1430128728658943,14.3,7.264841420439143,9.0,2.3622047244094486,10.75,2,-1.8584196176039378,0.07660334175918952
TPA-DAL,TPA,Tampa International Airport,DAL,Dallas Love Field,27.97547,-82.53325,32.84711,-96.85177,729,108,8.882030178326474,0.1481481481481481,14.81,0.1527274873327239,15.27,4.940363242071022,8.882030178326474,2.331241516621122,10.75,2,-1.802988346287578,-0.23790505800870249
CLT-CLE,CLT,Charlotte Douglas International Airport,CLE,Cleveland Hopkins International Airport,35.21401,-80.94313,41.41089,-81.8494,1264,171,6.655854430379747,0.1352848101265822,13.53,0.1390110608495807,13.9,8.566007047980483,6.655854430379747,1.7469434200471776,10.74,2,-2.140388461335653,0.45628090608678384
DCA-LAX,DCA,Ronald Reagan Washington National Airport,LAX,Los Angeles International Airport,38.85208,-77.03772,33.94254,-118.40807,1081,150,8.766882516188714,0.1387604070305272,13.88,0.1427697603715733,14.28,7.325833559230144,8.766882516188714,2.301019033120397,10.74,2,-1.8871802756965752,0.10570470411027573
RSW-STL,RSW,Southwest Florida International Airport,STL,St. Louis International Airport at Lambert Field,26.53617,-81.75517,38.74769,-90.35999,574,86,11.529616724738675,0.1498257839721254,14.98,0.1552093278914364,15.52,3.8899430740037952,11.529616724738675,3.026146121978655,10.74,2,-1.5142614815919417,-0.6085395722685296
BUF-MCO,BUF,Buffalo Niagara International Airport,MCO,Orlando International Airport,42.94052,-78.73217,28.42889,-81.31603,1615,200,8.909597523219814,0.1238390092879257,12.38,0.1274700215736607,12.75,10.944700460829493,8.909597523219814,2.338477040215174,10.74,2,-2.0023748882934873,0.5848051089858749
HNL-SAN,HNL,Honolulu International Airport,SAN,San Diego International Airport (Lindbergh Field),21.31869,-157.92241,32.73356,-117.18966,692,103,8.955202312138729,0.1488439306358381,14.88,0.1535493522712476,15.35,4.689617782596909,8.955202312138729,2.35044680108628,10.73,2,-1.795015075603927,-0.27798145626741116
DCA-IND,DCA,Ronald Reagan Washington National Airport,IND,Indianapolis International Airport,38.85208,-77.03772,39.71733,-86.29438,782,114,9.557544757033249,0.1457800511508951,14.58,0.1503527063478777,15.04,5.299539170506913,9.557544757033249,2.508541930979855,10.73,2,-1.7548392212506345,-0.24046004494609804
PHX-BFL,PHX,Phoenix Sky Harbor International Airport,BFL,Meadows Field,33.43417,-112.00806,35.4336,-119.05677,929,132,9.482238966630783,0.1420882669537136,14.21,0.1463664596684432,14.64,6.29574410409325,9.482238966630783,2.488776631661623,10.73,2,-1.78922360673378,-0.09568840865674011
SLC-PHL,SLC,Salt Lake City International Airport,PHL,Philadelphia International Airport,40.78839,-111.97777,39.87195,-75.24114,638,96,8.346394984326018,0.1504702194357366,15.05,0.1552995758791709,15.53,4.323664949850908,8.346394984326018,2.190654851529138,10.73,2,-1.849173948447146,-0.27698415233140405
GEG-BOI,GEG,Spokane International Airport,BOI,Boise Airport (Boise Air Terminal),47.61986,-117.53384,43.56444,-116.22278,625,94,9.0208,0.1504,15.04,0.1553256372397629,15.53,4.235565193819464,9.0208,2.367664041994751,10.73,2,-1.777622389653578,-0.34737452808351454
MLU-IAH,MLU,Monroe Regional Airport,IAH,George Bush Intercontinental Airport,32.51087,-92.03769,29.98047,-95.33972,853,122,10.801875732708089,0.1430246189917936,14.3,0.1475457366199665,14.75,5.780699376524804,10.801875732708089,2.8351379875874247,10.72,2,-1.6455737801299735,-0.27797043061470134
GPT-ATL,GPT,Gulfport-Biloxi International Airport,ATL,Hartsfield-Jackson Atlanta International Airport,30.40728,-89.07009,33.64044,-84.42694,1516,192,8.469656992084433,0.1266490765171504,12.66,0.1303286429448193,13.03,10.27378693412849,8.469656992084433,2.223007084536597,10.72,2,-2.029263083656271,0.5357641038376647
PDX-SLC,PDX,Portland International Airport,SLC,Salt Lake City International Airport,45.58872,-122.5975,40.78839,-111.97777,2569,254,5.9793694044375245,0.0988711560918645,9.89,0.1021397853124122,10.21,17.409867172675522,5.9793694044375245,1.5693882951279592,10.71,2,-2.578071948858369,1.6563756541007113
IAH-TYR,IAH,George Bush Intercontinental Airport,TYR,Tyler Pounds Regional Airport,29.98047,-95.33972,32.35414,-95.40239,742,109,8.712938005390836,0.1469002695417789,14.69,0.1515571104499146,15.16,5.028462998102467,8.712938005390836,2.286860368868985,10.7,2,-1.8457796880395922,-0.2020213843101684
ATL-GPT,ATL,Hartsfield-Jackson Atlanta International Airport,GPT,Gulfport-Biloxi International Airport,33.64044,-84.42694,30.40728,-89.07009,1520,193,7.056578947368421,0.1269736842105263,12.7,0.1306241277770544,13.06,10.300894551368934,7.056578947368421,1.852120458626882,10.69,2,-2.185620847023666,0.6646098002028719
LAS-BUF,LAS,McCarran International Airport,BUF,Buffalo Niagara International Airport,36.08036,-115.15233,42.94052,-78.73217,606,91,8.709570957095709,0.1501650165016501,15.02,0.1552564971654789,15.53,4.106804011927352,8.709570957095709,2.285976629158979,10.69,2,-1.826013615874465,-0.33082152002460335
GEG-MSP,GEG,Spokane International Airport,MSP,Minneapolis-Saint Paul International Airport,47.61986,-117.53384,44.88055,-93.21692,831,117,13.791817087845969,0.1407942238267148,14.08,0.1456617475819851,14.57,5.631607481702358,13.791817087845969,3.619899498122302,10.69,2,-1.3540864379288995,-0.5472306508819065
DTW-LEX,DTW,Detroit Metropolitan Airport,LEX,Blue Grass Airport,42.21206,-83.34884,38.03697,-84.60539,572,86,9.26048951048951,0.1503496503496503,15.03,0.1556712604149228,15.57,3.876389265383573,9.26048951048951,2.4305746746691628,10.68,2,-1.7709780650392442,-0.40711656124955353
BOS-MCI,BOS,Gen. Edward Lawrence Logan International Airport,MCI,Kansas City International Airport,42.36435,-71.00518,39.29761,-94.71391,650,97,8.42153846153846,0.1492307692307692,14.92,0.1541481159984375,15.41,4.404987801572242,8.42153846153846,2.210377548960226,10.68,2,-1.8661433855460545,-0.26290205336958866
DEN-GCC,DEN,Denver International Airport,GCC,Gillette-Campbell County Airport,39.85841,-104.667,44.3489,-105.53936,683,101,8.931185944363104,0.1478770131771596,14.79,0.1527600089384778,15.28,4.6286256438059095,8.931185944363104,2.3441432924837544,10.68,2,-1.821857351722878,-0.2736593892911122
MFR-DEN,MFR,Rogue Valley International Airport,DEN,Denver International Airport,42.37423,-122.8735,39.85841,-104.667,568,85,10.498239436619718,0.1496478873239436,14.96,0.1551064176629163,15.51,3.849281648143129,10.498239436619718,2.7554434216849653,10.68,2,-1.6435967306512722,-0.5168032628276689
DTW-ALB,DTW,Detroit Metropolitan Airport,ALB,Albany International Airport,42.21206,-83.34884,42.74812,-73.80298,548,82,10.799270072992702,0.1496350364963503,14.96,0.1552640231463397,15.53,3.7137435619409054,10.799270072992702,2.834454087399659,10.67,2,-1.6152448210788146,-0.559165564477589
HOU-LAS,HOU,William P. Hobby Airport,LAS,McCarran International Airport,29.64542,-95.27889,36.08036,-115.15233,1532,192,8.318537859007833,0.1253263707571801,12.53,0.1290509111512427,12.91,10.38221740309027,8.318537859007833,2.183343270080796,10.67,2,-2.072415145562349,0.5709815085573537
ATL-ELP,ATL,Hartsfield-Jackson Atlanta International Airport,ELP,El Paso International Airport,33.64044,-84.42694,31.80667,-106.37781,784,114,8.721938775510203,0.1454081632653061,14.54,0.150012541853878,15.0,5.313092979127135,8.721938775510203,2.289222775724463,10.67,2,-1.8640348429082003,-0.1588670323327962
ORD-GSO,ORD,Chicago O'Hare International Airport,GSO,Piedmont Triad International Airport,41.9796,-87.90446,36.09775,-79.9373,530,80,9.439622641509434,0.1509433962264151,15.09,0.1565255349187748,15.65,3.591759284358905,9.439622641509434,2.477591244490665,10.66,2,-1.7537446060142095,-0.45992469325566043
ATL-ALB,ATL,Hartsfield-Jackson Atlanta International Airport,ALB,Albany International Airport,33.64044,-84.42694,42.74812,-73.80298,1019,142,8.315996074582925,0.1393523061825319,13.94,0.1435309088461377,14.35,6.905665492003253,8.315996074582925,2.1826761350611354,10.66,2,-1.9552946064152972,0.09887409323296062
GRR-DTW,GRR,Gerald R. Ford International Airport,DTW,Detroit Metropolitan Airport,42.88082,-85.52277,42.21206,-83.34884,1563,193,9.307101727447217,0.1234804862444017,12.35,0.1272465947076537,12.72,10.592301436703714,9.307101727447217,2.442808852348351,10.65,2,-1.9896317886025994,0.5168599384375591
DCA-BNA,DCA,Ronald Reagan Washington National Airport,BNA,Nashville International Airport,38.85208,-77.03772,36.12448,-86.67818,1042,144,8.5978886756238,0.1381957773512476,13.82,0.1423914947450334,14.24,7.06153429113581,8.5978886756238,2.2566636943894487,10.65,2,-1.9392237246115376,0.09986098864318788
ISN-MSP,ISN,Sloulin Field International Airport,MSP,Minneapolis-Saint Paul International Airport,48.17794,-103.64235,44.88055,-93.21692,1136,153,9.75968309859155,0.1346830985915492,13.47,0.1388439215200874,13.88,7.698563296286257,9.75968309859155,2.561596613803556,10.64,2,-1.8471388283946693,0.0901231513952366
MSY-TPA,MSY,Louis Armstrong New Orleans International Airport,TPA,Tampa International Airport,29.99339,-90.25803,27.97547,-82.53325,1056,146,7.694128787878788,0.1382575757575757,13.83,0.1423971340820312,14.24,7.1564109514773655,7.694128787878788,2.019456374771336,10.64,2,-2.0379056941149996,0.19160724141345709
LGB-OAK,LGB,Long Beach Airport (Daugherty Field),OAK,Oakland International Airport,33.81772,-118.15161,37.72129,-122.22072,1085,149,8.192626728110598,0.1373271889400921,13.73,0.1414439552732727,14.14,7.352941176470589,8.192626728110598,2.150295729162887,10.64,2,-1.9911878443446023,0.1747249040878719
SFO-MDW,SFO,San Francisco International Airport,MDW,Chicago Midway International Airport,37.619,-122.37484,41.78598,-87.75242,844,121,8.178909952606634,0.1433649289099526,14.34,0.1478931006343518,14.79,5.719707237733803,8.178909952606634,2.146695525618539,10.63,2,-1.9502252246065437,-0.04775484150096668
DFW-GRI,DFW,Dallas/Fort Worth International Airport,GRI,Central Nebraska Regional Airport,32.89595,-97.0372,40.96747,-98.30861,667,98,9.674662668665666,0.1469265367316342,14.69,0.1520353155134656,15.2,4.520195174844131,9.674662668665666,2.539281540332196,10.63,2,-1.7653940661010674,-0.34379622212823596
OAK-HNL,OAK,Oakland International Airport,HNL,Honolulu International Airport,37.72129,-122.22072,21.31869,-157.92241,560,83,10.871428571428572,0.1482142857142857,14.82,0.1539561924224669,15.4,3.795066413662239,10.871428571428572,2.8533933258342707,10.62,2,-1.6343774617068094,-0.5434543811020832
MKE-RSW,MKE,General Mitchell International Airport,RSW,Southwest Florida International Airport,42.94722,-87.89658,26.53617,-81.75517,511,77,9.3013698630137,0.1506849315068493,15.07,0.1564829574448905,15.65,3.462998102466793,9.3013698630137,2.441304425987848,10.62,2,-1.7824367639452792,-0.4594890167834607
SJC-DFW,SJC,Norman Y. Mineta San José International Airport,DFW,Dallas/Fort Worth International Airport,37.36186,-121.92901,32.89595,-97.0372,1619,195,10.612723903644223,0.1204447189623224,12.04,0.1242647393826807,12.43,10.971808078069936,10.612723903644223,2.7854918382268306,10.62,2,-1.8874421312516219,0.4596553475551599
CHS-DCA,CHS,Charleston International Airport/Charleston AFB,DCA,Ronald Reagan Washington National Airport,32.89865,-80.04051,38.85208,-77.03772,699,102,9.278969957081545,0.1459227467811159,14.59,0.1509525494353293,15.1,4.737056112767688,9.278969957081545,2.435425185585707,10.61,2,-1.8212701154166937,-0.2754656640184663
SLC-AUS,SLC,Salt Lake City International Airport,AUS,Austin-Bergstrom International Airport,40.78839,-111.97777,30.19453,-97.66987,641,94,9.756630265210608,0.1466458658346333,14.66,0.1519717773263537,15.2,4.343995662781241,9.756630265210608,2.560795345199635,10.59,2,-1.7721520995564872,-0.3675295616699831
EWR-SNA,EWR,Newark Liberty International Airport,SNA,John Wayne Airport (Orange County Airport),40.6925,-74.16866,33.67566,-117.86822,785,113,8.33248407643312,0.1439490445859872,14.39,0.1487130926540431,14.87,5.319869883437246,8.33248407643312,2.187003694601869,10.58,2,-1.9453705345657222,-0.10854542917919546
LAX-CLD,LAX,Los Angeles International Airport,CLD,McClellan-Palomar Airport,33.94254,-118.40807,33.12723,-117.27873,626,92,9.405750798722044,0.1469648562300319,14.7,0.1523568691443914,15.24,4.242342098129575,9.405750798722044,2.4687009970399068,10.57,2,-1.8118985149345193,-0.3500503510216774
DTW-BUF,DTW,Detroit Metropolitan Airport,BUF,Buffalo Niagara International Airport,42.21206,-83.34884,42.94052,-78.73217,832,118,9.18389423076923,0.141826923076923,14.18,0.1465784195266396,14.66,5.638384386012469,9.18389423076923,2.410470926711084,10.57,2,-1.8744699489538725,-0.13368355705105747
BOS-BUF,BOS,Gen. Edward Lawrence Logan International Airport,BUF,Buffalo Niagara International Airport,42.36435,-71.00518,42.94052,-78.73217,1355,175,7.235424354243542,0.1291512915129151,12.92,0.1330660391744523,13.31,9.182705340200595,7.235424354243542,1.8990615103001425,10.57,2,-2.183997399038115,0.5184147764796462
MIA-PHX,MIA,Miami International Airport,PHX,Phoenix Sky Harbor International Airport,25.79325,-80.29056,33.43417,-112.00806,667,98,8.169415292353824,0.1469265367316342,14.69,0.1520353155134656,15.2,4.520195174844131,8.169415292353824,2.144203488806778,10.57,2,-1.943895719462092,-0.20600313963280328
OMA-STL,OMA,Eppley Airfield,STL,St. Louis International Airport at Lambert Field,41.30252,-95.89417,38.74769,-90.35999,1022,141,7.272994129158513,0.1379647749510763,13.8,0.1422558707654439,14.23,6.925996204933586,7.272994129158513,1.9089223436111584,10.56,2,-2.110076637919089,0.20912089488374463
GPT-IAH,GPT,Gulfport-Biloxi International Airport,IAH,George Bush Intercontinental Airport,30.40728,-89.07009,29.98047,-95.33972,1324,170,8.961480362537765,0.1283987915407855,12.84,0.1324516060385029,13.25,8.972621306587152,8.961480362537765,2.3520945833432454,10.55,2,-2.0131691315424627,0.3462625395526076
ATL-FNT,ATL,Hartsfield-Jackson Atlanta International Airport,FNT,Bishop International Airport,33.64044,-84.42694,42.9655,-83.74346,1036,141,9.312741312741313,0.1361003861003861,13.61,0.1405027174285459,14.05,7.020872865275142,9.312741312741313,2.444289058462287,10.55,2,-1.9102843378638412,0.04915612312349986
SAT-SAN,SAT,San Antonio International Airport,SAN,San Diego International Airport (Lindbergh Field),29.53369,-98.46978,32.73356,-117.18966,684,100,8.076023391812866,0.1461988304093567,14.62,0.1512896517842195,15.13,4.635402548116021,8.076023391812866,2.119691178953508,10.55,2,-1.964595453289638,-0.1788832763316643
DTW-SLC,DTW,Detroit Metropolitan Airport,SLC,Salt Lake City International Airport,42.21206,-83.34884,40.78839,-111.97777,1507,188,7.029197080291971,0.1247511612475116,12.48,0.1285694380826559,12.86,10.21279479533749,7.029197080291971,1.844933616874533,10.55,2,-2.2511196428241003,0.6769477549563784
ALB-CLT,ALB,Albany International Airport,CLT,Charlotte Douglas International Airport,42.74812,-73.80298,35.21401,-80.94313,781,112,8.425096030729833,0.1434058898847631,14.34,0.1482532202029831,14.83,5.292762266196801,8.425096030729833,2.211311294154812,10.55,2,-1.9482942291412606,-0.11546437142395256
ATL-SYR,ATL,Hartsfield-Jackson Atlanta International Airport,SYR,Syracuse Hancock International Airport,33.64044,-84.42694,43.11119,-76.10631,1048,144,6.941793893129771,0.1374045801526717,13.74,0.1416472883265053,14.16,7.1021957169964764,6.941793893129771,1.8219931478030893,10.54,2,-2.1543751944170593,0.2628395472889421
IAH-GRK,IAH,George Bush Intercontinental Airport,GRK,Killeen-Fort Hood Regional Airport,29.98047,-95.33972,31.0649,-97.8278,866,122,8.493071593533488,0.1408775981524249,14.09,0.1455601314687662,14.56,5.868799132556248,8.493071593533488,2.229152649221388,10.54,2,-1.9639283334580038,-0.038120789922915434
LGB-SLC,LGB,Long Beach Airport (Daugherty Field),SLC,Salt Lake City International Airport,33.81772,-118.15161,40.78839,-111.97777,2122,228,7.101319509896324,0.1074458058435438,10.74,0.1109860877582484,11.1,14.38059094605584,7.101319509896324,1.863863388424232,10.53,2,-2.416734919460466,1.210269921811
PBI-DFW,PBI,Palm Beach International Airport,DFW,Dallas/Fort Worth International Airport,26.68316,-80.09559,32.89595,-97.0372,889,124,9.16535433070866,0.139482564679415,13.95,0.1441972568238909,14.42,6.024667931688805,9.16535433070866,2.4056048112096224,10.52,2,-1.909178724317715,-0.07051420439873368
MSP-GRB,MSP,Minneapolis-Saint Paul International Airport,GRB,Green Bay-Austin Straubel International Airport,44.88055,-93.21692,44.48507,-88.12959,1157,153,9.312013828867762,0.132238547968885,13.22,0.136524333332401,13.65,7.84087828679859,9.312013828867762,2.444098117813061,10.52,2,-1.9524021363897008,0.16758710871274926
MKE-TPA,MKE,General Mitchell International Airport,TPA,Tampa International Airport,42.94722,-87.89658,27.97547,-82.53325,635,92,10.415748031496063,0.1448818897637795,14.49,0.1504912748283376,15.05,4.303334236920574,10.415748031496063,2.733792134250935,10.52,2,-1.7376354924958624,-0.41568568519699256
EWN-ATL,EWN,Coastal Carolina Regional Airport (Craven County Regional),ATL,Hartsfield-Jackson Atlanta International Airport,35.07297,-77.04294,33.64044,-84.42694,620,90,10.80967741935484,0.1451612903225806,14.52,0.1508487319428168,15.08,4.201680672268908,10.80967741935484,2.8371856743713493,10.52,2,-1.692024233241589,-0.46543401469443557
LIH-LAX,LIH,Lihue Airport,LAX,Los Angeles International Airport,21.97598,-159.33896,33.94254,-118.40807,1388,171,12.986311239193084,0.1231988472622478,12.32,0.1274268057787823,12.74,9.406343182434265,12.986311239193084,3.4084806402081584,10.51,2,-1.6414683685796196,0.06598940377995026
BUF-CLT,BUF,Buffalo Niagara International Airport,CLT,Charlotte Douglas International Airport,42.94052,-78.73217,35.21401,-80.94313,1300,168,7.566923076923077,0.1292307692307692,12.92,0.1332936335705915,13.33,8.809975603144483,7.566923076923077,1.986069049061175,10.5,2,-2.1695416795339417,0.4507944494965641
LSE-MSP,LSE,La Crosse Regional Airport,MSP,Minneapolis-Saint Paul International Airport,43.87938,-91.25654,44.88055,-93.21692,556,80,13.71043165467626,0.1438848920863309,14.39,0.1503217789616282,15.03,3.7679587964217935,13.71043165467626,3.5985384920410133,10.5,2,-1.4018520313003977,-0.765200898253264
TUS-LAS,TUS,Tucson International Airport,LAS,McCarran International Airport,32.11608,-110.94103,36.08036,-115.15233,1195,158,7.081171548117155,0.1322175732217573,13.22,0.1363792177597128,13.64,8.098400650582814,7.081171548117155,1.858575209479568,10.49,2,-2.1990650684611572,0.3975960181407915
MLB-ATL,MLB,Melbourne International Airport,ATL,Hartsfield-Jackson Atlanta International Airport,28.10275,-80.64581,33.64044,-84.42694,1438,177,10.717663421418637,0.1230876216968011,12.31,0.1271853621578856,12.72,9.74518839793982,10.717663421418637,2.813035018745049,10.49,2,-1.8899587406325014,0.3075569342515564
MSP-PIT,MSP,Minneapolis-Saint Paul International Airport,PIT,Pittsburgh International Airport,44.88055,-93.21692,40.49147,-80.23287,510,76,8.2,0.1490196078431372,14.9,0.1551001426210297,15.51,3.4562211981566824,8.2,2.152230971128609,10.49,2,-1.9525983223125731,-0.3432662436085885
ALB-BWI,ALB,Albany International Airport,BWI,Baltimore-Washington International Airport,42.74812,-73.80298,39.1754,-76.6682,1833,211,6.600654664484452,0.1151118385160938,11.51,0.1187848354882711,11.88,12.422065600433722,6.600654664484452,1.7324552925156045,10.49,2,-2.4045658774082286,1.0102617352735648
TPA-RDU,TPA,Tampa International Airport,RDU,Raleigh-Durham International Airport,27.97547,-82.53325,35.87764,-78.78747,914,127,8.356673960612692,0.1389496717724289,13.89,0.1436006775136372,14.36,6.194090539441583,8.356673960612692,2.193352745567636,10.49,2,-2.008249570537675,0.02618569334734646
SEA-DCA,SEA,Seattle-Tacoma International Airport,DCA,Ronald Reagan Washington National Airport,47.44898,-122.30931,38.85208,-77.03772,719,104,7.070931849791377,0.1446453407510431,14.46,0.1497082869338561,14.97,4.87259419896991,7.070931849791377,1.8558876246171592,10.48,2,-2.106203442879626,-0.04652939245632142
SAN-PDX,SAN,San Diego International Airport (Lindbergh Field),PDX,Portland International Airport,32.73356,-117.18966,45.58872,-122.5975,1811,208,7.570403092214247,0.1148536720044174,11.49,0.118582463107707,11.86,12.272973705611276,7.570403092214247,1.986982438901377,10.48,2,-2.3059504559115664,0.9089077379267924
SEA-BUR,SEA,Seattle-Tacoma International Airport,BUR,Bob Hope Airport (Hollywood Burbank Airport),47.44898,-122.30931,34.20062,-118.3585,1126,151,6.873889875666075,0.1341030195381883,13.41,0.1383450954313443,13.83,7.630794253185146,6.873889875666075,1.8041705710409648,10.48,2,-2.2085210526444405,0.35283921829154336
RDD-SFO,RDD,Redding Municipal Airport,SFO,San Francisco International Airport,40.50898,-122.2934,37.619,-122.37484,768,108,10.69140625,0.140625,14.06,0.1458653076023365,14.59,5.204662510165357,10.69140625,2.806143372703412,10.48,2,-1.7522615356381808,-0.305745379477608
TPA-PHX,TPA,Tampa International Airport,PHX,Phoenix Sky Harbor International Airport,27.97547,-82.53325,33.43417,-112.00806,1058,143,7.775992438563327,0.1351606805293005,13.52,0.139560524178608,13.96,7.169964760097587,7.775992438563327,2.040942897260716,10.47,2,-2.105238303947287,0.2129817125108652
ATL-SAN,ATL,Hartsfield-Jackson Atlanta International Airport,SAN,San Diego International Airport (Lindbergh Field),33.64044,-84.42694,32.73356,-117.18966,2218,231,6.406221821460775,0.1041478809738503,10.41,0.1076838166517809,10.77,15.03117375982651,6.406221821460775,1.681423050252172,10.47,2,-2.5436298217244477,1.3597120681556947
AUS-SJC,AUS,Austin-Bergstrom International Airport,SJC,Norman Y. Mineta San José International Airport,30.19453,-97.66987,37.36186,-121.92901,656,95,8.75,0.1448170731707317,14.48,0.1502792156069155,15.03,4.4456492274329085,8.75,2.2965879265091864,10.47,2,-1.9291855374213245,-0.2475810517076467
DAY-DFW,DAY,James M. Cox Dayton International Airport,DFW,Dallas/Fort Worth International Airport,39.90238,-84.21938,32.89595,-97.0372,986,134,9.116632860040568,0.1359026369168357,13.59,0.1405258627981843,14.05,6.682027649769585,9.116632860040568,2.392817023632695,10.46,2,-1.9610748116795775,0.03455556533134382
FLL-BNA,FLL,Fort Lauderdale-Hollywood International Airport,BNA,Nashville International Airport,26.07258,-80.15275,36.12448,-86.67818,826,115,9.340193704600484,0.1392251815980629,13.92,0.1442884308842636,14.43,5.597722960151803,9.340193704600484,2.451494410656295,10.43,2,-1.9220226153986129,-0.12793314392738586
CMH-MSP,CMH,Port Columbus International Airport,MSP,Minneapolis-Saint Paul International Airport,39.99799,-82.89188,44.88055,-93.21692,524,77,8.562977099236642,0.1469465648854961,14.69,0.1532228958314553,15.32,3.5510978584982382,8.562977099236642,2.247500550980746,10.42,2,-1.9524423883881337,-0.34592819094633415
MEM-CLT,MEM,Memphis International Airport,CLT,Charlotte Douglas International Airport,35.04242,-89.97667,35.21401,-80.94313,727,103,8.731774415405777,0.1416781292984869,14.17,0.1470508911714971,14.71,4.926809433450799,8.731774415405777,2.291804308505453,10.4,2,-1.9762531690353853,-0.16585858472213794
YUM-PHX,YUM,Yuma International Airport,PHX,Phoenix Sky Harbor International Airport,32.65658,-114.60597,33.43417,-112.00806,2031,217,8.193008370260955,0.1068439192516002,10.68,0.1105636259966345,11.06,13.763892653835727,8.193008370260955,2.150395897706288,10.4,2,-2.3441811277092364,1.0571088186590814
CMX-ORD,CMX,Houghton County Memorial Airport,ORD,Chicago O'Hare International Airport,47.16842,-88.48906,41.9796,-87.90446,679,95,12.779086892488955,0.1399116347569955,13.99,0.1458422169432967,14.58,4.601518026565465,12.779086892488955,3.354091047897364,10.4,2,-1.5602353195664251,-0.5533875340917095
MKE-PHX,MKE,General Mitchell International Airport,PHX,Phoenix Sky Harbor International Airport,42.94722,-87.89658,33.43417,-112.00806,1514,185,6.332892998678996,0.1221928665785997,12.22,0.1261530898381835,12.62,10.260233125508268,6.332892998678996,1.6621766400732274,10.39,2,-2.3968841282824274,0.7671651204624544
DCA-MKE,DCA,Ronald Reagan Washington National Airport,MKE,General Mitchell International Airport,38.85208,-77.03772,42.94722,-87.89658,1037,138,8.641272902603664,0.133076181292189,13.31,0.1377406218107547,13.77,7.027649769585254,8.641272902603664,2.268050630604636,10.36,2,-2.0650680683490212,0.13885990353860225
FLL-DAL,FLL,Fort Lauderdale-Hollywood International Airport,DAL,Dallas Love Field,26.07258,-80.15275,32.84711,-96.85177,942,128,8.093418259023355,0.1358811040339702,13.59,0.1407016190007947,14.07,6.383843860124696,8.093418259023355,2.1242567608985183,10.36,2,-2.101485546379615,0.09781188554504831
LIT-DAL,LIT,Bill and Hillary Clinton National Airport (Adams Field),DAL,Dallas Love Field,34.7294,-92.22425,32.84711,-96.85177,1117,147,7.588182632050135,0.1316025067144136,13.16,0.1360814190623074,13.61,7.569802114394145,7.588182632050135,1.9916489847900616,10.36,2,-2.1899437440720697,0.30335149265041933
LGB-AUS,LGB,Long Beach Airport (Daugherty Field),AUS,Austin-Bergstrom International Airport,33.81772,-118.15161,30.19453,-97.66987,501,72,11.626746506986027,0.1437125748502994,14.37,0.1507671996652714,15.08,3.3952290593656813,11.626746506986027,3.051639503145939,10.35,2,-1.6718540632944623,-0.6134062545525404
BFL-DEN,BFL,Meadows Field,DEN,Denver International Airport,35.4336,-119.05677,39.85841,-104.667,659,93,10.352048558421853,0.1411229135053111,14.11,0.1470501804991148,14.71,4.465979940363242,10.352048558421853,2.71707311244668,10.35,2,-1.8252667144929577,-0.35717754422597575
MKE-DCA,MKE,General Mitchell International Airport,DCA,Ronald Reagan Washington National Airport,42.94722,-87.89658,38.85208,-77.03772,1032,137,8.704457364341085,0.1327519379844961,13.28,0.1374656245572686,13.75,6.9937652480346975,8.704457364341085,2.2846344788296813,10.34,2,-2.0666857527971376,0.13199562349083896
IND-HOU,IND,Indianapolis International Airport,HOU,William P. Hobby Airport,39.71733,-86.29438,29.64542,-95.27889,586,84,9.305460750853245,0.1433447098976109,14.33,0.1495788440216153,14.96,3.971265925725129,9.305460750853245,2.4423781498302475,10.34,2,-1.9248346063636734,-0.33453291008505764
MCI-MKE,MCI,Kansas City International Airport,MKE,General Mitchell International Airport,39.29761,-94.71391,42.94722,-87.89658,668,95,8.375748502994012,0.1422155688622754,14.22,0.1479311028630574,14.79,4.526972079154242,8.375748502994012,2.198359187137536,10.34,2,-2.0306132061579913,-0.17957651157576165
BNA-MSY,BNA,Nashville International Airport,MSY,Louis Armstrong New Orleans International Airport,36.12448,-86.67818,29.99339,-90.25803,1105,145,7.908597285067874,0.1312217194570135,13.12,0.1357768356836748,13.58,7.48847926267281,7.908597285067874,2.0757473189154525,10.33,2,-2.167546082994899,0.2691627370467642
GRR-BWI,GRR,Gerald R. Ford International Airport,BWI,Baltimore-Washington International Airport,42.88082,-85.52277,39.1754,-76.6682,697,98,9.461979913916789,0.1406025824964132,14.06,0.1463125307388057,14.63,4.723502304147465,9.461979913916789,2.483459294991283,10.33,2,-1.9290819631726366,-0.24352621235507413
PBI-CLT,PBI,Palm Beach International Airport,CLT,Charlotte Douglas International Airport,26.68316,-80.09559,35.21401,-80.94313,1741,200,6.275703618609994,0.1148765077541642,11.49,0.1187458375876307,11.87,11.798590403903496,6.275703618609994,1.6471663040971114,10.32,2,-2.491892765758516,0.9823615899562407
ATL-PWM,ATL,Hartsfield-Jackson Atlanta International Airport,PWM,Portland International Jetport,33.64044,-84.42694,43.64617,-70.30875,690,97,9.36231884057971,0.1405797101449275,14.06,0.1463431480997824,14.63,4.676063973976687,9.36231884057971,2.457301532960554,10.32,2,-1.9438872260807896,-0.23894774546078054
CHS-MDW,CHS,Charleston International Airport/Charleston AFB,MDW,Chicago Midway International Airport,32.89865,-80.04051,41.78598,-87.75242,594,85,8.638047138047138,0.143097643097643,14.31,0.1492955144075333,14.93,4.025481160206018,8.638047138047138,2.267203973240719,10.3,2,-2.007716768040175,-0.2658880640914828
FAI-SEA,FAI,Fairbanks International Airport,SEA,Seattle-Tacoma International Airport,64.81368,-147.85967,47.44898,-122.30931,1425,174,7.803508771929825,0.1221052631578947,12.21,0.1263023521303791,12.63,9.657088641908375,7.803508771929825,2.048165032002579,10.3,2,-2.2670027389894267,0.5743735806168723
LIT-ATL,LIT,Bill and Hillary Clinton National Airport (Adams Field),ATL,Hartsfield-Jackson Atlanta International Airport,34.7294,-92.22425,33.64044,-84.42694,2138,218,8.405519176800748,0.1019644527595884,10.2,0.1057243462908079,10.57,14.48902141501762,8.405519176800748,2.206173012283661,10.3,2,-2.401059939790377,1.1426024561550712
SMF-ORD,SMF,Sacramento International Airport,ORD,Chicago O'Hare International Airport,38.69542,-121.59077,41.9796,-87.90446,581,83,9.046471600688468,0.1428571428571428,14.29,0.1492086446385141,14.92,3.937381404174573,9.046471600688468,2.374401994931356,10.29,2,-1.969459066359601,-0.3105544476404863
PHX-SBA,PHX,Phoenix Sky Harbor International Airport,SBA,Santa Barbara Municipal Airport (Santa Barbara Airport),33.43417,-112.00806,34.42621,-119.84037,1073,141,7.835041938490214,0.1314072693383038,13.14,0.1360708329060768,13.61,7.271618324749254,7.835041938490214,2.056441453671972,10.29,2,-2.1858213617173177,0.25219895405142495
IAH-LRD,IAH,George Bush Intercontinental Airport,LRD,Laredo International Airport,29.98047,-95.33972,27.54374,-99.46154,981,131,8.085626911314984,0.1335372069317023,13.35,0.1384006355215801,13.84,6.648143128219029,8.085626911314984,2.122211787746715,10.28,2,-2.1447454393059133,0.1469881366416647
PHX-GEG,PHX,Phoenix Sky Harbor International Airport,GEG,Spokane International Airport,33.43417,-112.00806,47.61986,-117.53384,1012,135,7.047430830039525,0.133399209486166,13.34,0.1381394667255648,13.81,6.858227161832476,7.047430830039525,1.84971937796313,10.28,2,-2.257098999230093,0.2648572840216859
DEN-RKS,DEN,Denver International Airport,RKS,Rock Springs-Sweetwater County Airport,39.85841,-104.667,41.59422,-109.06519,666,94,8.378378378378379,0.1411411411411411,14.11,0.1470118629227521,14.7,4.51341827053402,8.378378378378379,2.199049443143932,10.28,2,-2.0569717220368418,-0.17114795780894612
MSP-TPA,MSP,Minneapolis-Saint Paul International Airport,TPA,Tampa International Airport,44.88055,-93.21692,27.97547,-82.53325,1124,146,7.419928825622776,0.1298932384341637,12.99,0.134486182188585,13.45,7.617240444564922,7.419928825622776,1.947487880740886,10.27,2,-2.2496737710272483,0.33884033133202385
SLC-DCA,SLC,Salt Lake City International Airport,DCA,Ronald Reagan Washington National Airport,40.78839,-111.97777,38.85208,-77.03772,683,96,8.349926793557833,0.1405563689604685,14.06,0.1463743128976093,14.64,4.6286256438059095,8.349926793557833,2.191581835579484,10.27,2,-2.066403074203535,-0.15166770533151633
SMF-IAH,SMF,Sacramento International Airport,IAH,George Bush Intercontinental Airport,38.69542,-121.59077,29.98047,-95.33972,691,96,9.667149059334298,0.1389290882778582,13.89,0.1448939152956108,14.49,4.682840878286799,9.667149059334298,2.537309464392204,10.25,2,-1.9464886684521991,-0.25049818195729046
BOI-OAK,BOI,Boise Airport (Boise Air Terminal),OAK,Oakland International Airport,43.56444,-116.22278,37.72129,-122.22072,718,100,8.433147632311977,0.1392757660167131,13.93,0.1450013288494231,14.5,4.8658172946598,8.433147632311977,2.2134245754099675,10.25,2,-2.0736550239127944,-0.12201821511063406
MSP-ATW,MSP,Minneapolis-Saint Paul International Airport,ATW,Appleton International Airport,44.88055,-93.21692,44.25741,-88.51948,551,79,7.756805807622505,0.1433756805807622,14.34,0.1499402258046515,14.99,3.734074274871239,7.756805807622505,2.0359070361213925,10.23,2,-2.121826829212046,-0.21899045519175428
SLC-SAT,SLC,Salt Lake City International Airport,SAT,San Antonio International Airport,40.78839,-111.97777,29.53369,-98.46978,587,84,6.649063032367973,0.1431005110732538,14.31,0.1493611164466202,14.94,3.97804283003524,6.649063032367973,1.7451609008839823,10.22,2,-2.244989648798052,-0.08884288259385256
DEN-LAR,DEN,Denver International Airport,LAR,Laramie Regional Airport,39.85841,-104.667,41.31205,-105.67499,604,85,8.983443708609272,0.140728476821192,14.07,0.1471748394869718,14.72,4.093250203307129,8.983443708609272,2.357859241104796,10.21,2,-2.0182071473614362,-0.26749339448707604
TUS-ORD,TUS,Tucson International Airport,ORD,Chicago O'Hare International Airport,32.11608,-110.94103,41.9796,-87.90446,652,90,11.00766871165644,0.1380368098159509,13.8,0.1444296369665267,14.44,4.418541610192464,11.00766871165644,2.8891518928232127,10.2,2,-1.8254669186525898,-0.39270604386394636
SMF-ATL,SMF,Sacramento International Airport,ATL,Hartsfield-Jackson Atlanta International Airport,38.69542,-121.59077,33.64044,-84.42694,609,85,9.998357963875206,0.1395730706075533,13.96,0.1461369351182343,14.61,4.127134724857686,9.998357963875206,2.6242409354003167,10.19,2,-1.9241956470820736,-0.34604186133745357
SJC-ORD,SJC,Norman Y. Mineta San José International Airport,ORD,Chicago O'Hare International Airport,37.36186,-121.92901,41.9796,-87.90446,705,96,10.835460992907802,0.1361702127659574,13.62,0.1423740211165567,14.24,4.777717538628354,10.835460992907802,2.843953016511234,10.17,2,-1.8678299189591812,-0.32203187606763695
MCO-BHM,MCO,Orlando International Airport,BHM,Birmingham-Shuttlesworth International Airport,28.42889,-81.31603,33.56294,-86.75355,710,98,8.221126760563381,0.1380281690140845,13.8,0.1439643049368248,14.4,4.81160206017891,8.221126760563381,2.1577760526413075,10.17,2,-2.1316178226042726,-0.0963126632946914
ALB-ATL,ALB,Albany International Airport,ATL,Hartsfield-Jackson Atlanta International Airport,42.74812,-73.80298,33.64044,-84.42694,1017,132,9.210422812192723,0.1297935103244837,12.98,0.1348353509389687,13.48,6.89211168338303,9.210422812192723,2.417433808974468,10.17,2,-2.0889557794459686,0.10272132524709161
DTW-APN,DTW,Detroit Metropolitan Airport,APN,Alpena County Regional Airport,42.21206,-83.34884,45.07807,-83.56029,599,83,11.01001669449082,0.1385642737896494,13.86,0.1453663619439601,14.54,4.0593656817565735,11.01001669449082,2.88976816128368,10.17,2,-1.8305910731787483,-0.43673772896551244
CVG-FLL,CVG,Cincinnati/Northern Kentucky International Airport,FLL,Fort Lauderdale-Hollywood International Airport,39.04614,-84.66217,26.07258,-80.15275,515,73,8.935922330097087,0.141747572815534,14.17,0.1489611170712652,14.9,3.490105719707238,8.935922330097087,2.345386438345692,10.16,2,-2.0318100510274424,-0.33779783882652165
BOI-PHX,BOI,Boise Airport (Boise Air Terminal),PHX,Phoenix Sky Harbor International Airport,43.56444,-116.22278,33.43417,-112.00806,1180,149,7.488135593220339,0.1262711864406779,12.63,0.1309461617178345,13.09,7.996747085931147,7.488135593220339,1.965389919480404,10.15,2,-2.3089559262816235,0.4029328374096694
SLC-BOI,SLC,Salt Lake City International Airport,BOI,Boise Airport (Boise Air Terminal),40.78839,-111.97777,43.56444,-116.22278,1739,194,6.56411730879816,0.1115583668775158,11.16,0.1156123365953388,11.56,11.785036595283277,6.56411730879816,1.7228654353800947,10.14,2,-2.5454345365630084,0.9813162451455927
GRK-IAH,GRK,Killeen-Fort Hood Regional Airport,IAH,George Bush Intercontinental Airport,31.0649,-97.8278,29.98047,-95.33972,864,114,10.40162037037037,0.1319444444444444,13.19,0.1375633682560458,13.76,5.855245323936026,10.40162037037037,2.730084086711383,10.13,2,-1.9585822662465355,-0.13123579915758907
BNA-PHX,BNA,Nashville International Airport,PHX,Phoenix Sky Harbor International Airport,36.12448,-86.67818,33.43417,-112.00806,786,107,7.343511450381679,0.1361323155216285,13.61,0.1417732358903252,14.18,5.326646787747357,7.343511450381679,1.927430826871832,10.13,2,-2.2511064368880676,0.055416366530600066
ATL-OMA,ATL,Hartsfield-Jackson Atlanta International Airport,OMA,Eppley Airfield,33.64044,-84.42694,41.30252,-95.89417,1755,193,7.271794871794872,0.1099715099715099,11.0,0.1140760576813089,11.41,11.893467064245051,7.271794871794872,1.9086075778989169,10.11,2,-2.49498585756497,0.9398579857064582
SLC-OMA,SLC,Salt Lake City International Airport,OMA,Eppley Airfield,40.78839,-111.97777,41.30252,-95.89417,509,72,8.24361493123772,0.1414538310412573,14.15,0.1487866781589953,14.88,3.449444293846571,8.24361493123772,2.1636784596424463,10.11,2,-2.1223047305537457,-0.2765416794060828
MSP-PDX,MSP,Minneapolis-Saint Paul International Airport,PDX,Portland International Airport,44.88055,-93.21692,45.58872,-122.5975,1409,169,6.667139815471966,0.119943222143364,11.99,0.1243280894624441,12.43,9.548658172946595,6.667139815471966,1.7499054633784688,10.11,2,-2.4652033489071354,0.68680608246848
RDU-MSP,RDU,Raleigh-Durham International Airport,MSP,Minneapolis-Saint Paul International Airport,35.87764,-78.78747,44.88055,-93.21692,550,76,11.270909090909091,0.1381818181818181,13.82,0.1455555184597356,14.56,3.727297370561128,11.270909090909091,2.9582438558816517,10.11,2,-1.8254599079798828,-0.4924047091203172
PWM-DTW,PWM,Portland International Jetport,DTW,Detroit Metropolitan Airport,43.64617,-70.30875,42.21206,-83.34884,542,76,8.763837638376383,0.1402214022140221,14.02,0.147369294390698,14.74,3.673082136080239,8.763837638376383,2.3002198525922264,10.11,2,-2.077768018410525,-0.28758127824592866
ANC-OTZ,ANC,Ted Stevens Anchorage International Airport,OTZ,Ralph Wien Memorial Airport,61.17432,-149.99619,66.88468,-162.59855,649,90,7.543913713405239,0.1386748844375963,13.87,0.1450081268342165,14.5,4.398210897262131,7.543913713405239,1.9800298460381205,10.1,2,-2.2204272897629878,-0.08400648988874491
ICT-DAL,ICT,Wichita Dwight D. Eisenhower National Airport (Wichita Mid-Continent Airport),DAL,Dallas Love Field,37.64996,-97.43305,32.84711,-96.85177,641,88,9.691107644305772,0.1372854914196568,13.73,0.1438746113344509,14.39,4.343995662781241,9.691107644305772,2.543597806904402,10.1,2,-2.002099447000868,-0.2734925798784308
MCI-SAN,MCI,Kansas City International Airport,SAN,San Diego International Airport (Lindbergh Field),39.29761,-94.71391,32.73356,-117.18966,510,72,8.347058823529412,0.1411764705882353,14.12,0.1485427655718494,14.85,3.4562211981566824,8.347058823529412,2.190829087540528,10.1,2,-2.117004790714862,-0.2821419800006715
GEG-DEN,GEG,Spokane International Airport,DEN,Denver International Airport,47.61986,-117.53384,39.85841,-104.667,1453,170,8.907088781830694,0.1169993117687543,11.7,0.1214495086920979,12.14,9.846841962591489,8.907088781830694,2.3378185779083185,10.1,2,-2.255631984646687,0.5357936962186034
PIT-BWI,PIT,Pittsburgh International Airport,BWI,Baltimore-Washington International Airport,40.49147,-80.23287,39.1754,-76.6682,1013,131,8.107601184600197,0.1293188548864758,12.93,0.1344214618138617,13.44,6.8650040661425855,8.107601184600197,2.127979313543359,10.1,2,-2.232738761290146,0.20554831000766075
OKC-ATL,OKC,Will Rogers World Airport,ATL,Hartsfield-Jackson Atlanta International Airport,35.39309,-97.60073,33.64044,-84.42694,2149,211,8.226617031177291,0.0981852024197301,9.82,0.102094747442787,10.21,14.563567362428842,8.226617031177291,2.15921706855047,10.09,2,-2.5193700439584865,1.1942368036404074
PLN-DTW,PLN,Pellston Regional Airport of Emmet County,DTW,Detroit Metropolitan Airport,45.57093,-84.79672,42.21206,-83.34884,792,103,13.998737373737374,0.130050505050505,13.01,0.1363352993260405,13.63,5.367308213608024,13.998737373737374,3.674209284445505,10.07,2,-1.608247859927699,-0.49335673073420633
MSP-GRR,MSP,Minneapolis-Saint Paul International Airport,GRR,Gerald R. Ford International Airport,44.88055,-93.21692,42.88082,-85.52277,1226,151,7.797716150081566,0.1231647634584013,12.32,0.1279118303158583,12.79,8.308484684196259,7.797716150081566,2.0466446588140594,10.06,2,-2.3299230311745682,0.43282345518729837
DCA-STL,DCA,Ronald Reagan Washington National Airport,STL,St. Louis International Airport at Lambert Field,38.85208,-77.03772,38.74769,-90.35999,1040,133,7.715384615384615,0.1278846153846153,12.79,0.1329921815779194,13.3,7.0479804825155865,7.715384615384615,2.0250353321219463,10.05,2,-2.302080786639986,0.27269290620358605
MSP-SLC,MSP,Minneapolis-Saint Paul International Airport,SLC,Salt Lake City International Airport,44.88055,-93.21692,40.78839,-111.97777,1995,207,5.132330827067669,0.1037593984962406,10.38,0.1076902563240229,10.77,13.519924098671726,5.132330827067669,1.3470684585479449,10.04,2,-2.80596733118089,1.3378255073115806
RDU-FLL,RDU,Raleigh-Durham International Airport,FLL,Fort Lauderdale-Hollywood International Airport,35.87764,-78.78747,26.07258,-80.15275,651,89,8.511520737327189,0.1367127496159754,13.67,0.1432903954711426,14.33,4.411764705882353,8.511520737327189,2.233994944180364,10.04,2,-2.1516704225922942,-0.1524537131401594
ALB-MDW,ALB,Albany International Airport,MDW,Chicago Midway International Airport,42.74812,-73.80298,41.78598,-87.75242,712,96,9.367977528089888,0.1348314606741573,13.48,0.1411466588655519,14.11,4.825155868799133,9.367977528089888,2.458786752779498,10.04,2,-2.0736783649492714,-0.1696495742806924
DTW-ATW,DTW,Detroit Metropolitan Airport,ATW,Appleton International Airport,42.21206,-83.34884,44.25741,-88.51948,528,73,9.890151515151516,0.1382575757575757,13.83,0.1458775270681976,14.59,3.5782054757386828,9.890151515151516,2.5958402926906867,10.04,2,-1.9942296721840824,-0.3826664042202498
SAT-STL,SAT,San Antonio International Airport,STL,St. Louis International Airport at Lambert Field,29.53369,-98.46978,38.74769,-90.35999,665,91,7.921804511278196,0.1368421052631579,13.68,0.1432824666651348,14.33,4.506641366223909,7.921804511278196,2.079213782487716,10.04,2,-2.2134082255192866,-0.08955885284204719
MSP-SMF,MSP,Minneapolis-Saint Paul International Airport,SMF,Sacramento International Airport,44.88055,-93.21692,38.69542,-121.59077,597,83,6.690117252931323,0.1390284757118928,13.9,0.1457834820643158,14.58,4.045811873136351,6.690117252931323,1.755936286858615,10.02,2,-2.3332983499627855,-0.046570895014484505
HNL-OAK,HNL,Honolulu International Airport,OAK,Oakland International Airport,21.31869,-157.92241,37.72129,-122.22072,562,77,9.886120996441282,0.1370106761565836,13.7,0.1444276238652993,14.44,3.808620222282461,9.886120996441282,2.594782413764116,10.01,2,-2.0137207813563216,-0.3449896398550367
TUL-PHX,TUL,Tulsa International Airport,PHX,Phoenix Sky Harbor International Airport,36.19837,-95.88824,33.43417,-112.00806,644,87,9.76863354037267,0.1350931677018633,13.51,0.1419503857511131,14.2,4.364326375711575,9.76863354037267,2.563945811121436,10.0,2,-2.042904785313058,-0.25754816180837625
RNO-SAN,RNO,Reno/Tahoe International Airport,SAN,San Diego International Airport (Lindbergh Field),39.49858,-119.76806,32.73356,-117.18966,727,98,7.872077028885832,0.1348005502063273,13.48,0.1410049419574705,14.1,4.926809433450799,7.872077028885832,2.066161949838801,10.0,2,-2.2449889840293378,-0.022213591523264815
RSW-CLT,RSW,Southwest Florida International Airport,CLT,Charlotte Douglas International Airport,26.53617,-81.75517,35.21401,-80.94313,1854,195,6.929881337648328,0.105177993527508,10.52,0.10931990122765,10.93,12.564380590946056,6.929881337648328,1.8188664928210836,9.97,2,-2.6190315966975644,1.073032508946281
JAN-ORD,JAN,Jackson-Evers International Airport,ORD,Chicago O'Hare International Airport,32.31117,-90.07589,41.9796,-87.90446,600,81,10.211666666666666,0.135,13.5,0.1423015528554687,14.23,4.066142586066684,10.211666666666666,2.680227471566054,9.96,2,-2.009171210032261,-0.32850631694981697
GEG-LAS,GEG,Spokane International Airport,LAS,McCarran International Airport,47.61986,-117.53384,36.08036,-115.15233,706,95,7.40084985835694,0.1345609065155807,13.46,0.1409566836213748,14.1,4.784494442938466,7.40084985835694,1.9424802777839736,9.95,2,-2.313119471016272,0.008046389956634486
MSN-DTW,MSN,Dane County Regional Airport,DTW,Detroit Metropolitan Airport,43.13986,-89.33751,42.21206,-83.34884,1508,171,7.776525198938992,0.1133952254641909,11.34,0.1179173426609627,11.79,10.2195716996476,7.776525198938992,2.041082729380313,9.94,2,-2.457552282909217,0.7057863662179908
RDU-SFO,RDU,Raleigh-Durham International Airport,SFO,San Francisco International Airport,35.87764,-78.78747,37.619,-122.37484,553,75,9.8625678119349,0.1356238698010849,13.56,0.1433554165372559,14.34,3.747628083491461,9.8625678119349,2.5886004755734646,9.93,2,-2.0512590415956944,-0.3365924963807225
MSY-BNA,MSY,Louis Armstrong New Orleans International Airport,BNA,Nashville International Airport,29.99339,-90.25803,36.12448,-86.67818,1114,139,6.488330341113106,0.1247755834829443,12.48,0.1298279135080956,12.98,7.549471401463811,6.488330341113106,1.7029738428118386,9.93,2,-2.494389060797945,0.46312770113729146
PAH-ORD,PAH,Barkley Regional Airport,ORD,Chicago O'Hare International Airport,37.06083,-88.77375,41.9796,-87.90446,682,89,12.895894428152491,0.1304985337243401,13.05,0.1376100856762508,13.76,4.621848739495799,12.895894428152491,3.384749193740812,9.92,2,-1.7695542947918133,-0.4733918989434456
LIH-SEA,LIH,Lihue Airport,SEA,Seattle-Tacoma International Airport,21.97598,-159.33896,47.44898,-122.30931,602,82,7.754152823920266,0.1362126245847176,13.62,0.1433206367504674,14.33,4.0796963946869065,7.754152823920266,2.0352107149397023,9.92,2,-2.272358253519885,-0.11364933126437099
HNL-PDX,HNL,Honolulu International Airport,PDX,Portland International Airport,21.31869,-157.92241,45.58872,-122.5975,784,104,6.723214285714286,0.1326530612244898,13.27,0.1387003246593078,13.87,5.313092979127135,6.723214285714286,1.7646231721034868,9.91,2,-2.4104491664927905,0.14263608533642314
MSY-STL,MSY,Louis Armstrong New Orleans International Airport,STL,St. Louis International Airport at Lambert Field,29.99339,-90.25803,38.74769,-90.35999,598,81,8.193979933110368,0.1354515050167224,13.55,0.1427092936945962,14.27,4.052588777446463,8.193979933110368,2.1506509010788366,9.9,2,-2.238206639942155,-0.14980856250525765
PVD-MDW,PVD,Theodore Francis Green State Airport,MDW,Chicago Midway International Airport,41.724,-71.42822,41.78598,-87.75242,951,122,6.728706624605678,0.1282860147213459,12.83,0.1337879038999316,13.38,6.444835998915695,6.728706624605678,1.7660647308676325,9.9,2,-2.4480993712632726,0.29824187495974985
SEA-IAD,SEA,Seattle-Tacoma International Airport,IAD,Washington Dulles International Airport,47.44898,-122.30931,38.94453,-77.45581,1239,148,8.223567393058918,0.1194511702986279,11.95,0.1244294899169739,12.44,8.396584440227704,8.223567393058918,2.1584166385981414,9.89,2,-2.3681140278120427,0.43530560730876383
APN-DTW,APN,Alpena County Regional Airport,DTW,Detroit Metropolitan Airport,45.07807,-83.56029,42.21206,-83.34884,596,79,11.786912751677852,0.1325503355704698,13.26,0.1402458146534887,14.02,4.039034968826241,11.786912751677852,3.0936778875794886,9.89,2,-1.8817940175083072,-0.4524795484391107
BFL-PHX,BFL,Meadows Field,PHX,Phoenix Sky Harbor International Airport,35.4336,-119.05677,33.43417,-112.00806,932,118,9.182403433476397,0.1266094420600858,12.66,0.13237508430119,13.24,6.316074817023584,9.182403433476397,2.4100796413323877,9.88,2,-2.2067395326513712,0.07602103253170664
ORF-DTW,ORF,Norfolk International Airport,DTW,Detroit Metropolitan Airport,36.89461,-76.20122,42.21206,-83.34884,668,88,10.324850299401197,0.1317365269461078,13.17,0.1388165195297241,13.88,4.526972079154242,10.324850299401197,2.709934461785091,9.87,2,-2.049832665047779,-0.2591588441538256
IND-DCA,IND,Indianapolis International Airport,DCA,Ronald Reagan Washington National Airport,39.71733,-86.29438,38.85208,-77.03772,787,103,7.958068614993647,0.1308767471410419,13.09,0.1371038184879686,13.71,5.333423692057468,7.958068614993647,2.088731919945839,9.87,2,-2.306035530118277,0.04850459022929901
MSP-SAN,MSP,Minneapolis-Saint Paul International Airport,SAN,San Diego International Airport (Lindbergh Field),44.88055,-93.21692,32.73356,-117.18966,1152,141,6.602430555555555,0.1223958333333333,12.24,0.127484893769032,12.75,7.806993765248035,6.602430555555555,1.732921405657626,9.86,2,-2.523848484127043,0.4994320967766137
STT-SJU,STT,Cyril E. King Airport,SJU,Luis Muñoz Marín International Airport,18.33731,-64.97336,18.43942,-66.00183,785,102,8.96687898089172,0.129936305732484,12.99,0.1362837141229696,13.63,5.319869883437246,8.96687898089172,2.3535115435411336,9.86,2,-2.210084307297086,-0.03611967468444504
EYW-ATL,EYW,Key West International Airport,ATL,Hartsfield-Jackson Atlanta International Airport,24.55611,-81.75956,33.64044,-84.42694,1528,168,10.073952879581151,0.1099476439790576,10.99,0.114625974815005,11.46,10.355109785849823,10.073952879581151,2.644082120624974,9.86,2,-2.267152733490395,0.5376390431469954
DSM-MDW,DSM,Des Moines International Airport,MDW,Chicago Midway International Airport,41.53493,-93.66068,41.78598,-87.75242,683,90,9.140556368960468,0.1317715959004392,13.18,0.1387114776485672,13.87,4.6286256438059095,9.140556368960468,2.399096159832144,9.84,2,-2.1836070569092914,-0.14099502834434582
PHX-SBP,PHX,Phoenix Sky Harbor International Airport,SBP,San Luis Obispo County Regional Airport (McChesney Field),33.43417,-112.00806,35.23706,-120.64239,739,97,8.239512855209743,0.1312584573748308,13.13,0.1377962896291157,13.78,5.008132285172134,8.239512855209743,2.162601799267649,9.84,2,-2.282038165057359,-0.014620804576394251
OAK-LGB,OAK,Oakland International Airport,LGB,Long Beach Airport (Daugherty Field),37.72129,-122.22072,33.81772,-118.15161,1087,134,7.0588776448942046,0.1232750689972401,12.33,0.1285687337816581,12.86,7.36649498509081,7.0588776448942046,1.852723791310815,9.84,2,-2.4745456908961163,0.4061065471903799
MCO-SAN,MCO,Orlando International Airport,SAN,San Diego International Airport (Lindbergh Field),28.42889,-81.31603,32.73356,-117.18966,530,72,7.728301886792453,0.1358490566037735,13.58,0.1438271222203621,14.38,3.591759284358905,7.728301886792453,2.02842569207151,9.83,2,-2.307726251822103,-0.1596216687455035
ANC-BET,ANC,Ted Stevens Anchorage International Airport,BET,Bethel Airport,61.17432,-149.99619,60.77978,-161.838,963,121,7.776739356178608,0.1256490134994808,12.56,0.1313368645332343,13.13,6.526158850637029,7.776739356178608,2.041138938629556,9.82,2,-2.384568348799852,0.23559535541191995
SFO-DTW,SFO,San Francisco International Airport,DTW,Detroit Metropolitan Airport,37.619,-122.37484,42.21206,-83.34884,1450,165,6.338620689655173,0.1137931034482758,11.38,0.1184587658056955,11.85,9.826511249661154,6.338620689655173,1.663679971038103,9.82,2,-2.642623847102419,0.7959211055821814
IAH-LCH,IAH,George Bush Intercontinental Airport,LCH,Lake Charles Regional Airport,29.98047,-95.33972,30.1261,-93.2234,1164,141,6.804982817869416,0.1211340206185567,12.11,0.1262745941446425,12.63,7.888316616969368,6.804982817869416,1.786084729099584,9.82,2,-2.5262199969516086,0.5005237582849937
SAT-DTW,SAT,San Antonio International Airport,DTW,Detroit Metropolitan Airport,29.53369,-98.46978,42.21206,-83.34884,542,72,11.07011070110701,0.1328413284132841,13.28,0.1411387647956824,14.11,3.673082136080239,11.07011070110701,2.905540866432286,9.82,2,-1.978138040061669,-0.42824474076027313
DAY-ATL,DAY,James M. Cox Dayton International Airport,ATL,Hartsfield-Jackson Atlanta International Airport,39.90238,-84.21938,33.64044,-84.42694,1416,160,8.581214689265536,0.1129943502824858,11.3,0.1178173397089895,11.78,9.596096503117376,8.581214689265536,2.252287320017201,9.8,2,-2.414431716452843,0.5751562591547057
HIB-MSP,HIB,Range Regional Airport (Chisholm-Hibbing Airport),MSP,Minneapolis-Saint Paul International Airport,47.3866,-92.83899,44.88055,-93.21692,608,79,12.401315789473683,0.1299342105263158,12.99,0.1378687669474974,13.79,4.120357820547574,12.401315789473683,3.254938527420915,9.79,2,-1.8670068853404826,-0.4754193352029907
MCI-BNA,MCI,Kansas City International Airport,BNA,Nashville International Airport,39.29761,-94.71391,36.12448,-86.67818,1195,143,6.58744769874477,0.1196652719665272,11.97,0.1247962061767012,12.48,8.098400650582814,6.58744769874477,1.7289888973083385,9.77,2,-2.575945877410197,0.5536772147965124
PSP-SEA,PSP,Palm Springs International Airport,SEA,Seattle-Tacoma International Airport,33.82922,-116.50625,47.44898,-122.30931,876,111,7.850456621004566,0.1267123287671233,12.67,0.1327982448758485,13.28,5.93656817565736,7.850456621004566,2.060487302100936,9.76,2,-2.385013859648486,0.15889471108177658
ATL-MDT,ATL,Hartsfield-Jackson Atlanta International Airport,MDT,Harrisburg International Airport,33.64044,-84.42694,40.1935,-76.7634,1037,127,8.161041465766635,0.1224686595949855,12.25,0.1280660395768057,12.81,7.027649769585254,8.161041465766635,2.142005634059484,9.76,2,-2.3862909499019818,0.278350196580134
MSP-GEG,MSP,Minneapolis-Saint Paul International Airport,GEG,Spokane International Airport,44.88055,-93.21692,47.61986,-117.53384,828,106,7.355072463768116,0.1280193236714976,12.8,0.1342791885763234,13.43,5.611276768772025,7.355072463768116,1.930465213587432,9.75,2,-2.4305768655467013,0.1590452809770592
SLC-CDC,SLC,Salt Lake City International Airport,CDC,Cedar City Regional Airport,40.78839,-111.97777,37.70097,-113.09858,623,82,8.568218298555378,0.131621187800963,13.16,0.1391577966788771,13.92,4.222011385199241,8.568218298555378,2.248876193846556,9.74,2,-2.276438374559796,-0.12994939780055556
MSY-MIA,MSY,Louis Armstrong New Orleans International Airport,MIA,Miami International Airport,29.99339,-90.25803,25.79325,-80.29056,680,88,9.452941176470588,0.1294117647058823,12.94,0.1366808807677283,13.67,4.6082949308755765,9.452941176470588,2.48108692295816,9.73,2,-2.2036452276472582,-0.14924725895808588
DCA-MSY,DCA,Ronald Reagan Washington National Airport,MSY,Louis Armstrong New Orleans International Airport,38.85208,-77.03772,29.99339,-90.25803,781,100,8.099871959026888,0.1280409731113956,12.8,0.1346323348454348,13.46,5.292762266196801,8.099871959026888,2.125950645413881,9.72,2,-2.360935104368624,0.05854535334283721
RSW-CMH,RSW,Southwest Florida International Airport,CMH,Port Columbus International Airport,26.53617,-81.75517,39.99799,-82.89188,517,69,7.870406189555125,0.1334622823984526,13.35,0.1419952787663341,14.2,3.5036595283274603,7.870406189555125,2.065723409332054,9.71,2,-2.3483425266853044,-0.15995589327329396
GEG-SLC,GEG,Spokane International Airport,SLC,Salt Lake City International Airport,47.61986,-117.53384,40.78839,-111.97777,1303,149,8.489639293937069,0.1143514965464313,11.44,0.1194662059863351,11.95,8.830306316074816,8.489639293937069,2.2282517831855824,9.71,2,-2.438214093509628,0.4974650360167878
SEA-LIH,SEA,Seattle-Tacoma International Airport,LIH,Lihue Airport,47.44898,-122.30931,21.97598,-159.33896,596,79,6.812080536912752,0.1325503355704698,13.26,0.1402458146534887,14.02,4.039034968826241,6.812080536912752,1.787947647483662,9.69,2,-2.4719413862533717,0.002855904399522585
RDU-MDW,RDU,Raleigh-Durham International Airport,MDW,Chicago Midway International Airport,35.87764,-78.78747,41.78598,-87.75242,1128,135,6.772163120567376,0.1196808510638298,11.97,0.1250904617254301,12.51,7.644348061805367,6.772163120567376,1.777470635319521,9.68,2,-2.5827337758135416,0.4919353597380077
DAB-ATL,DAB,Daytona Beach International Airport,ATL,Hartsfield-Jackson Atlanta International Airport,29.17992,-81.05806,33.64044,-84.42694,1600,170,7.7975,0.10625,10.62,0.1109476982346047,11.09,10.843046896177826,7.7975,2.0465879265091864,9.67,2,-2.6019200717522577,0.8234778751253885
SAT-LAS,SAT,San Antonio International Airport,LAS,McCarran International Airport,29.53369,-98.46978,36.08036,-115.15233,1379,156,6.368382886149384,0.113125453226976,11.31,0.1180602346171928,11.81,9.345351043643264,6.368382886149384,1.671491571167817,9.67,2,-2.6886688431781813,0.7525022488235295
ANC-JNU,ANC,Ted Stevens Anchorage International Airport,JNU,Juneau International Airport,61.17432,-149.99619,58.35496,-134.57628,1112,132,8.377697841726619,0.118705035971223,11.87,0.1242665734313763,12.43,7.535917592843589,8.377697841726619,2.1988708246001623,9.67,2,-2.4233770385142863,0.34311538683488485
SEA-SBA,SEA,Seattle-Tacoma International Airport,SBA,Santa Barbara Municipal Airport (Santa Barbara Airport),47.44898,-122.30931,34.42621,-119.84037,511,67,9.968688845401172,0.1311154598825831,13.11,0.1401163453335976,14.01,3.462998102466793,9.968688845401172,2.6164537651971584,9.66,2,-2.15747145472349,-0.3340408305984562
SLC-SGU,SLC,Salt Lake City International Airport,SGU,St. George Regional Airport,40.78839,-111.97777,37.09058,-113.59306,1332,152,6.618618618618618,0.1141141141141141,11.41,0.1191418205299079,11.91,9.02683654106804,6.618618618618618,1.7371702411072487,9.66,2,-2.6554346565161246,0.6905621255300259
MSP-LAN,MSP,Minneapolis-Saint Paul International Airport,LAN,Capital Region International Airport ( Lansing Capital City),44.88055,-93.21692,42.7787,-84.58736,562,74,7.656583629893238,0.1316725978647686,13.17,0.1398959018109186,13.99,3.808620222282461,7.656583629893238,2.0096020025966506,9.65,2,-2.4023829233361265,-0.0906244251603802
ICT-ATL,ICT,Wichita Dwight D. Eisenhower National Airport (Wichita Mid-Continent Airport),ATL,Hartsfield-Jackson Atlanta International Airport,37.64996,-97.43305,33.64044,-84.42694,1051,125,9.731684110371075,0.1189343482397716,11.89,0.1247707098165318,12.48,7.122526429926809,9.731684110371075,2.554247797997657,9.65,2,-2.2829923753513643,0.1764957887793131
SLC-SMF,SLC,Salt Lake City International Airport,SMF,Sacramento International Airport,40.78839,-111.97777,38.69542,-121.59077,1618,172,6.208281829419036,0.1063040791100123,10.63,0.1109494103602026,11.09,10.965031173759826,6.208281829419036,1.6294702964354424,9.64,2,-2.780347409960612,0.9798545161441501
MSP-GFK,MSP,Minneapolis-Saint Paul International Airport,GFK,Grand Forks International Airport,44.88055,-93.21692,47.94926,-97.17611,801,101,7.796504369538077,0.1260923845193508,12.61,0.1327537036612965,13.28,5.428300352399025,7.796504369538077,2.046326606177973,9.63,2,-2.435316682333071,0.11752503432584391
IAD-MSP,IAD,Washington Dulles International Airport,MSP,Minneapolis-Saint Paul International Airport,38.94453,-77.45581,44.88055,-93.21692,664,84,11.265060240963855,0.1265060240963855,12.65,0.1343077054958483,13.43,4.4998644619137975,11.265060240963855,2.956708724662429,9.63,2,-2.0642539606985952,-0.2989772667239598
MCI-SEA,MCI,Kansas City International Airport,SEA,Seattle-Tacoma International Airport,39.29761,-94.71391,47.44898,-122.30931,519,68,8.61849710982659,0.1310211946050096,13.1,0.1399209806120002,13.99,3.5172133369476826,8.61849710982659,2.26207273223795,9.61,2,-2.317467130998743,-0.20353814149333474
DTW-MDT,DTW,Detroit Metropolitan Airport,MDT,Harrisburg International Airport,42.21206,-83.34884,40.1935,-76.7634,541,70,10.10720887245841,0.1293900184842883,12.94,0.1382388252711827,13.82,3.666305231770128,10.10720887245841,2.6528107276793724,9.61,2,-2.172149584223575,-0.30817385600002273
TUS-PHX,TUS,Tucson International Airport,PHX,Phoenix Sky Harbor International Airport,32.11608,-110.94103,33.43417,-112.00806,1235,142,7.282591093117409,0.1149797570850202,11.5,0.1203079303362008,12.03,8.36947682298726,7.282591093117409,1.9114412317893463,9.6,2,-2.594951645585257,0.5583136077430056
ECP-HOU,ECP,Northwest Florida Beaches International Airport,HOU,William P. Hobby Airport,30.35483,-85.79952,29.64542,-95.27889,550,72,7.467272727272727,0.1309090909090909,13.09,0.1394016723058894,13.94,3.727297370561128,7.467272727272727,1.9599141016463848,9.59,2,-2.4469598420402705,-0.07455143200477035
SMF-SLC,SMF,Sacramento International Airport,SLC,Salt Lake City International Airport,38.69542,-121.59077,40.78839,-111.97777,1611,169,7.05276225946617,0.1049037864680322,10.49,0.1096499631787423,10.96,10.917592843589048,7.05276225946617,1.8511187032719607,9.58,2,-2.7202859150729437,0.9095627557079243
MKE-LAS,MKE,General Mitchell International Airport,LAS,McCarran International Airport,42.94722,-87.89658,36.08036,-115.15233,1187,138,6.797809604043808,0.1162594776748104,11.63,0.1216869362850257,12.17,8.044185416101925,6.797809604043808,1.784201995812023,9.58,2,-2.6403490682627893,0.5592982839873758
IND-LAX,IND,Indianapolis International Airport,LAX,Los Angeles International Airport,39.71733,-86.29438,33.94254,-118.40807,866,105,10.569284064665126,0.1212471131639722,12.12,0.1279617877834659,12.8,5.868799132556248,10.569284064665126,2.774090305686385,9.56,2,-2.2008290837684163,-0.046386881848675114
DTW-ESC,DTW,Detroit Metropolitan Airport,ESC,Delta County Airport,42.21206,-83.34884,45.72267,-87.09373,603,77,9.73134328358209,0.1276948590381426,12.77,0.1360043911789874,13.6,4.086473298997018,9.73134328358209,2.55415834214753,9.56,2,-2.238489388311543,-0.2134969467314244
IND-MSP,IND,Indianapolis International Airport,MSP,Minneapolis-Saint Paul International Airport,39.71733,-86.29438,44.88055,-93.21692,1044,123,8.865900383141762,0.1178160919540229,11.78,0.1237859152087658,12.38,7.075088099756031,8.865900383141762,2.3270079745778904,9.55,2,-2.415859170729839,0.26139626807407196
GSP-MDW,GSP,Greenville-Spartanburg International Airport,MDW,Chicago Midway International Airport,34.89567,-82.21886,41.78598,-87.75242,667,85,8.050974512743629,0.1274362818590704,12.74,0.1350861629710927,13.51,4.520195174844131,8.050974512743629,2.113116670011451,9.55,2,-2.4226683713420822,-0.011520715956167146
HNL-LAS,HNL,Honolulu International Airport,LAS,McCarran International Airport,21.31869,-157.92241,36.08036,-115.15233,886,110,5.832957110609481,0.1241534988713318,12.42,0.130437207909562,13.04,6.004337218758471,5.832957110609481,1.5309598715510448,9.55,2,-2.683579295549333,0.37376265098581607
MHT-MDW,MHT,Manchester-Boston Regional Airport,MDW,Chicago Midway International Airport,42.93452,-71.43706,41.78598,-87.75242,929,113,7.618945102260495,0.1216361679224973,12.16,0.127901930999833,12.79,6.29574410409325,7.618945102260495,1.9997231239528857,9.55,2,-2.5160887937766554,0.26336551572498657
MSP-DAY,MSP,Minneapolis-Saint Paul International Airport,DAY,James M. Cox Dayton International Airport,44.88055,-93.21692,39.90238,-84.21938,596,77,7.582214765100671,0.1291946308724832,12.92,0.1373722514350979,13.74,4.039034968826241,7.582214765100671,1.9900826155119875,9.55,2,-2.459207295578849,-0.03598835041923608
MDT-DTW,MDT,Harrisburg International Airport,DTW,Detroit Metropolitan Airport,40.1935,-76.7634,42.21206,-83.34884,539,69,10.25974025974026,0.1280148423005566,12.8,0.1371065524238312,13.71,3.652751423149905,10.25974025974026,2.692845212530252,9.54,2,-2.1871328995221355,-0.31077295736005095
DSM-ATL,DSM,Des Moines International Airport,ATL,Hartsfield-Jackson Atlanta International Airport,41.53493,-93.66068,33.64044,-84.42694,1005,117,11.99502487562189,0.1164179104477611,11.64,0.1227249656097992,12.27,6.810788831661697,11.99502487562189,3.1483004922892097,9.54,2,-2.0964959544311035,-0.03836930042510596
MCO-DAL,MCO,Orlando International Airport,DAL,Dallas Love Field,28.42889,-81.31603,32.84711,-96.85177,1101,129,7.630336058128973,0.1171662125340599,11.72,0.1229068168183415,12.29,7.461371645432366,7.630336058128973,2.002712876149337,9.54,2,-2.5553586033362734,0.41804418372974966
FLL-MSY,FLL,Fort Lauderdale-Hollywood International Airport,MSY,Louis Armstrong New Orleans International Airport,26.07258,-80.15275,29.99339,-90.25803,991,119,7.349142280524722,0.1200807265388496,12.01,0.1261329853334813,12.61,6.715912171320141,7.349142280524722,1.928908735045859,9.53,2,-2.5623479527252537,0.3437530521581981
CMH-BNA,CMH,Port Columbus International Airport,BNA,Nashville International Airport,39.99799,-82.89188,36.12448,-86.67818,671,85,8.47839046199702,0.1266766020864381,12.67,0.1343853268467291,13.44,4.547302792084576,8.47839046199702,2.2252993338574854,9.53,2,-2.388439059131412,-0.04112742875544704
TPA-MSP,TPA,Tampa International Airport,MSP,Minneapolis-Saint Paul International Airport,27.97547,-82.53325,44.88055,-93.21692,1123,130,8.131789848619768,0.1157613535173642,11.58,0.1215135625501456,12.15,7.610463540254811,8.131789848619768,2.134328044257157,9.51,2,-2.5225042548262158,0.3992333759038651
BOI-SLC,BOI,Boise Airport (Boise Air Terminal),SLC,Salt Lake City International Airport,43.56444,-116.22278,40.78839,-111.97777,1739,172,8.504887866589995,0.0989074180563542,9.89,0.1036493132130658,10.36,11.785036595283277,8.504887866589995,2.23225403322572,9.5,2,-2.648824042992745,0.9072453880107503
MKE-STL,MKE,General Mitchell International Airport,STL,St. Louis International Airport at Lambert Field,42.94722,-87.89658,38.74769,-90.35999,637,81,7.758241758241758,0.1271585557299843,12.72,0.1351575128885049,13.52,4.3168880455407965,7.758241758241758,2.0362839260477057,9.5,2,-2.4721316220126948,-0.003683811574050281
IND-CLT,IND,Indianapolis International Airport,CLT,Charlotte Douglas International Airport,39.71733,-86.29438,35.21401,-80.94313,893,109,6.955207166853303,0.122060470324748,12.21,0.1285106616302398,12.85,6.051775548929249,6.955207166853303,1.8255136920874813,9.5,2,-2.5979625388543988,0.2953479594251213
KOA-SFO,KOA,Kona International Airport at Keahole,SFO,San Francisco International Airport,19.73877,-156.04563,37.619,-122.37484,744,92,9.560483870967742,0.1236559139784946,12.37,0.1310557902829717,13.11,5.042016806722689,9.560483870967742,2.509313351960037,9.5,2,-2.3063168179182716,-0.060971245268750605
ATL-TUS,ATL,Hartsfield-Jackson Atlanta International Airport,TUS,Tucson International Airport,33.64044,-84.42694,32.11608,-110.94103,676,85,8.014792899408285,0.1257396449704142,12.57,0.1335194420087991,13.35,4.581187313635131,8.014792899408285,2.1036201835717283,9.47,2,-2.464747739426727,0.014392230477946508
ATL-ABQ,ATL,Hartsfield-Jackson Atlanta International Airport,ABQ,Albuquerque International Sunport,33.64044,-84.42694,35.04022,-106.60919,891,107,8.681257014590347,0.1200897867564534,12.01,0.1267518536819658,12.68,6.038221740309028,8.681257014590347,2.278545148186443,9.46,2,-2.442240288583037,0.1539408612455204
MSP-BDL,MSP,Minneapolis-Saint Paul International Airport,BDL,Bradley International Airport,44.88055,-93.21692,41.93887,-72.68323,928,112,6.760775862068965,0.1206896551724138,12.07,0.1270535865747355,12.71,6.28896719978314,6.760775862068965,1.7744818535614084,9.46,2,-2.641155480643181,0.3491667089130994
GRB-DTW,GRB,Green Bay-Austin Straubel International Airport,DTW,Detroit Metropolitan Airport,44.48507,-88.12959,42.21206,-83.34884,728,90,8.833791208791208,0.1236263736263736,12.36,0.1311728103850581,13.12,4.933586337760911,8.833791208791208,2.318580369761472,9.45,2,-2.399779863571738,-0.004752317008871029
SAN-SLC,SAN,San Diego International Airport (Lindbergh Field),SLC,Salt Lake City International Airport,32.73356,-117.18966,40.78839,-111.97777,2459,198,5.3948759658397725,0.0805205368035787,8.05,0.0846467710038406,8.46,16.664407698563295,5.3948759658397725,1.4159779437899664,9.45,2,-3.1999419033402563,1.7722797648478943
SEA-BWI,SEA,Seattle-Tacoma International Airport,BWI,Baltimore-Washington International Airport,47.44898,-122.30931,39.1754,-76.6682,751,93,7.44340878828229,0.1238348868175765,12.38,0.1311528636883997,13.12,5.089455136893467,7.44340878828229,1.9536506005990264,9.44,2,-2.5503963807676513,0.13677637341222412
KOA-SEA,KOA,Kona International Airport at Keahole,SEA,Seattle-Tacoma International Airport,19.73877,-156.04563,47.44898,-122.30931,635,81,5.878740157480315,0.1275590551181102,12.76,0.1355252884337797,13.55,4.303334236920574,5.878740157480315,1.542976419286172,9.44,2,-2.687253369539986,0.1634892832944709
SLC-GEG,SLC,Salt Lake City International Airport,GEG,Spokane International Airport,40.78839,-111.97777,47.61986,-117.53384,1307,144,7.003060443764346,0.1101759755164498,11.02,0.1155729118683924,11.56,8.85741393331526,7.003060443764346,1.83807360728723,9.43,2,-2.7190457811553825,0.6730637386199291
ATL-ICT,ATL,Hartsfield-Jackson Atlanta International Airport,ICT,Wichita Dwight D. Eisenhower National Airport (Wichita Mid-Continent Airport),33.64044,-84.42694,37.64996,-97.43305,1056,123,7.462121212121212,0.1164772727272727,11.65,0.1225009403104049,12.25,7.1564109514773655,7.462121212121212,1.9585619979320763,9.43,2,-2.6115575801032294,0.40958255071072985
SLC-BOS,SLC,Salt Lake City International Airport,BOS,Gen. Edward Lawrence Logan International Airport,40.78839,-111.97777,42.36435,-71.00518,621,79,6.449275362318841,0.1272141706924315,12.72,0.1353829223284717,13.54,4.208457576579018,6.449275362318841,1.6927231922096695,9.43,2,-2.6324423435355757,0.1046181950051603
PIT-TPA,PIT,Pittsburgh International Airport,TPA,Tampa International Airport,40.49147,-80.23287,27.97547,-82.53325,902,108,7.740576496674057,0.1197339246119734,11.97,0.1263583702583115,12.64,6.1127676877202495,7.740576496674057,2.031647374455133,9.42,2,-2.5584283848610614,0.2512330649373901
ELP-ATL,ELP,El Paso International Airport,ATL,Hartsfield-Jackson Atlanta International Airport,31.80667,-106.37781,33.64044,-84.42694,782,96,7.71227621483376,0.1227621483375959,12.28,0.1299445430825715,12.99,5.299539170506913,7.71227621483376,2.024219478958992,9.42,2,-2.5347120881524092,0.14337027770559937
RDU-STL,RDU,Raleigh-Durham International Airport,STL,St. Louis International Airport at Lambert Field,35.87764,-78.78747,38.74769,-90.35999,537,68,8.633147113594042,0.1266294227188082,12.66,0.1359671695429013,13.6,3.639197614529683,8.633147113594042,2.265917877583738,9.41,2,-2.4118078400515643,-0.1500600475417944
DCA-SEA,DCA,Ronald Reagan Washington National Airport,SEA,Seattle-Tacoma International Airport,38.85208,-77.03772,47.44898,-122.30931,716,89,7.294692737430168,0.1243016759776536,12.43,0.131876332106407,13.19,4.852263486039577,7.294692737430168,1.914617516385871,9.41,2,-2.5701352350611724,0.12128347351160083
DCA-SLC,DCA,Ronald Reagan Washington National Airport,SLC,Salt Lake City International Airport,38.85208,-77.03772,40.78839,-111.97777,683,82,13.424597364568085,0.1200585651537335,12.01,0.1284943639831777,12.85,4.6286256438059095,13.424597364568085,3.5235163686530404,9.4,2,-1.9553939469454578,-0.42292928910868466
SLC-SNA,SLC,Salt Lake City International Airport,SNA,John Wayne Airport (Orange County Airport),40.78839,-111.97777,33.67566,-117.86822,1703,170,5.520845566647093,0.0998238402818555,9.98,0.1046095879083905,10.46,11.541068040119274,5.520845566647093,1.4490408311409693,9.38,2,-2.9937241059839583,1.150209260365342
EUG-LAX,EUG,Eugene Airport (Mahlon Sweet Field),LAX,Los Angeles International Airport,44.12326,-123.21869,33.94254,-118.40807,538,67,10.576208178438662,0.1245353159851301,12.45,0.1341866567379751,13.42,3.6459745188397936,10.576208178438662,2.775907658382851,9.38,2,-2.230415942559703,-0.30721091501131964
BHM-TPA,BHM,Birmingham-Shuttlesworth International Airport,TPA,Tampa International Airport,33.56294,-86.75355,27.97547,-82.53325,681,84,8.362701908957415,0.1233480176211453,12.33,0.1313842343134803,13.14,4.615071835185687,8.362701908957415,2.194934884240792,9.37,2,-2.4780692754827265,0.00863617918524116
DTW-MEM,DTW,Detroit Metropolitan Airport,MEM,Memphis International Airport,42.21206,-83.34884,35.04242,-89.97667,513,65,8.04093567251462,0.1267056530214425,12.67,0.1363965530160328,13.64,3.476551911087016,8.04093567251462,2.110481803809612,9.37,2,-2.486620431084834,-0.11405950114301512
MSP-MIA,MSP,Minneapolis-Saint Paul International Airport,MIA,Miami International Airport,44.88055,-93.21692,25.79325,-80.29056,896,106,8.603794642857142,0.1183035714285714,11.83,0.1251115331313535,12.51,6.072106261859583,8.603794642857142,2.258213817022872,9.36,2,-2.4949721556214284,0.18111992149008083
MEM-MSP,MEM,Memphis International Airport,MSP,Minneapolis-Saint Paul International Airport,35.04242,-89.97667,44.88055,-93.21692,518,65,8.928571428571429,0.1254826254826254,12.55,0.1352930210337025,13.53,3.510436432637571,8.928571428571429,2.3434570678665168,9.35,2,-2.4079734015038867,-0.18010074213269792
HOB-IAH,HOB,Lea County Regional Airport,IAH,George Bush Intercontinental Airport,32.68753,-103.21703,29.98047,-95.33972,600,73,12.16,0.1216666666666666,12.17,0.1308729814268973,13.09,4.066142586066684,12.16,3.1916010498687664,9.35,2,-2.092371726103806,-0.38097643842292833
PIT-MSP,PIT,Pittsburgh International Airport,MSP,Minneapolis-Saint Paul International Airport,40.49147,-80.23287,44.88055,-93.21692,582,73,7.86254295532646,0.1254295532646048,12.54,0.1343271070364049,13.43,3.944158308484684,7.86254295532646,2.0636595683271546,9.35,2,-2.5202239668618485,-0.035549117178386894
SEA-PSP,SEA,Seattle-Tacoma International Airport,PSP,Palm Springs International Airport,47.44898,-122.30931,33.82922,-116.50625,878,105,6.514806378132119,0.1195899772209567,11.96,0.1263917044977792,12.64,5.950121984277582,6.514806378132119,1.7099229338929445,9.33,2,-2.716845984402261,0.3483239693325097
SLC-CLT,SLC,Salt Lake City International Airport,CLT,Charlotte Douglas International Airport,40.78839,-111.97777,35.21401,-80.94313,668,83,6.702095808383233,0.124251497005988,12.43,0.1323061028630574,13.23,4.526972079154242,6.702095808383233,1.7590802646675154,9.33,2,-2.657915311154568,0.14224837445000393
PDX-SNA,PDX,Portland International Airport,SNA,John Wayne Airport (Orange County Airport),45.58872,-122.5975,33.67566,-117.86822,1291,141,6.562354763749032,0.1092176607281177,10.92,0.1147455693737082,11.47,8.748983464353485,6.562354763749032,1.7224028251309795,9.33,2,-2.8042940346421292,0.7119174743355381
SJU-STT,SJU,Luis Muñoz Marín International Airport,STT,Cyril E. King Airport,18.43942,-66.00183,18.33731,-64.97336,725,88,8.564137931034482,0.1213793103448275,12.14,0.1292255599985795,12.92,4.913255624830577,8.564137931034482,2.247805231242646,9.32,2,-2.486722930242431,0.03911181939753074
IAH-MLU,IAH,George Bush Intercontinental Airport,MLU,Monroe Regional Airport,29.98047,-95.33972,32.51087,-92.03769,853,102,7.070339976553341,0.1195779601406799,11.96,0.1265593777532299,12.66,5.780699376524804,7.070339976553341,1.855732277310588,9.32,2,-2.660356177708919,0.28027049063355153
MSP-HIB,MSP,Minneapolis-Saint Paul International Airport,HIB,Range Regional Airport (Chisholm-Hibbing Airport),44.88055,-93.21692,47.3866,-92.83899,615,77,6.25040650406504,0.1252032520325203,12.52,0.133721799998361,13.37,4.167796150718352,6.25040650406504,1.640526641486887,9.31,2,-2.706051571786759,0.13770550574078583
RDU-DTW,RDU,Raleigh-Durham International Airport,DTW,Detroit Metropolitan Airport,35.87764,-78.78747,42.21206,-83.34884,1093,123,8.379688929551692,0.1125343092406221,11.25,0.1187016655480537,11.87,7.407156410951478,8.379688929551692,2.1993934198298404,9.3,2,-2.587166209013372,0.38602053951226706
ALB-DTW,ALB,Albany International Airport,DTW,Detroit Metropolitan Airport,42.74812,-73.80298,42.21206,-83.34884,546,68,8.291208791208792,0.1245421245421245,12.45,0.1340728900910652,13.41,3.700189753320683,8.291208791208792,2.176170286406507,9.3,2,-2.498586849881714,-0.09218736582389196
ATW-DTW,ATW,Appleton International Airport,DTW,Detroit Metropolitan Airport,44.25741,-88.51948,42.21206,-83.34884,522,65,8.81800766283525,0.1245210727969348,12.45,0.1344229694514921,13.44,3.5375440498780155,8.81800766283525,2.314437706780905,9.3,2,-2.443066735253673,-0.15746093546293777
BDL-DTW,BDL,Bradley International Airport,DTW,Detroit Metropolitan Airport,41.93887,-72.68323,42.21206,-83.34884,1491,153,7.58148893360161,0.1026156941649899,10.26,0.1078636624756933,10.79,10.10436432637571,7.58148893360161,1.9898921085568528,9.3,2,-2.7670868965019046,0.8037441484409461
PDX-IAH,PDX,Portland International Airport,IAH,George Bush Intercontinental Airport,45.58872,-122.5975,29.98047,-95.33972,824,98,7.614077669902913,0.1189320388349514,11.89,0.1262024751069568,12.62,5.58416915153158,7.614077669902913,1.9984455826516832,9.27,2,-2.623506793054481,0.21731823007714218
SLC-BWI,SLC,Salt Lake City International Airport,BWI,Baltimore-Washington International Airport,40.78839,-111.97777,39.1754,-76.6682,1074,122,6.559590316573557,0.1135940409683426,11.36,0.1197709429291551,11.98,7.278395229059366,6.559590316573557,1.721677248444503,9.27,2,-2.78223372469153,0.5304767921888226
MHT-MCO,MHT,Manchester-Boston Regional Airport,MCO,Orlando International Airport,42.93452,-71.43706,28.42889,-81.31603,752,89,10.179521276595745,0.1183510638297872,11.84,0.1263040927216292,12.63,5.096232041203578,10.179521276595745,2.6717903613112197,9.25,2,-2.3591033987518886,-0.06224191247322983
MSY-LAS,MSY,Louis Armstrong New Orleans International Airport,LAS,McCarran International Airport,29.99339,-90.25803,36.08036,-115.15233,762,92,6.586614173228346,0.1207349081364829,12.07,0.1283191264487565,12.83,5.164001084304689,6.586614173228346,1.7287701242069151,9.25,2,-2.7242341512573707,0.2521121805708009
ATL-MSN,ATL,Hartsfield-Jackson Atlanta International Airport,MSN,Dane County Regional Airport,33.64044,-84.42694,43.13986,-89.33751,978,112,8.038854805725972,0.1145194274028629,11.45,0.1211605630786903,12.12,6.627812415288696,8.038854805725972,2.1099356445474995,9.25,2,-2.6221066579839887,0.32289192102805425
SRQ-ATL,SRQ,Sarasota-Bradenton International Airport,ATL,Hartsfield-Jackson Atlanta International Airport,27.39533,-82.55411,33.64044,-84.42694,2098,180,6.444709246901812,0.0857959961868446,8.58,0.0903599121923695,9.04,14.217945242613176,6.444709246901812,1.6915247367196355,9.23,2,-3.085648973937993,1.4200253984445101
CMH-LAS,CMH,Port Columbus International Airport,LAS,McCarran International Airport,39.99799,-82.89188,36.08036,-115.15233,683,83,7.338213762811128,0.1215226939970717,12.15,0.1297715031913514,12.98,4.6286256438059095,7.338213762811128,1.9260403576932092,9.23,2,-2.6429247341235036,0.120525802471462
SLC-MSP,SLC,Salt Lake City International Airport,MSP,Minneapolis-Saint Paul International Airport,40.78839,-111.97777,44.88055,-93.21692,1998,178,5.446446446446447,0.0890890890890891,8.91,0.0937135781691268,9.37,13.54025481160206,5.446446446446447,1.429513503004317,9.22,2,-3.159443390101917,1.425441016645534
ATL-SNA,ATL,Hartsfield-Jackson Atlanta International Airport,SNA,John Wayne Airport (Orange County Airport),33.64044,-84.42694,33.67566,-117.86822,1051,119,6.670789724072312,0.1132254995242626,11.32,0.1195578514325179,11.96,7.122526429926809,6.670789724072312,1.7508634446384022,9.22,2,-2.7880204867592653,0.5083791955417484
OMA-DTW,OMA,Eppley Airfield,DTW,Detroit Metropolitan Airport,41.30252,-95.89417,42.21206,-83.34884,786,92,10.249363867684478,0.1170483460559796,11.7,0.1248432133169617,12.48,5.326646787747357,10.249363867684478,2.69012175004842,9.22,2,-2.3721429048527227,-0.03232957417715814
MKE-SEA,MKE,General Mitchell International Airport,SEA,Seattle-Tacoma International Airport,42.94722,-87.89658,47.44898,-122.30931,600,73,8.488333333333333,0.1216666666666666,12.17,0.1308729814268973,13.09,4.066142586066684,8.488333333333333,2.2279090113735784,9.2,2,-2.528211050575007,-0.045014893007255516
PIT-PHX,PIT,Pittsburgh International Airport,PHX,Phoenix Sky Harbor International Airport,40.49147,-80.23287,33.43417,-112.00806,1061,120,5.849198868991517,0.1131008482563619,11.31,0.1193893944865014,11.94,7.190295473027921,5.849198868991517,1.5352228002602406,9.19,2,-2.8851193788102036,0.5912398908553296
MKE-MCI,MKE,General Mitchell International Airport,MCI,Kansas City International Airport,42.94722,-87.89658,39.29761,-94.71391,661,80,7.3993948562783665,0.1210287443267776,12.1,0.129580929039196,12.96,4.479533748983465,7.3993948562783665,1.942098387474637,9.19,2,-2.6539282935215,0.10454220050804999
PDX-MDW,PDX,Portland International Airport,MDW,Chicago Midway International Airport,45.58872,-122.5975,41.78598,-87.75242,695,84,6.761151079136691,0.1208633093525179,12.09,0.1290705496840605,12.91,4.709948495527243,6.761151079136691,1.7745803357314147,9.19,2,-2.7221339688615926,0.18773785335575446
TPA-LAS,TPA,Tampa International Airport,LAS,McCarran International Airport,27.97547,-82.53325,36.08036,-115.15233,633,77,7.216429699842022,0.1216429699842022,12.16,0.1304380450188651,13.04,4.289780428300352,7.216429699842022,1.8940760367039424,9.18,2,-2.6711088126186624,0.09600728037654914
PVD-TPA,PVD,Theodore Francis Green State Airport,TPA,Tampa International Airport,41.724,-71.42822,27.97547,-82.53325,718,86,7.084958217270195,0.1197771587743732,11.98,0.1278864144239953,12.79,4.8658172946598,7.084958217270195,1.8595690858976888,9.17,2,-2.702553697061716,0.18446442986737344
BNA-SAT,BNA,Nashville International Airport,SAT,San Antonio International Airport,36.12448,-86.67818,29.53369,-98.46978,622,76,6.47427652733119,0.1221864951768488,12.22,0.131040286701978,13.1,4.21523448088913,6.47427652733119,1.699285177777215,9.17,2,-2.748820004863589,0.15076324305881478
CLE-BNA,CLE,Cleveland Hopkins International Airport,BNA,Nashville International Airport,41.41089,-81.8494,36.12448,-86.67818,870,102,5.8,0.1172413793103448,11.72,0.1243413268029156,12.43,5.895906749796693,5.8,1.5223097112860893,9.16,2,-2.8638343330688887,0.43051778660154005
SLC-JAC,SLC,Salt Lake City International Airport,JAC,Jackson Hole Airport,40.78839,-111.97777,43.60732,-110.73774,1030,115,8.288349514563107,0.1116504854368932,11.17,0.1182398999989629,11.82,6.980211439414476,8.288349514563107,2.175419820095304,9.16,2,-2.64520120340019,0.36033956944108303
TYR-IAH,TYR,Tyler Pounds Regional Airport,IAH,George Bush Intercontinental Airport,32.35414,-95.40239,29.98047,-95.33972,745,88,8.014765100671141,0.1181208053691275,11.81,0.1261669668625185,12.62,5.0487937110328,8.014765100671141,2.1036128873152604,9.15,2,-2.6232696965678994,0.1337106422362341
ECP-IAH,ECP,Northwest Florida Beaches International Airport,IAH,George Bush Intercontinental Airport,30.35483,-85.79952,29.98047,-95.33972,588,70,10.921768707482991,0.119047619047619,11.9,0.1287951845913199,12.88,3.984819734345351,10.921768707482991,2.8666059599692897,9.15,2,-2.3057943994444012,-0.25088044301694945
PVD-ATL,PVD,Theodore Francis Green State Airport,ATL,Hartsfield-Jackson Atlanta International Airport,41.724,-71.42822,33.64044,-84.42694,1020,113,9.248039215686276,0.1107843137254901,11.08,0.1175098991060965,11.75,6.912442396313365,9.248039215686276,2.4273068807575524,9.14,2,-2.556645417928228,0.27383814231135195
OMA-ATL,OMA,Eppley Airfield,ATL,Hartsfield-Jackson Atlanta International Airport,41.30252,-95.89417,33.64044,-84.42694,1692,159,8.331560283687944,0.0939716312056737,9.4,0.0991133297984532,9.91,11.46652209270805,8.331560283687944,2.186761229314421,9.14,2,-2.818706585011754,0.9335500528303299
OGG-SJC,OGG,Kahului Airport,SJC,Norman Y. Mineta San José International Airport,20.89865,-156.43046,37.36186,-121.92901,728,86,8.07967032967033,0.1181318681318681,11.81,0.126341892510662,12.63,4.933586337760911,8.07967032967033,2.1206483804909,9.13,2,-2.6223429457016367,0.11635819927064643
IAH-CLL,IAH,George Bush Intercontinental Airport,CLL,Easterwood Airport,29.98047,-95.33972,30.58859,-96.36382,757,89,7.088507265521796,0.1175693527080581,11.76,0.1255671960313047,12.56,5.130116562754134,7.088507265521796,1.860500594625144,9.1,2,-2.741602992529153,0.23169842575638355
LEX-DTW,LEX,Blue Grass Airport,DTW,Detroit Metropolitan Airport,38.03697,-84.60539,42.21206,-83.34884,570,68,9.452631578947368,0.119298245614035,11.93,0.1292702791027285,12.93,3.862835456763351,9.452631578947368,2.4810056637657136,9.1,2,-2.4768545142073854,-0.13167790582094477
ATL-GRR,ATL,Hartsfield-Jackson Atlanta International Airport,GRR,Gerald R. Ford International Airport,33.64044,-84.42694,42.88082,-85.52277,1400,143,6.715,0.1021428571428571,10.21,0.1077407246658854,10.77,9.487666034155598,6.715,1.7624671916010497,9.1,2,-2.9219271600609478,0.8296434935897862
ATL-PDX,ATL,Hartsfield-Jackson Atlanta International Airport,PDX,Portland International Airport,33.64044,-84.42694,45.58872,-122.5975,1170,126,6.8247863247863245,0.1076923076923077,10.77,0.1138669976368725,11.39,7.928978042830035,6.8247863247863245,1.7912824999439172,9.08,2,-2.8614194586501873,0.6217644746866119
ATL-BUF,ATL,Hartsfield-Jackson Atlanta International Airport,BUF,Buffalo Niagara International Airport,33.64044,-84.42694,42.94052,-78.73217,1710,161,5.869005847953217,0.0941520467836257,9.42,0.0992326447507337,9.92,11.588506370290052,5.869005847953217,1.540421482402419,9.08,2,-3.098308603961865,1.1687198622002368
SLC-ABQ,SLC,Salt Lake City International Airport,ABQ,Albuquerque International Sunport,40.78839,-111.97777,35.04022,-106.60919,1035,115,6.422222222222223,0.1111111111111111,11.11,0.1177190193822274,11.77,7.01409596096503,6.422222222222223,1.6856226305045203,9.07,2,-2.877480946677895,0.5399079552868878
FLL-STL,FLL,Fort Lauderdale-Hollywood International Airport,STL,St. Louis International Airport at Lambert Field,26.07258,-80.15275,38.74769,-90.35999,516,62,8.251937984496124,0.1201550387596899,12.02,0.1308621542188768,13.09,3.4968826240173487,8.251937984496124,2.165862988056725,9.05,2,-2.6120912283239495,-0.06946317011125848
ALB-MCO,ALB,Albany International Airport,MCO,Orlando International Airport,42.74812,-73.80298,28.42889,-81.31603,717,83,9.317991631799163,0.1157601115760111,11.58,0.1243709755187615,12.44,4.859040390349689,9.317991631799163,2.4456670949604105,9.05,2,-2.534014410403202,0.01701679423251563
LAR-DEN,LAR,Laramie Regional Airport,DEN,Denver International Airport,41.31205,-105.67499,39.85841,-104.667,608,72,8.09375,0.1184210526315789,11.84,0.1279817612977798,12.8,4.120357820547574,8.09375,2.124343832020997,9.03,2,-2.649297578713423,0.02818311389344797
ATL-DSM,ATL,Hartsfield-Jackson Atlanta International Airport,DSM,Des Moines International Airport,33.64044,-84.42694,41.53493,-93.66068,1007,111,7.23038728897716,0.1102284011916583,11.02,0.1170831860874689,11.71,6.824342640281919,7.23038728897716,1.897739445925764,9.02,2,-2.8139951541216597,0.45541466687689597
IAH-ECP,IAH,George Bush Intercontinental Airport,ECP,Northwest Florida Beaches International Airport,29.98047,-95.33972,30.35483,-85.79952,597,71,7.164154103852597,0.1189279731993299,11.89,0.128566839309653,12.86,4.045811873136351,7.164154103852597,1.8803554078353275,9.01,2,-2.7504048381229143,0.10064208477328902
TUS-MDW,TUS,Tucson International Airport,MDW,Chicago Midway International Airport,32.11608,-110.94103,41.78598,-87.75242,523,63,6.60038240917782,0.1204588910133843,12.05,0.1309969293721158,13.1,3.544320954188126,6.60038240917782,1.732383834429874,9.01,2,-2.799056971696935,0.08443346312300394
BUF-FLL,BUF,Buffalo Niagara International Airport,FLL,Fort Lauderdale-Hollywood International Airport,42.94052,-78.73217,26.07258,-80.15275,619,73,8.046849757673668,0.1179321486268174,11.79,0.127414585533836,12.74,4.194903767958796,8.046849757673668,2.1120340571321963,9.01,2,-2.6641163380470503,0.04507023432852859
DTW-TVC,DTW,Detroit Metropolitan Airport,TVC,Cherry Capital Airport,42.21206,-83.34884,44.74144,-85.58224,813,92,9.103321033210332,0.1131611316113161,11.32,0.1211512453437329,12.12,5.509623204120357,9.103321033210332,2.3893231058294835,9.01,2,-2.5902459540245784,0.12645077967620755
PDX-BOS,PDX,Portland International Airport,BOS,Gen. Edward Lawrence Logan International Airport,45.58872,-122.5975,42.36435,-71.00518,516,62,7.032945736434108,0.1201550387596899,12.02,0.1308621542188768,13.09,3.4968826240173487,7.032945736434108,1.8459175161244377,9.01,2,-2.7556334488571106,0.042477872135719914
ISP-FLL,ISP,Long Island MacArthur Airport,FLL,Fort Lauderdale-Hollywood International Airport,40.79524,-73.10021,26.07258,-80.15275,579,69,7.212435233160622,0.1191709844559585,11.92,0.1290295832088779,12.9,3.923827595554351,7.212435233160622,1.8930276202521317,9.0,2,-2.744890722446003,0.08080037363736892
CLT-MDW,CLT,Charlotte Douglas International Airport,MDW,Chicago Midway International Airport,35.21401,-80.94313,41.78598,-87.75242,671,78,8.769001490312966,0.1162444113263785,11.62,0.1253062088181947,12.53,4.547302792084576,8.769001490312966,2.301575194307865,9.0,2,-2.603611999527243,0.031362011751211005
OMA-LAS,OMA,Eppley Airfield,LAS,McCarran International Airport,41.30252,-95.89417,36.08036,-115.15233,921,103,7.472312703583062,0.1118349619978284,11.18,0.1191097815855319,11.91,6.2415288696123605,7.472312703583062,1.9612369300742944,9.0,2,-2.7790961251700415,0.36138021732421965
DCA-HOU,DCA,Ronald Reagan Washington National Airport,HOU,William P. Hobby Airport,38.85208,-77.03772,29.64542,-95.27889,1328,136,6.149096385542169,0.1024096385542168,10.24,0.1082710693269104,10.83,8.999728923827595,6.149096385542169,1.6139360591974197,8.99,2,-3.01084187710854,0.8325202125144265
MSP-ABR,MSP,Minneapolis-Saint Paul International Airport,ABR,Aberdeen Regional Airport,44.88055,-93.21692,45.44906,-98.42183,728,85,6.054945054945055,0.1167582417582417,11.68,0.1251341630420629,12.51,4.933586337760911,6.054945054945055,1.589224423870093,8.98,2,-2.894463999161519,0.31419369549999115
OGG-DFW,OGG,Kahului Airport,DFW,Dallas/Fort Worth International Airport,20.89865,-156.43046,32.89595,-97.0372,533,61,13.283302063789868,0.1144465290806754,11.44,0.1257679099507553,12.58,3.6120899972892384,13.283302063789868,3.486430987871356,8.97,2,-2.1458334259905696,-0.46292120792970387
STL-CLE,STL,St. Louis International Airport at Lambert Field,CLE,Cleveland Hopkins International Airport,38.74769,-90.35999,41.41089,-81.8494,526,62,8.979087452471482,0.11787072243346,11.79,0.1287717044709714,12.88,3.5646516671184605,8.979087452471482,2.356715866790416,8.97,2,-2.5770569010645956,-0.10687666036866272
CMH-TPA,CMH,Port Columbus International Airport,TPA,Tampa International Airport,39.99799,-82.89188,27.97547,-82.53325,702,82,6.047008547008547,0.1168091168091168,11.68,0.1254502331656211,12.55,4.757386825698021,6.047008547008547,1.5871413509208785,8.96,2,-2.901585623647206,0.2964306111120399
CLE-MKE,CLE,Cleveland Hopkins International Airport,MKE,General Mitchell International Airport,41.41089,-81.8494,42.94722,-87.89658,825,94,6.71030303030303,0.1139393939393939,11.39,0.1217417156744088,12.17,5.590946055841692,6.71030303030303,1.761234391155651,8.96,2,-2.8536011947356443,0.34712690188853473
MSN-ATL,MSN,Dane County Regional Airport,ATL,Hartsfield-Jackson Atlanta International Airport,43.13986,-89.33751,33.64044,-84.42694,974,105,9.890143737166325,0.1078028747433264,10.78,0.1150941219728381,11.51,6.600704798048252,9.890143737166325,2.595838251224757,8.95,2,-2.5714286419173007,0.21210192499436945
BRO-IAH,BRO,Brownsville/South Padre Island International Airport,IAH,George Bush Intercontinental Airport,25.90683,-97.42586,29.98047,-95.33972,1363,135,7.798239178283199,0.099046221570066,9.9,0.1049973253580506,10.5,9.236920574681486,7.798239178283199,2.0467819365572697,8.92,2,-2.8875010635484695,0.7335305819504586
MDT-ATL,MDT,Harrisburg International Airport,ATL,Hartsfield-Jackson Atlanta International Airport,40.1935,-76.7634,33.64044,-84.42694,1036,110,9.382239382239382,0.1061776061776061,10.62,0.1132139850341797,11.32,7.020872865275142,9.382239382239382,2.46253002158514,8.92,2,-2.6488983988725012,0.31408674380626267
BNA-DCA,BNA,Nashville International Airport,DCA,Ronald Reagan Washington National Airport,36.12448,-86.67818,38.85208,-77.03772,1046,112,7.564053537284895,0.1070745697896749,10.71,0.1139712801036894,11.4,7.088641908376253,7.564053537284895,1.9853158890511533,8.91,2,-2.8378084307592073,0.4786464423653502
SLC-STL,SLC,Salt Lake City International Airport,STL,St. Louis International Airport at Lambert Field,40.78839,-111.97777,38.74769,-90.35999,532,63,6.49812030075188,0.1184210526315789,11.84,0.1291314667702977,12.91,3.6053130929791273,6.49812030075188,1.7055433860241154,8.9,2,-2.8585409181126176,0.11997394205552396
DRO-PHX,DRO,Durango-La Plata County Airport,PHX,Phoenix Sky Harbor International Airport,37.15152,-107.75377,33.43417,-112.00806,737,83,9.373134328358208,0.112618724559023,11.26,0.121399148146748,12.14,4.994578476551912,9.373134328358208,2.460140243663572,8.9,2,-2.598487667887968,0.05546131641651024
SYR-ATL,SYR,Syracuse Hancock International Airport,ATL,Hartsfield-Jackson Atlanta International Airport,43.11119,-76.10631,33.64044,-84.42694,1045,110,9.63157894736842,0.1052631578947368,10.53,0.1123240934487582,11.23,7.081865004066143,9.63157894736842,2.527973476999586,8.89,2,-2.6389297300917836,0.3053418394163177
MSP-SNA,MSP,Minneapolis-Saint Paul International Airport,SNA,John Wayne Airport (Orange County Airport),44.88055,-93.21692,33.67566,-117.86822,997,110,4.222668004012036,0.1103309929789368,11.03,0.117238912487537,11.72,6.756573597180808,4.222668004012036,1.10831181207665,8.89,2,-3.1728220799943356,0.7234971794517826
RKS-DEN,RKS,Rock Springs-Sweetwater County Airport,DEN,Denver International Airport,41.59422,-109.06519,39.85841,-104.667,672,75,11.930059523809524,0.1116071428571428,11.16,0.1212578847135079,12.13,4.554079696394687,11.930059523809524,3.131249218847644,8.89,2,-2.337854165423492,-0.21395202990997092
PDX-OGG,PDX,Portland International Airport,OGG,Kahului Airport,45.58872,-122.5975,20.89865,-156.43046,623,73,5.613162118780096,0.117174959871589,11.72,0.1267096638987941,12.67,4.222011385199241,5.613162118780096,1.4732708973176103,8.88,2,-2.9686972980976982,0.27754004572317836
ATL-ROC,ATL,Hartsfield-Jackson Atlanta International Airport,ROC,Greater Rochester International Airport,33.64044,-84.42694,43.11887,-77.67238,1054,112,7.313092979127135,0.1062618595825427,10.63,0.1131811845743744,11.32,7.142857142857142,7.313092979127135,1.9194469761488544,8.87,2,-2.88434125789389,0.5143612167999042
ROC-ATL,ROC,Greater Rochester International Airport,ATL,Hartsfield-Jackson Atlanta International Airport,43.11887,-77.67238,33.64044,-84.42694,1050,108,11.872380952380952,0.1028571428571428,10.29,0.1100965973902853,11.01,7.115749525616698,11.872380952380952,3.1161104861892266,8.85,2,-2.43164868902967,0.1248472851983771
MSP-CMH,MSP,Minneapolis-Saint Paul International Airport,CMH,Port Columbus International Airport,44.88055,-93.21692,39.99799,-82.89188,521,61,7.095969289827256,0.1170825335892514,11.71,0.1281982077275815,12.82,3.530767145567905,7.095969289827256,1.862459131188256,8.85,2,-2.820287268584864,0.06955937032501233
PIT-FLL,PIT,Pittsburgh International Airport,FLL,Fort Lauderdale-Hollywood International Airport,40.49147,-80.23287,26.07258,-80.15275,794,88,8.095717884130982,0.1108312342569269,11.08,0.1192517751664744,11.93,5.380862022228246,8.095717884130982,2.1248603370422527,8.82,2,-2.7739835859668998,0.22782049410194108
OGG-KOA,OGG,Kahului Airport,KOA,Kona International Airport at Keahole,20.89865,-156.43046,19.73877,-156.04563,907,100,5.460859977949284,0.1102535832414553,11.03,0.117786580932302,11.78,6.146652209270806,5.460859977949284,1.4332965821389196,8.82,2,-3.0604895465464517,0.5501525032316376
MSP-ISN,MSP,Minneapolis-Saint Paul International Airport,ISN,Sloulin Field International Airport,44.88055,-93.21692,48.17794,-103.64235,1133,117,7.252427184466019,0.1032656663724624,10.33,0.1099846609885061,11.0,7.678232583355923,7.252427184466019,1.9035241953979052,8.81,2,-2.9361145737835517,0.5983772079483584
GSP-IAH,GSP,Greenville-Spartanburg International Airport,IAH,George Bush Intercontinental Airport,34.89567,-82.21886,29.98047,-95.33972,553,62,10.978300180831829,0.1121157323688969,11.21,0.1234473001513447,12.34,3.747628083491461,10.978300180831829,2.8814436170162274,8.77,2,-2.4703466543906947,-0.2151373690894633
BHM-DAL,BHM,Birmingham-Shuttlesworth International Airport,DAL,Dallas Love Field,33.56294,-86.75355,32.84711,-96.85177,734,82,7.1730245231607626,0.1117166212534059,11.17,0.1206367949626236,12.06,4.974247763621578,7.1730245231607626,1.8826836018794653,8.76,2,-2.882616489814383,0.2634583517272335
SNA-PDX,SNA,John Wayne Airport (Orange County Airport),PDX,Portland International Airport,33.67566,-117.86822,45.58872,-122.5975,1290,128,6.1465116279069765,0.0992248062015503,9.92,0.1054756021574303,10.55,8.742206560043373,6.1465116279069765,1.6132576451199414,8.76,2,-3.1079646958660265,0.8364855272405607
MSP-IND,MSP,Minneapolis-Saint Paul International Airport,IND,Indianapolis International Airport,44.88055,-93.21692,39.71733,-86.29438,968,104,5.8078512396694215,0.1074380165289256,10.74,0.1148043885756817,11.48,6.560043372187585,5.8078512396694215,1.524370404112709,8.76,2,-3.067196843214167,0.5854824343805846
HRL-IAH,HRL,Valley International Airport,IAH,George Bush Intercontinental Airport,26.22851,-97.65439,29.98047,-95.33972,1284,126,7.567757009345795,0.0981308411214953,9.81,0.1044877796234307,10.45,8.701545134182705,7.567757009345795,1.986287928962151,8.74,2,-2.9707691769818996,0.7119649180860746
MSP-DLH,MSP,Minneapolis-Saint Paul International Airport,DLH,Duluth International Airport,44.88055,-93.21692,46.84209,-92.19365,716,80,6.856145251396648,0.1117318435754189,11.17,0.1208469203417011,12.08,4.852263486039577,6.856145251396648,1.799513189342952,8.73,2,-2.9255639160190072,0.2801705651206052
SAN-ATL,SAN,San Diego International Airport (Lindbergh Field),ATL,Hartsfield-Jackson Atlanta International Airport,32.73356,-117.18966,33.64044,-84.42694,2210,167,3.956561085972851,0.0755656108597285,7.56,0.0803511199129126,8.04,14.97695852534562,3.956561085972851,1.0384674766332942,8.72,2,-3.608496720882242,1.7917556685979577
SLC-ONT,SLC,Salt Lake City International Airport,ONT,Ontario International Airport,40.78839,-111.97777,34.056,-117.60119,1028,108,6.0,0.1050583657587548,10.51,0.1122438714528618,11.22,6.966657630794253,6.0,1.574803149606299,8.71,2,-3.0814950376771097,0.6285551480412728
LIH-OGG,LIH,Lihue Airport,OGG,Kahului Airport,21.97598,-159.33896,20.89865,-156.43046,1424,136,4.90308988764045,0.095505617977528,9.55,0.10145084448742,10.15,9.650311737598264,4.90308988764045,1.286900232976496,8.7,2,-3.29557283835893,1.0672056939505339
ANC-SCC,ANC,Ted Stevens Anchorage International Airport,SCC,Deadhorse Airport (Prudhoe Bay Airport),61.17432,-149.99619,70.19476,-148.46516,717,80,6.189679218967922,0.1115760111576011,11.16,0.1206990048945265,12.07,4.859040390349689,6.189679218967922,1.6245877215138902,8.7,2,-3.0066569728271904,0.342785681427015
MSP-RHI,MSP,Minneapolis-Saint Paul International Airport,RHI,Rhinelander-Oneida County Airport,44.88055,-93.21692,45.63119,-89.46745,725,80,7.507586206896551,0.1103448275862069,11.03,0.1195285903016098,11.95,4.913255624830577,7.507586206896551,1.9704950674269164,8.69,2,-2.879145279817278,0.23960079974060725
ATL-SMF,ATL,Hartsfield-Jackson Atlanta International Airport,SMF,Sacramento International Airport,33.64044,-84.42694,38.69542,-121.59077,609,69,5.891625615763547,0.1133004926108374,11.33,0.123569939349546,12.36,4.127134724857686,5.891625615763547,1.5463584293342645,8.68,2,-3.03079593064539,0.2788008790353711
SJU-BWI,SJU,Luis Muñoz Marín International Airport,BWI,Baltimore-Washington International Airport,18.43942,-66.00183,39.1754,-76.6682,651,72,8.192012288786483,0.1105990783410138,11.06,0.1206539107840587,12.07,4.411764705882353,8.192012288786483,2.150134458999077,8.67,2,-2.810757420327835,0.12312849725407547
LRD-IAH,LRD,Laredo International Airport,IAH,George Bush Intercontinental Airport,27.54374,-99.46154,29.98047,-95.33972,980,101,9.210204081632654,0.1030612244897959,10.31,0.1107510064803964,11.08,6.641366223908918,9.210204081632654,2.417376399378649,8.67,2,-2.7671304825889016,0.32091246865827944
CAK-MCO,CAK,Akron-Canton Regional Airport,MCO,Orlando International Airport,40.91631,-81.44247,28.42889,-81.31603,572,64,8.229020979020978,0.1118881118881118,11.19,0.1229331651768275,12.29,3.876389265383573,8.229020979020978,2.159848025989758,8.67,2,-2.7963526544957387,0.05231352604059207
PHX-DRO,PHX,Phoenix Sky Harbor International Airport,DRO,Durango-La Plata County Airport,33.43417,-112.00806,37.15152,-107.75377,739,82,5.741542625169148,0.1109607577807848,11.1,0.1199178629306652,11.99,5.008132285172134,5.741542625169148,1.5069665682858655,8.67,2,-3.068174406248688,0.4045820335504578
ANC-MSP,ANC,Ted Stevens Anchorage International Airport,MSP,Minneapolis-Saint Paul International Airport,61.17432,-149.99619,44.88055,-93.21692,634,70,8.481072555205047,0.1104100946372239,11.04,0.1207235517695206,12.07,4.296557332610464,8.481072555205047,2.226003295329409,8.65,2,-2.7869960745534104,0.08688886996501553
SJC-SLC,SJC,Norman Y. Mineta San José International Airport,SLC,Salt Lake City International Airport,37.36186,-121.92901,40.78839,-111.97777,1811,151,6.080618442849255,0.0833793484262838,8.34,0.0887551475661057,8.88,12.272973705611276,6.080618442849255,1.5959628458921928,8.64,2,-3.313057635863336,1.2987027377816531
SLC-BIL,SLC,Salt Lake City International Airport,BIL,Billings Logan International Airport,40.78839,-111.97777,45.80766,-108.54286,1143,115,6.377952755905512,0.1006124234470691,10.06,0.1074908181808754,10.75,7.746001626457034,6.377952755905512,1.674003348006696,8.64,2,-3.1035737219277917,0.7088522339285444
SYR-CLT,SYR,Syracuse Hancock International Airport,CLT,Charlotte Douglas International Airport,43.11119,-76.10631,35.21401,-80.94313,646,72,6.1656346749226,0.1114551083591331,11.15,0.1214625831083487,12.15,4.377880184331797,6.1656346749226,1.618276817564987,8.63,2,-3.031637124028574,0.29686596405653365
SLC-SJC,SLC,Salt Lake City International Airport,SJC,Norman Y. Mineta San José International Airport,40.78839,-111.97777,37.36186,-121.92901,1801,152,4.964464186563021,0.0843975569128262,8.44,0.0897480731187943,8.97,12.205204662510164,4.964464186563021,1.3030089728511864,8.63,2,-3.424669306085223,1.3870596853421848
DAY-MSP,DAY,James M. Cox Dayton International Airport,MSP,Minneapolis-Saint Paul International Airport,39.90238,-84.21938,44.88055,-93.21692,625,69,8.1072,0.1104,11.04,0.1208428786190733,12.08,4.235565193819464,8.1072,2.127874015748032,8.63,2,-2.833593905109949,0.11511321661619661
PVD-DTW,PVD,Theodore Francis Green State Airport,DTW,Detroit Metropolitan Airport,41.724,-71.42822,42.21206,-83.34884,867,92,7.307958477508651,0.1061130334486736,10.61,0.1143858190267095,11.44,5.875576036866359,7.307958477508651,1.91809933792878,8.62,2,-2.9581813049793246,0.3929072069602655
DTW-ORF,DTW,Detroit Metropolitan Airport,ORF,Norfolk International Airport,42.21206,-83.34884,36.89461,-76.20122,561,62,8.868092691622103,0.1105169340463458,11.05,0.1219532329785599,12.2,3.8018433179723514,8.868092691622103,2.3275833836278483,8.62,2,-2.754274038867535,-0.001294182470712865
SEA-ONT,SEA,Seattle-Tacoma International Airport,ONT,Ontario International Airport,47.44898,-122.30931,34.056,-117.60119,985,102,6.747208121827411,0.1035532994923857,10.36,0.1111622921648185,11.12,6.675250745459474,6.747208121827411,1.770920766883835,8.61,2,-3.0446034509843645,0.5454000961521006
SMF-MSP,SMF,Sacramento International Airport,MSP,Minneapolis-Saint Paul International Airport,38.69542,-121.59077,44.88055,-93.21692,596,65,10.083892617449663,0.1090604026845637,10.91,0.120130872124753,12.01,4.039034968826241,10.083892617449663,2.646690975708573,8.61,2,-2.6380940907242407,-0.07413007642697882
SLC-BZN,SLC,Salt Lake City International Airport,BZN,Bozeman Yellowstone International Airport (Gallatin Field Airport),40.78839,-111.97777,45.7769,-111.15301,1148,115,5.831881533101045,0.1001742160278745,10.02,0.1070601658644456,10.71,7.7798861480075905,5.831881533101045,1.5306775677430564,8.6,2,-3.176929007222376,0.7654741030558239
BJI-MSP,BJI,Bemidji Regional Airport,MSP,Minneapolis-Saint Paul International Airport,47.50942,-94.93372,44.88055,-93.21692,726,77,10.195592286501377,0.106060606060606,10.61,0.1157519213060873,11.58,4.920032529140689,10.195592286501377,2.676008474147343,8.58,2,-2.660920656004641,0.033663389661359774
MKE-CLE,MKE,General Mitchell International Airport,CLE,Cleveland Hopkins International Airport,42.94722,-87.89658,41.41089,-81.8494,822,88,6.327250608272506,0.1070559610705596,10.71,0.1156302462026335,11.56,5.570615342911358,6.327250608272506,1.6606956977093197,8.58,2,-3.0664248917428023,0.44381661196658256
ORF-CLT,ORF,Norfolk International Airport,CLT,Charlotte Douglas International Airport,36.89461,-76.20122,35.21401,-80.94313,704,77,6.400568181818182,0.109375,10.94,0.1189192624363534,11.89,4.770940634318244,6.400568181818182,1.679939155332856,8.58,2,-3.0385702350557655,0.33539448517672094
SLC-TWF,SLC,Salt Lake City International Airport,TWF,Magic Valley Regional Airport (Joslin Field),40.78839,-111.97777,42.4818,-114.48774,893,93,6.615901455767077,0.1041433370660694,10.41,0.112397872103553,11.24,6.051775548929249,6.615901455767077,1.7364570750044823,8.52,2,-3.07977004654333,0.4921205330248826
AUS-BNA,AUS,Austin-Bergstrom International Airport,BNA,Nashville International Airport,30.19453,-97.66987,36.12448,-86.67818,678,73,7.033923303834809,0.107669616519174,10.77,0.1177520398442521,11.78,4.594741122255354,7.033923303834809,1.8461740954947004,8.49,2,-3.0110988400478136,0.2750382569120686
CDC-SLC,CDC,Cedar City Regional Airport,SLC,Salt Lake City International Airport,37.70097,-113.09858,40.78839,-111.97777,625,67,8.6496,0.1072,10.72,0.1180842579294181,11.81,4.235565193819464,8.6496,2.270236220472441,8.49,2,-2.8441020185818426,0.09548964276928582
SEA-MKE,SEA,Seattle-Tacoma International Airport,MKE,General Mitchell International Airport,47.44898,-122.30931,42.94722,-87.89658,597,65,6.770519262981575,0.1088777219430485,10.89,0.1199585179323215,12.0,4.045811873136351,6.770519262981575,1.777039176635584,8.48,2,-3.033293785580352,0.23166146185792358
SLC-RNO,SLC,Salt Lake City International Airport,RNO,Reno/Tahoe International Airport,40.78839,-111.97777,39.49858,-119.76806,1041,105,5.508165225744476,0.100864553314121,10.09,0.1083357467123822,10.83,7.054757386825698,5.508165225744476,1.4457126576757156,8.48,2,-3.2394370595821695,0.7201351141225127
SLC-FAT,SLC,Salt Lake City International Airport,FAT,Fresno Yosemite International Airport,40.78839,-111.97777,36.77619,-119.71814,941,96,6.685441020191286,0.1020191285866099,10.2,0.1100971056665015,11.01,6.377066955814584,6.685441020191286,1.7547089291840647,8.46,2,-3.107732397842603,0.5365274626703112
TWF-SLC,TWF,Magic Valley Regional Airport (Joslin Field),SLC,Salt Lake City International Airport,42.4818,-114.48774,40.78839,-111.97777,892,92,6.429372197309417,0.1031390134529148,10.31,0.1115031118939799,11.15,6.044998644619138,6.429372197309417,1.6874992643856737,8.45,2,-3.1278117547299686,0.5175118092005097
OGG-OAK,OGG,Kahului Airport,OAK,Oakland International Airport,20.89865,-156.43046,37.72129,-122.22072,725,76,8.190344827586207,0.1048275862068965,10.48,0.114680105453125,11.47,4.913255624830577,8.190344827586207,2.149696805140737,8.43,2,-2.930038991648209,0.22858541640161592
BUR-SEA,BUR,Bob Hope Airport (Hollywood Burbank Airport),SEA,Seattle-Tacoma International Airport,34.20062,-118.3585,47.44898,-122.30931,1124,110,5.508007117437723,0.097864768683274,9.79,0.1050744174827027,10.51,7.617240444564922,5.508007117437723,1.4456711594324732,8.43,2,-3.2824631189812905,0.8005052955572609
PWM-ATL,PWM,Portland International Jetport,ATL,Hartsfield-Jackson Atlanta International Airport,43.64617,-70.30875,33.64044,-84.42694,688,71,11.138081395348838,0.1031976744186046,10.32,0.1137196535518123,11.37,4.662510165356465,11.138081395348838,2.923380943661112,8.43,2,-2.6295084653270067,-0.05095630316287861
BDL-MSP,BDL,Bradley International Airport,MSP,Minneapolis-Saint Paul International Airport,41.93887,-72.68323,44.88055,-93.21692,924,94,6.6645021645021645,0.1017316017316017,10.17,0.1099717646472931,11.0,6.261859582542694,6.6645021645021645,1.7492131665360011,8.43,2,-3.122277879031077,0.5301133259961817
BOI-MSP,BOI,Boise Airport (Boise Air Terminal),MSP,Minneapolis-Saint Paul International Airport,43.56444,-116.22278,44.88055,-93.21692,790,80,10.748101265822784,0.1012658227848101,10.13,0.1107989741559866,11.08,5.353754404987802,10.748101265822784,2.8210239542841955,8.41,2,-2.693381946906995,0.07136132678994794
GCC-DEN,GCC,Gillette-Campbell County Airport,DEN,Denver International Airport,44.3489,-105.53936,39.85841,-104.667,684,72,7.507309941520468,0.1052631578947368,10.53,0.1155753660699338,11.56,4.635402548116021,7.507309941520468,1.970422556829519,8.39,2,-3.010915122730849,0.2586892269065832
BUF-ATL,BUF,Buffalo Niagara International Airport,ATL,Hartsfield-Jackson Atlanta International Airport,42.94052,-78.73217,33.64044,-84.42694,1708,139,6.712529274004684,0.0813817330210772,8.14,0.0871742737825376,8.72,11.57495256166983,6.712529274004684,1.7618187070878435,8.39,2,-3.333763409962794,1.1946930116038068
IND-LAS,IND,Indianapolis International Airport,LAS,McCarran International Airport,39.71733,-86.29438,36.08036,-115.15233,944,95,6.713983050847458,0.1006355932203389,10.06,0.1088228802670767,10.88,6.397397668744917,6.713983050847458,1.762200275812981,8.39,2,-3.1378976414157624,0.5488649308519129
SLC-MDW,SLC,Salt Lake City International Airport,MDW,Chicago Midway International Airport,40.78839,-111.97777,41.78598,-87.75242,848,87,6.408018867924528,0.1025943396226415,10.26,0.1114041002097343,11.14,5.746814854974248,6.408018867924528,1.6818947159906898,8.37,2,-3.157884945170173,0.4951159882868451
SJC-IAH,SJC,Norman Y. Mineta San José International Airport,IAH,George Bush Intercontinental Airport,37.36186,-121.92901,29.98047,-95.33972,512,55,6.806640625,0.107421875,10.74,0.1202795539196538,12.03,3.469775006776904,6.806640625,1.786519849081365,8.35,2,-3.079995568629024,0.18166548796769202
PDX-ATL,PDX,Portland International Airport,ATL,Hartsfield-Jackson Atlanta International Airport,45.58872,-122.5975,33.64044,-84.42694,1173,111,6.132992327365729,0.0946291560102301,9.46,0.1018154650422844,10.18,7.949308755760369,6.132992327365729,1.6097092722744697,8.34,2,-3.272695444035308,0.8040700471022227
MSP-SJC,MSP,Minneapolis-Saint Paul International Airport,SJC,Norman Y. Mineta San José International Airport,44.88055,-93.21692,37.36186,-121.92901,514,55,6.511673151750973,0.1070038910505836,10.7,0.1198877638417396,11.99,3.4833288153971265,6.511673151750973,1.7091005647640347,8.32,2,-3.1240818870064175,0.2141140070914341
OKC-SLC,OKC,Will Rogers World Airport,SLC,Salt Lake City International Airport,35.39309,-97.60073,40.78839,-111.97777,657,67,10.210045662100455,0.1019786910197869,10.2,0.1130925852032075,11.31,4.452426131743019,10.210045662100455,2.679802011049989,8.3,2,-2.7763020529409883,0.0237997908671939
ATL-PVD,ATL,Hartsfield-Jackson Atlanta International Airport,PVD,Theodore Francis Green State Airport,33.64044,-84.42694,41.724,-71.42822,1019,99,6.736015701668302,0.0971540726202159,9.72,0.1051037417326435,10.51,6.905665492003253,6.736015701668302,1.7679831237974546,8.3,2,-3.193807689150224,0.6269409319206947
BUF-LAS,BUF,Buffalo Niagara International Airport,LAS,McCarran International Airport,42.94052,-78.73217,36.08036,-115.15233,603,63,5.991708126036484,0.1044776119402985,10.45,0.1160897396853885,11.61,4.086473298997018,5.991708126036484,1.5726268047339853,8.22,2,-3.229288760406478,0.34880684885465774
OMA-SLC,OMA,Eppley Airfield,SLC,Salt Lake City International Airport,41.30252,-95.89417,40.78839,-111.97777,513,53,8.771929824561404,0.1033138401559454,10.33,0.1168206965723134,11.68,3.476551911087016,8.771929824561404,2.302343785974122,8.22,2,-2.9425673675484285,0.041723103012313155
CMH-RSW,CMH,Port Columbus International Airport,RSW,Southwest Florida International Airport,39.99799,-82.89188,26.53617,-81.75517,508,53,7.151574803149607,0.1043307086614173,10.43,0.1177813930901778,11.78,3.44266738953646,7.151574803149607,1.877053754107508,8.21,2,-3.1108913162530407,0.17680506857573203
PSP-SLC,PSP,Palm Springs International Airport,SLC,Salt Lake City International Airport,33.82922,-116.50625,40.78839,-111.97777,797,78,10.065244667503135,0.0978670012547051,9.79,0.1077046677801874,10.77,5.401192735158579,10.065244667503135,2.6417965006569912,8.21,2,-2.8548754006463115,0.17031882606888632
MSP-BZN,MSP,Minneapolis-Saint Paul International Airport,BZN,Bozeman Yellowstone International Airport (Gallatin Field Airport),44.88055,-93.21692,45.7769,-111.15301,749,76,5.759679572763685,0.1014686248331108,10.15,0.1114382650162875,11.14,5.075901328273245,5.759679572763685,1.5117269219852192,8.18,2,-3.2924568326266073,0.49888695218804774
OGG-PHX,OGG,Kahului Airport,PHX,Phoenix Sky Harbor International Airport,20.89865,-156.43046,33.43417,-112.00806,589,61,6.050933786078098,0.1035653650254669,10.36,0.1155458447007665,11.55,3.9915966386554618,6.050933786078098,1.588171597395826,8.17,2,-3.2465431999182983,0.34269214181919405
SJU-ATL,SJU,Luis Muñoz Marín International Airport,ATL,Hartsfield-Jackson Atlanta International Airport,18.43942,-66.00183,33.64044,-84.42694,1528,126,6.022905759162303,0.0824607329842932,8.25,0.0888274490164792,8.88,10.355109785849823,6.022905759162303,1.580815159885119,8.15,2,-3.4604299803538576,1.1396646613342898
CLE-STL,CLE,Cleveland Hopkins International Airport,STL,St. Louis International Airport at Lambert Field,41.41089,-81.8494,38.74769,-90.35999,523,54,5.745697896749522,0.1032504780114722,10.33,0.1165507014427418,11.66,3.544320954188126,5.745697896749522,1.508057190747906,8.11,2,-3.299307230621348,0.32607589322486513
SLC-DTW,SLC,Salt Lake City International Airport,DTW,Detroit Metropolitan Airport,40.78839,-111.97777,42.21206,-83.34884,1511,124,5.524818001323626,0.0820648577101257,8.21,0.0885233314704085,8.85,10.239902412577935,5.524818001323626,1.4500834649143377,8.09,2,-3.535631299152243,1.178533330066352
BZN-MSP,BZN,Bozeman Yellowstone International Airport (Gallatin Field Airport),MSP,Minneapolis-Saint Paul International Airport,45.7769,-111.15301,44.88055,-93.21692,748,74,6.909090909090909,0.0989304812834224,9.89,0.109211187498618,10.92,5.0691244239631335,6.909090909090909,1.8134096874254355,8.09,2,-3.218120288930802,0.41695659865174417
LCH-IAH,LCH,Lake Charles Regional Airport,IAH,George Bush Intercontinental Airport,30.1261,-93.2234,29.98047,-95.33972,1162,104,6.644578313253012,0.0895008605851979,8.95,0.0971561703635722,9.72,7.874762808349146,6.644578313253012,1.7439838092527593,8.06,2,-3.3451924704721545,0.7952485480753669
ATL-STT,ATL,Hartsfield-Jackson Atlanta International Airport,STT,Cyril E. King Airport,33.64044,-84.42694,18.33731,-64.97336,664,67,5.385542168674699,0.1009036144578313,10.09,0.1120563965953247,11.21,4.4998644619137975,5.385542168674699,1.413528128261076,8.06,2,-3.3719674637134154,0.4804135367987716
FNT-BWI,FNT,Bishop International Airport,BWI,Baltimore-Washington International Airport,42.9655,-83.74346,39.1754,-76.6682,555,57,5.079279279279279,0.1027027027027027,10.27,0.1154367740440124,11.54,3.7611818921116833,5.079279279279279,1.333144167789837,8.06,2,-3.3890747006511663,0.41568716319262383
GRR-ATL,GRR,Gerald R. Ford International Airport,ATL,Hartsfield-Jackson Atlanta International Airport,42.88082,-85.52277,33.64044,-84.42694,1395,116,7.455197132616488,0.0831541218637992,8.32,0.0900408608687813,9.0,9.453781512605042,7.455197132616488,1.956744654230049,8.06,2,-3.3238163009557544,0.9216544332422171
GEG-PHX,GEG,Spokane International Airport,PHX,Phoenix Sky Harbor International Airport,47.61986,-117.53384,33.43417,-112.00806,1008,94,6.304563492063492,0.0932539682539682,9.33,0.1016345550530939,10.16,6.83111954459203,6.304563492063492,1.6547410740324129,8.05,2,-3.3470521748327435,0.6947685414955022
STT-ATL,STT,Cyril E. King Airport,ATL,Hartsfield-Jackson Atlanta International Airport,18.33731,-64.97336,33.64044,-84.42694,659,65,7.993930197268589,0.0986342943854324,9.86,0.110159534912817,11.02,4.465979940363242,7.993930197268589,2.0981444087319128,8.04,2,-3.118425555075969,0.25977671763698434
TVC-DTW,TVC,Cherry Capital Airport,DTW,Detroit Metropolitan Airport,44.74144,-85.58224,42.21206,-83.34884,814,78,8.013513513513514,0.0958230958230958,9.58,0.1057014080949979,10.57,5.516400108430469,8.013513513513514,2.1032843867489537,8.04,2,-3.143050898206739,0.38891048061090866
ABQ-ATL,ABQ,Albuquerque International Sunport,ATL,Hartsfield-Jackson Atlanta International Airport,35.04022,-106.60919,33.64044,-84.42694,890,83,9.612359550561798,0.0932584269662921,9.33,0.1026374616149779,10.26,6.031444835998916,9.612359550561798,2.522929015895485,8.04,2,-2.993960177812312,0.3156307061335833
CLL-IAH,CLL,Easterwood Airport,IAH,George Bush Intercontinental Airport,30.58859,-96.36382,29.98047,-95.33972,763,73,9.060288335517694,0.0956749672346002,9.57,0.1061542143671241,10.62,5.170777988614801,9.060288335517694,2.37802843451908,8.02,2,-3.036386488582943,0.2598723644194203
MRY-PHX,MRY,Monterey Regional Airport (Monterey Peninsula Airport),PHX,Phoenix Sky Harbor International Airport,36.58698,-121.84295,33.43417,-112.00806,667,64,10.632683658170915,0.095952023988006,9.6,0.1077067627103365,10.77,4.520195174844131,10.632683658170915,2.7907306189424976,8.01,2,-2.8676457623248,0.048733061274101784
PDX-LGB,PDX,Portland International Airport,LGB,Long Beach Airport (Daugherty Field),45.58872,-122.5975,33.81772,-118.15161,809,78,6.011124845488257,0.0964153275648949,9.64,0.106282823981109,10.63,5.482515586879913,6.011124845488257,1.5777230565585978,7.99,2,-3.3668947110921463,0.5633523908206383
COS-SLC,COS,City of Colorado Springs Municipal Airport,SLC,Salt Lake City International Airport,38.80581,-104.70025,40.78839,-111.97777,646,63,8.088235294117647,0.0975232198142414,9.75,0.1093982399448098,10.94,4.377880184331797,8.088235294117647,2.1228964026555506,7.98,2,-3.1363423439442064,0.2530807197374749
JAX-DCA,JAX,Jacksonville International Airport,DCA,Ronald Reagan Washington National Airport,30.49406,-81.68786,38.85208,-77.03772,724,71,5.842541436464089,0.0980662983425414,9.81,0.1087513191733351,10.88,4.906478720520466,5.842541436464089,1.533475442641493,7.98,2,-3.3706670445759084,0.5057390281728914
CLT-IND,CLT,Charlotte Douglas International Airport,IND,Indianapolis International Airport,35.21401,-80.94313,39.71733,-86.29438,585,59,4.758974358974359,0.1008547008547008,10.09,0.1133008569325958,11.33,3.9644890214150177,4.758974358974359,1.2490746349014064,7.98,2,-3.4634135688116428,0.4836005413716452
SNA-SLC,SNA,John Wayne Airport (Orange County Airport),SLC,Salt Lake City International Airport,33.67566,-117.86822,40.78839,-111.97777,1705,128,4.889149560117302,0.0750733137829912,7.51,0.0812249789467191,8.12,11.554621848739496,4.889149560117302,1.2832413543614964,7.95,2,-3.7178522261691507,1.4115392080669449
GJT-PHX,GJT,Grand Junction Regional Airport (Walker Field),PHX,Phoenix Sky Harbor International Airport,39.12241,-108.52673,33.43417,-112.00806,1079,96,7.264133456904541,0.0889712696941612,8.9,0.0972104215426871,9.72,7.312279750609921,7.264133456904541,1.906596707848961,7.95,2,-3.314734490898968,0.6911902738164679
SAN-DTW,SAN,San Diego International Airport (Lindbergh Field),DTW,Detroit Metropolitan Airport,32.73356,-117.18966,42.21206,-83.34884,766,74,5.740208877284595,0.0966057441253263,9.66,0.1069412090055752,10.69,5.191108701545135,5.740208877284595,1.5066165032243033,7.94,2,-3.407825451468275,0.5579081452952704
CLE-CLT,CLE,Cleveland Hopkins International Airport,CLT,Charlotte Douglas International Airport,41.41089,-81.8494,35.21401,-80.94313,1261,108,4.859635210150674,0.0856463124504361,8.56,0.0930279845693079,9.3,8.54567633505015,4.859635210150674,1.2754948058138251,7.91,2,-3.6190229777096596,1.0554782642355007
FAI-ANC,FAI,Fairbanks International Airport,ANC,Ted Stevens Anchorage International Airport,64.81368,-147.85967,61.17432,-149.99619,724,68,8.088397790055248,0.0939226519337016,9.39,0.105110542474306,10.51,4.906478720520466,8.088397790055248,2.122939052507939,7.85,2,-3.205324745598181,0.33978388535376436
SLC-MCI,SLC,Salt Lake City International Airport,MCI,Kansas City International Airport,40.78839,-111.97777,39.29761,-94.71391,671,64,6.882265275707899,0.0953800298062593,9.54,0.1071479727611259,10.71,4.547302792084576,6.882265275707899,1.806368838768477,7.83,2,-3.3262563477976275,0.40048978381987227
MSP-BIL,MSP,Minneapolis-Saint Paul International Airport,BIL,Billings Logan International Airport,44.88055,-93.21692,45.80766,-108.54286,705,67,4.811347517730496,0.0950354609929078,9.5,0.1063491763960598,10.63,4.777717538628354,4.811347517730496,1.2628208707954058,7.76,2,-3.572440189341623,0.6168300922277495
ESC-DTW,ESC,Delta County Airport,DTW,Detroit Metropolitan Airport,45.72267,-87.09373,42.21206,-83.34884,606,55,11.917491749174918,0.0907590759075907,9.08,0.1042649957490483,10.43,4.106804011927352,11.917491749174918,3.1279505903346245,7.75,2,-2.8497919343448537,-0.06193649472134738
SLC-IDA,SLC,Salt Lake City International Airport,IDA,Idaho Falls Regional Airport,40.78839,-111.97777,43.51456,-112.07017,1432,113,4.3331005586592175,0.0789106145251396,7.89,0.085908020234222,8.59,9.704526972079154,4.3331005586592175,1.137296734556225,7.75,2,-3.789457546374084,1.2665781253632413
BUR-PDX,BUR,Bob Hope Airport (Hollywood Burbank Airport),PDX,Portland International Airport,34.20062,-118.3585,45.58872,-122.5975,1035,90,6.13816425120773,0.0869565217391304,8.7,0.0956925876641657,9.57,7.01409596096503,6.13816425120773,1.6110667326004542,7.74,2,-3.5134305607480916,0.7844194634282945
MSP-LSE,MSP,Minneapolis-Saint Paul International Airport,LSE,La Crosse Regional Airport,44.88055,-93.21692,43.87938,-91.25654,553,53,5.732368896925859,0.0958408679927667,9.58,0.1096647580380216,10.97,3.747628083491461,5.732368896925859,1.5045587655973385,7.74,2,-3.471522347351237,0.4195824337837919
PDX-ANC,PDX,Portland International Airport,ANC,Ted Stevens Anchorage International Airport,45.58872,-122.5975,61.17432,-149.99619,973,86,4.907502569373073,0.0883864337101747,8.84,0.0974940232980691,9.75,6.59392789373814,4.907502569373073,1.288058417158287,7.69,2,-3.6449945023781027,0.8446751776189467
SLC-PSC,SLC,Salt Lake City International Airport,PSC,Tri-Cities Airport,40.78839,-111.97777,46.26468,-119.11903,1016,88,5.695866141732283,0.0866141732283464,8.66,0.0955296478484123,9.55,6.88533477907292,5.695866141732283,1.49497798995598,7.68,2,-3.5816629950880228,0.8165957575768101
SLC-MSO,SLC,Salt Lake City International Airport,MSO,Missoula International Airport,40.78839,-111.97777,46.91631,-114.09056,1085,93,4.763133640552995,0.0857142857142857,8.57,0.0941865713070279,9.42,7.352941176470589,4.763133640552995,1.250166309856429,7.68,2,-3.690980608019014,0.9534098110311662
TUS-ATL,TUS,Tucson International Airport,ATL,Hartsfield-Jackson Atlanta International Airport,32.11608,-110.94103,33.64044,-84.42694,673,62,6.809806835066865,0.0921248142644873,9.21,0.1042834243193119,10.43,4.560856600704798,6.809806835066865,1.787350875345634,7.67,2,-3.410631240837084,0.43947831525848624
SLC-CVG,SLC,Salt Lake City International Airport,CVG,Cincinnati/Northern Kentucky International Airport,40.78839,-111.97777,39.04614,-84.66217,580,54,6.2620689655172415,0.093103448275862,9.31,0.1067810102923943,10.68,3.9306044998644616,6.2620689655172415,1.643587654991402,7.64,2,-3.468474678699967,0.41621502349910544
SNA-EWR,SNA,John Wayne Airport (Orange County Airport),EWR,Newark Liberty International Airport,33.67566,-117.86822,40.6925,-74.16866,839,74,7.759237187127533,0.0882002383790226,8.82,0.0986273556963026,9.86,5.685822716183248,7.759237187127533,2.036545193471793,7.64,2,-3.3531432414406392,0.4991267927849403
SNA-ATL,SNA,John Wayne Airport (Orange County Airport),ATL,Hartsfield-Jackson Atlanta International Airport,33.67566,-117.86822,33.64044,-84.42694,1053,89,6.37037037037037,0.0845204178537511,8.45,0.0933313850813774,9.33,7.1360802385470326,6.37037037037037,1.672013220569651,7.63,2,-3.542640420571676,0.7969326696280644
FLL-HOU,FLL,Fort Lauderdale-Hollywood International Airport,HOU,William P. Hobby Airport,26.07258,-80.15275,29.64542,-95.27889,738,67,5.830623306233062,0.0907859078590785,9.08,0.102161201669246,10.22,5.001355380862022,5.830623306233062,1.53034732447062,7.61,2,-3.5441025464937637,0.5847940823124542
SGU-SLC,SGU,St. George Regional Airport,SLC,Salt Lake City International Airport,37.09058,-113.59306,40.78839,-111.97777,1330,104,5.5661654135338345,0.0781954887218045,7.82,0.0857420188802994,8.57,9.013282732447818,5.5661654135338345,1.460935804077122,7.61,2,-3.700622736366542,1.0977832826114033
ONT-SEA,ONT,Ontario International Airport,SEA,Seattle-Tacoma International Airport,34.056,-117.60119,47.44898,-122.30931,985,84,6.258883248730965,0.0852791878172588,8.53,0.0945724304136664,9.46,6.675250745459474,6.258883248730965,1.6427515088532716,7.59,2,-3.5576618526841406,0.7568182963214268
CVG-LAX,CVG,Cincinnati/Northern Kentucky International Airport,LAX,Los Angeles International Airport,39.04614,-84.66217,33.94254,-118.40807,578,53,5.958477508650519,0.0916955017301038,9.17,0.105621072269658,10.56,3.9170506912442393,5.958477508650519,1.5639048579135222,7.55,2,-3.538716144770745,0.4559987501489327
SLC-SUN,SLC,Salt Lake City International Airport,SUN,Friedman Memorial Airport,40.78839,-111.97777,43.50484,-114.29659,658,60,5.155015197568389,0.0911854103343465,9.12,0.1037085580459474,10.37,4.459203036053131,5.155015197568389,1.3530223615665062,7.54,2,-3.6326916495466004,0.58939343287876
BNA-LAS,BNA,Nashville International Airport,LAS,McCarran International Airport,36.12448,-86.67818,36.08036,-115.15233,968,81,6.411157024793388,0.0836776859504132,8.37,0.0932688080513372,9.33,6.560043372187585,6.411157024793388,1.682718379210863,7.49,2,-3.5845811892015957,0.74672428449695
RSW-IAH,RSW,Southwest Florida International Airport,IAH,George Bush Intercontinental Airport,26.53617,-81.75517,29.98047,-95.33972,663,59,5.822021116138763,0.0889894419306184,8.9,0.1017183315843094,10.17,4.493087557603687,5.822021116138763,1.528089531794951,7.45,2,-3.6058006704511834,0.5523163361841118
PIT-LAS,PIT,Pittsburgh International Airport,LAS,McCarran International Airport,40.49147,-80.23287,36.08036,-115.15233,660,59,4.684848484848485,0.0893939393939394,8.94,0.1021198513142475,10.21,4.472756844673354,4.684848484848485,1.2296190248946153,7.43,2,-3.730879551363562,0.6508636349128697
PIH-SLC,PIH,Pocatello Regional Airport,SLC,Salt Lake City International Airport,42.91131,-112.59586,40.78839,-111.97777,709,61,8.176304654442877,0.0860366713681241,8.6,0.0984067824460174,9.84,4.804825155868799,8.176304654442877,2.1460117203262143,7.43,2,-3.3876427287819006,0.3960208173427776
JAC-SLC,JAC,Jackson Hole Airport,SLC,Salt Lake City International Airport,43.60732,-110.73774,40.78839,-111.97777,1032,83,6.825581395348837,0.0804263565891472,8.04,0.0897624443452545,8.98,6.9937652480346975,6.825581395348837,1.7914911798815845,7.41,2,-3.595891505980847,0.7791861272184122
MSP-BJI,MSP,Minneapolis-Saint Paul International Airport,BJI,Bemidji Regional Airport,44.88055,-93.21692,47.50942,-94.93372,727,62,7.092159559834938,0.0852819807427785,8.53,0.097474107616479,9.75,4.926809433450799,7.092159559834938,1.8614592020564145,7.36,2,-3.5299019027635863,0.51367773754857
FLL-PHX,FLL,Fort Lauderdale-Hollywood International Airport,PHX,Phoenix Sky Harbor International Airport,26.07258,-80.15275,33.43417,-112.00806,702,61,5.219373219373219,0.0868945868945869,8.69,0.0992656945122545,9.93,4.757386825698021,5.219373219373219,1.3699142308066192,7.35,2,-3.718601011078645,0.6533295412168959
SBA-PHX,SBA,Santa Barbara Municipal Airport (Santa Barbara Airport),PHX,Phoenix Sky Harbor International Airport,34.42621,-119.84037,33.43417,-112.00806,1067,84,6.609184629803186,0.0787253983130271,7.87,0.0879272382166479,8.79,7.230956898888588,6.609184629803186,1.7346941285572668,7.34,2,-3.6546861662419534,0.8362221902431476
SLC-FCA,SLC,Salt Lake City International Airport,FCA,Glacier Park International Airport,40.78839,-111.97777,48.3114,-114.25507,943,77,4.364793213149523,0.0816542948038176,8.17,0.0916693068061631,9.17,6.390620764434807,4.364793213149523,1.145615016574678,7.27,2,-3.8848312244278915,0.9365781159495574
AUS-SLC,AUS,Austin-Bergstrom International Airport,SLC,Salt Lake City International Airport,30.19453,-97.66987,40.78839,-111.97777,640,53,8.7609375,0.0828125,8.28,0.0967717391876056,9.68,4.33721875847113,8.7609375,2.299458661417323,7.24,2,-3.406971063407448,0.3262141637721571
PDX-BUR,PDX,Portland International Airport,BUR,Bob Hope Airport (Hollywood Burbank Airport),45.58872,-122.5975,34.20062,-118.3585,1034,81,5.59284332688588,0.0783365570599613,7.83,0.087840464725598,8.78,7.007319056654921,5.59284332688588,1.4679378810724095,7.24,2,-3.795517979740422,0.9124763464590278
ANC-PDX,ANC,Ted Stevens Anchorage International Airport,PDX,Portland International Airport,61.17432,-149.99619,45.58872,-122.5975,971,77,5.0319258496395465,0.0792996910401647,7.93,0.0892727236216882,8.93,6.580374085117918,5.0319258496395465,1.3207154460996184,7.2,2,-3.8561380200152366,0.9150429424302448
SLC-EKO,SLC,Salt Lake City International Airport,EKO,Elko Regional Airport,40.78839,-111.97777,40.82493,-115.7917,571,48,6.481611208406305,0.0840630472854641,8.41,0.0992713666152431,9.93,3.869612361073461,6.481611208406305,1.7012102909202895,7.18,2,-3.655609684874077,0.47519937490371905
SLC-TUS,SLC,Salt Lake City International Airport,TUS,Tucson International Airport,40.78839,-111.97777,32.11608,-110.94103,1025,80,4.509268292682926,0.0780487804878048,7.8,0.0876542995545139,8.77,6.946326917863919,4.509268292682926,1.1835349849561487,7.18,2,-3.932174681864622,1.008537634781329
RIC-MCO,RIC,Richmond International Airport,MCO,Orlando International Airport,37.50517,-77.31967,28.42889,-81.31603,743,60,7.524899057873486,0.0807537012113055,8.08,0.0932515860009823,9.33,5.035239902412577,7.524899057873486,1.97503912280144,7.15,2,-3.5840614435959783,0.5266976711171332
BZN-SLC,BZN,Bozeman Yellowstone International Airport (Gallatin Field Airport),SLC,Salt Lake City International Airport,45.7769,-111.15301,40.78839,-111.97777,1144,85,4.549825174825175,0.0743006993006993,7.43,0.0832886551437525,8.33,7.752778530767146,4.549825174825175,1.1941798359121194,7.12,2,-3.983186151538159,1.1119139790350607
OGG-ITO,OGG,Kahului Airport,ITO,Hilo International Airport,20.89865,-156.43046,19.72026,-155.04847,729,60,4.349794238683128,0.0823045267489712,8.23,0.094826401687368,9.48,4.940363242071022,4.349794238683128,1.1416782778695873,7.09,2,-3.927750526216186,0.7942810803866085
ECP-BNA,ECP,Northwest Florida Beaches International Airport,BNA,Nashville International Airport,30.35483,-85.79952,36.12448,-86.67818,650,53,5.178461538461539,0.0815384615384615,8.15,0.0954814493317708,9.55,4.404987801572242,5.178461538461539,1.3591762568140522,7.04,2,-3.8605637062895926,0.673332009370837
OGG-PDX,OGG,Kahului Airport,PDX,Portland International Airport,20.89865,-156.43046,45.58872,-122.5975,620,51,4.329032258064516,0.082258064516129,8.23,0.0966820652761502,9.67,4.201680672268908,4.329032258064516,1.1362289391245448,7.02,2,-3.948515848760086,0.7231157471527977
SLC-PSP,SLC,Salt Lake City International Airport,PSP,Palm Springs International Airport,40.78839,-111.97777,33.82922,-116.50625,802,63,4.370324189526184,0.0785536159600997,7.86,0.0904779235020267,9.05,5.435077256709135,4.370324189526184,1.147066716411072,6.96,2,-3.9983120843318405,0.8746987843157099
PDX-MSP,PDX,Portland International Airport,MSP,Minneapolis-Saint Paul International Airport,45.58872,-122.5975,44.88055,-93.21692,1406,91,5.209103840682788,0.0647226173541963,6.47,0.0727829262940426,7.28,9.528327460016264,5.209103840682788,1.3672188558222542,6.96,2,-4.059736545263078,1.2927359985359597
SJC-MSP,SJC,Norman Y. Mineta San José International Airport,MSP,Minneapolis-Saint Paul International Airport,37.36186,-121.92901,44.88055,-93.21692,512,40,7.8515625,0.078125,7.81,0.0957697499980852,9.58,3.469775006776904,7.8515625,2.060777559055118,6.92,2,-3.634540020499291,0.3648024308490928
SLC-PIH,SLC,Salt Lake City International Airport,PIH,Pocatello Regional Airport,40.78839,-111.97777,42.91131,-112.59586,707,56,4.431400282885432,0.0792079207920792,7.92,0.0924548785611253,9.25,4.791271347248577,4.431400282885432,1.1630971871090372,6.92,2,-3.995495131987194,0.8011431641061475
SBP-PHX,SBP,San Luis Obispo County Regional Airport (McChesney Field),PHX,Phoenix Sky Harbor International Airport,35.23706,-120.64239,33.43417,-112.00806,739,57,6.481732070365359,0.0771312584573748,7.71,0.0901204850999143,9.01,5.008132285172134,6.481732070365359,1.7012420132192545,6.91,2,-3.7978224533443474,0.6543543916762244
FNT-ATL,FNT,Bishop International Airport,ATL,Hartsfield-Jackson Atlanta International Airport,42.9655,-83.74346,33.64044,-84.42694,1035,74,6.268599033816425,0.0714975845410628,7.15,0.0815956713646063,8.16,7.01409596096503,6.268599033816425,1.6453015836788518,6.9,2,-3.8844105201908783,0.9129064541966453
EKO-SLC,EKO,Elko Regional Airport,SLC,Salt Lake City International Airport,40.82493,-115.7917,40.78839,-111.97777,570,45,6.03859649122807,0.0789473684210526,7.89,0.0949419208937733,9.49,3.862835456763351,6.03859649122807,1.5849334622645852,6.9,2,-3.8297237332736307,0.5646370243878504
SAT-BNA,SAT,San Antonio International Airport,BNA,Nashville International Airport,29.53369,-98.46978,36.12448,-86.67818,618,49,4.959546925566343,0.0792880258899676,7.93,0.0941658593298442,9.42,4.1881268636486855,4.959546925566343,1.3017183531670191,6.89,2,-3.9445010262657427,0.6921991687183725
RNO-SLC,RNO,Reno/Tahoe International Airport,SLC,Salt Lake City International Airport,39.49858,-119.76806,40.78839,-111.97777,1041,75,4.7982708933717575,0.0720461095100864,7.2,0.0820430210331535,8.2,7.054757386825698,4.7982708933717575,1.2593886859243455,6.87,2,-4.0451265625640955,1.046526550202846
SLC-COS,SLC,Salt Lake City International Airport,COS,City of Colorado Springs Municipal Airport,40.78839,-111.97777,38.80581,-104.70025,645,50,6.224806201550388,0.0775193798449612,7.75,0.0920954187903733,9.21,4.371103280021687,6.224806201550388,1.633807401981729,6.86,2,-3.8339705231529475,0.6117101873028828
MSP-BRD,MSP,Minneapolis-Saint Paul International Airport,BRD,Brainerd Lakes Regional Airport,44.88055,-93.21692,46.39786,-94.13723,634,49,6.701892744479495,0.0772870662460567,7.73,0.0921131975460873,9.21,4.296557332610464,6.701892744479495,1.7590269670549854,6.86,2,-3.784329840306235,0.5626731470652369
SBA-SEA,SBA,Santa Barbara Municipal Airport (Santa Barbara Airport),SEA,Seattle-Tacoma International Airport,34.42621,-119.84037,47.44898,-122.30931,508,40,5.096456692913386,0.0787401574803149,7.87,0.0963998141428094,9.64,3.44266738953646,5.096456692913386,1.3376526753053506,6.85,2,-3.946296256366946,0.6089551960863309
BUR-SLC,BUR,Bob Hope Airport (Hollywood Burbank Airport),SLC,Salt Lake City International Airport,34.20062,-118.3585,40.78839,-111.97777,912,67,5.25,0.0734649122807017,7.35,0.084595935769593,8.46,6.180536730821361,5.25,1.3779527559055118,6.83,2,-3.9911147687623867,0.9115461120815214
MSO-SLC,MSO,Missoula International Airport,SLC,Salt Lake City International Airport,46.91631,-114.09056,40.78839,-111.97777,1082,75,5.453789279112754,0.0693160813308687,6.93,0.079197197122528,7.92,7.332610463540255,5.453789279112754,1.431440755672639,6.8,2,-4.021980707382749,1.0359709351362727
BIL-SLC,BIL,Billings Logan International Airport,SLC,Salt Lake City International Airport,45.80766,-108.54286,40.78839,-111.97777,1145,78,4.965938864628821,0.068122270742358,6.81,0.0775992666657254,7.76,7.759555435077256,4.965938864628821,1.303396027461633,6.79,2,-4.090481683441077,1.129544120429207
PDX-ONT,PDX,Portland International Airport,ONT,Ontario International Airport,45.58872,-122.5975,34.056,-117.60119,776,57,5.333762886597938,0.0734536082474226,7.35,0.08631402625437,8.63,5.258877744646245,5.333762886597938,1.39993776551127,6.7,2,-4.014621630149426,0.8173796653892796
STL-SLC,STL,St. Louis International Airport at Lambert Field,SLC,Salt Lake City International Airport,38.74769,-90.35999,40.78839,-111.97777,534,40,6.089887640449438,0.0749063670411985,7.49,0.092446509461874,9.24,3.618866901599349,6.089887640449438,1.5983957061547085,6.69,2,-3.918833690063281,0.5728542325631027
ONT-SLC,ONT,Ontario International Airport,SLC,Salt Lake City International Airport,34.056,-117.60119,40.78839,-111.97777,1027,70,5.678675754625122,0.0681596884128529,6.82,0.0786256317647099,7.86,6.959880726484142,5.678675754625122,1.4904660773294285,6.68,2,-4.0405774210379315,0.9920430829851534
SLC-MFR,SLC,Salt Lake City International Airport,MFR,Rogue Valley International Airport,40.78839,-111.97777,42.37423,-122.8735,712,52,6.394662921348314,0.0730337078651685,7.3,0.0869594667473253,8.7,4.825155868799133,6.394662921348314,1.678389218201657,6.68,2,-3.9101184665389654,0.6830692086851464
SAN-MSP,SAN,San Diego International Airport (Lindbergh Field),MSP,Minneapolis-Saint Paul International Airport,32.73356,-117.18966,44.88055,-93.21692,1150,74,7.313043478260869,0.0643478260869565,6.43,0.0740888695990625,7.41,7.793439956627813,7.313043478260869,1.919433983795504,6.68,2,-3.9061093709388297,0.9514260516477946
SJU-DFW,SJU,Luis Muñoz Marín International Airport,DFW,Dallas/Fort Worth International Airport,18.43942,-66.00183,32.89595,-97.0372,643,47,7.169517884914463,0.0730948678071539,7.31,0.0883056352608723,8.83,4.357549471401464,7.169517884914463,1.8817632243869984,6.67,2,-3.826917176474085,0.5657383621029213
SLC-GJT,SLC,Salt Lake City International Airport,GJT,Grand Junction Regional Airport (Walker Field),40.78839,-111.97777,39.12241,-108.52673,671,50,3.989567809239941,0.07451564828614,7.45,0.0889897367040572,8.9,4.547302792084576,3.989567809239941,1.04713065859316,6.63,2,-4.166918326197319,0.8620639717492056
BUF-TPA,BUF,Buffalo Niagara International Airport,TPA,Tampa International Airport,42.94052,-78.73217,27.97547,-82.53325,582,43,5.513745704467354,0.0738831615120274,7.39,0.0903388372416835,9.03,3.944158308484684,5.513745704467354,1.4471773502538987,6.62,2,-4.01003517524889,0.6684808261445905
TUS-SLC,TUS,Tucson International Airport,SLC,Salt Lake City International Airport,32.11608,-110.94103,40.78839,-111.97777,1024,69,4.1259765625,0.0673828125,6.74,0.0779458069384592,7.79,6.939550013553808,4.1259765625,1.0829334809711286,6.57,2,-4.245614139460151,1.1395960140331647
SUN-SLC,SUN,Friedman Memorial Airport,SLC,Salt Lake City International Airport,43.50484,-114.29659,40.78839,-111.97777,666,48,5.6996996996997,0.072072072072072,7.21,0.0869596436016033,8.7,4.51341827053402,5.6996996996997,1.4959841731495276,6.57,2,-4.022215489726689,0.7248340649706785
KOA-OGG,KOA,Kona International Airport at Keahole,OGG,Kahului Airport,19.73877,-156.04563,20.89865,-156.43046,950,64,4.569473684210526,0.0673684210526315,6.74,0.0786772257131696,7.87,6.438059094605585,4.569473684210526,1.1993369249896393,6.51,2,-4.212532036872743,1.0532752707006408
SLC-EUG,SLC,Salt Lake City International Airport,EUG,Eugene Airport (Mahlon Sweet Field),40.78839,-111.97777,44.12326,-123.21869,678,48,5.402654867256637,0.0707964601769911,7.08,0.0856183637517071,8.56,4.594741122255354,5.402654867256637,1.4180196501985924,6.5,2,-4.0869297050144,0.772652322643159
HLN-SLC,HLN,Helena Regional Airport,SLC,Salt Lake City International Airport,46.60682,-111.98275,40.78839,-111.97777,944,63,4.2934322033898304,0.0667372881355932,6.67,0.0781715392709081,7.82,6.397397668744917,4.2934322033898304,1.1268850927532363,6.46,2,-4.262830078560792,1.0810937798481466
DIK-MSP,DIK,Dickinson Theodore Roosevelt Regional Airport,MSP,Minneapolis-Saint Paul International Airport,46.79739,-102.80195,44.88055,-93.21692,650,45,6.347692307692308,0.0692307692307692,6.92,0.0848147826651041,8.48,4.404987801572242,6.347692307692308,1.6660609731475873,6.44,2,-4.015939237936524,0.6824658457411038
PSC-SLC,PSC,Tri-Cities Airport,SLC,Salt Lake City International Airport,46.26468,-119.11903,40.78839,-111.97777,1013,65,5.194471865745311,0.0641658440276406,6.42,0.0751222704391987,7.51,6.8650040661425855,5.194471865745311,1.3633784424528377,6.43,2,-4.201206443398526,1.064247285025189
MFR-SLC,MFR,Rogue Valley International Airport,SLC,Salt Lake City International Airport,42.37423,-122.8735,40.78839,-111.97777,713,49,5.520336605890603,0.0687237026647966,6.87,0.0831624686332449,8.32,4.831932773109244,5.520336605890603,1.4489072456405785,6.42,2,-4.117105109503142,0.8042569081620247
FAT-SLC,FAT,Fresno Yosemite International Airport,SLC,Salt Lake City International Airport,36.77619,-119.71814,40.78839,-111.97777,939,61,4.768903088391906,0.0649627263045793,6.5,0.0766227978814515,7.66,6.363513147194362,4.768903088391906,1.251680600627797,6.37,2,-4.252372086326334,1.0503276078997972
SLC-BUR,SLC,Salt Lake City International Airport,BUR,Bob Hope Airport (Hollywood Burbank Airport),40.78839,-111.97777,34.20062,-118.3585,911,59,4.104281009879253,0.0647639956092206,6.48,0.0767666538069516,7.68,6.17375982651125,4.104281009879253,1.0772391102045284,6.31,2,-4.341891833194282,1.0955517294872212
CVG-SLC,CVG,Cincinnati/Northern Kentucky International Airport,SLC,Salt Lake City International Airport,39.04614,-84.66217,40.78839,-111.97777,578,39,5.185121107266436,0.0674740484429065,6.75,0.0849721047180356,8.5,3.9170506912442393,5.185121107266436,1.3609241751355476,6.28,2,-4.19881888025205,0.7561859559358023
IDA-SLC,IDA,Idaho Falls Regional Airport,SLC,Salt Lake City International Airport,43.51456,-112.07017,40.78839,-111.97777,1431,75,3.7197763801537382,0.0524109014675052,5.24,0.0611437537549498,6.11,9.697750067769045,3.7197763801537382,0.976319259882871,6.24,2,-4.546077483397328,1.5493498024833754
MCI-SLC,MCI,Kansas City International Airport,SLC,Salt Lake City International Airport,39.29761,-94.71391,40.78839,-111.97777,671,42,8.965722801788376,0.0625931445603576,6.26,0.0786136018143036,7.86,4.547302792084576,8.965722801788376,2.3532080844588914,6.21,2,-3.861171858793221,0.5191630502551665
SNA-MSP,SNA,John Wayne Airport (Orange County Airport),MSP,Minneapolis-Saint Paul International Airport,33.67566,-117.86822,44.88055,-93.21692,999,59,5.678678678678678,0.059059059059059,5.91,0.0706197333929282,7.06,6.77012740580103,5.678678678678678,1.490466844797553,6.15,2,-4.275283553280044,1.057616340397638
SLC-BTM,SLC,Salt Lake City International Airport,BTM,Bert Mooney Airport,40.78839,-111.97777,45.9548,-112.49746,701,45,4.346647646219687,0.0641940085592011,6.42,0.0794145905103971,7.94,4.75060992138791,4.346647646219687,1.1408524005825948,6.12,2,-4.36793339986175,0.9463229862997099
BTM-SLC,BTM,Bert Mooney Airport,SLC,Salt Lake City International Airport,45.9548,-112.49746,40.78839,-111.97777,708,43,6.548022598870056,0.0607344632768361,6.07,0.0762513452955793,7.63,4.798048251558687,6.548022598870056,1.7186411020656316,6.04,2,-4.187672392373317,0.782106944524818
SLC-GTF,SLC,Salt Lake City International Airport,GTF,Great Falls International Airport,40.78839,-111.97777,47.482,-111.37069,965,56,3.281865284974093,0.0580310880829015,5.8,0.0700573586843456,7.01,6.539712659257252,3.281865284974093,0.8613819645601295,5.97,2,-4.592838056065419,1.266169110281928
FCA-SLC,FCA,Glacier Park International Airport,SLC,Salt Lake City International Airport,48.3114,-114.25507,40.78839,-111.97777,942,52,4.199575371549894,0.0552016985138004,5.52,0.0677649587320807,6.78,6.383843860124696,4.199575371549894,1.1022507536876365,5.83,2,-4.559385159575394,1.194017184368406
ONT-PDX,ONT,Ontario International Airport,PDX,Portland International Airport,34.056,-117.60119,45.58872,-122.5975,775,44,3.930322580645161,0.0567741935483871,5.68,0.0715555279986607,7.16,5.2521008403361344,3.930322580645161,1.0315807298281263,5.76,2,-4.585134377887119,1.1008711956057555
SLC-HLN,SLC,Salt Lake City International Airport,HLN,Helena Regional Airport,40.78839,-111.97777,46.60682,-111.98275,942,51,2.7579617834394905,0.054140127388535,5.41,0.0668052658338081,6.68,6.383843860124696,2.7579617834394905,0.723874483842386,5.71,2,-4.757913403793483,1.3360487740960656
ABQ-SLC,ABQ,Albuquerque International Sunport,SLC,Salt Lake City International Airport,35.04022,-106.60919,40.78839,-111.97777,1031,53,3.4713870029097964,0.0514064015518913,5.14,0.0633166109627127,6.33,6.986988343724587,3.4713870029097964,0.9111251976141198,5.68,2,-4.719827001390057,1.3487015307146493
CPR-SLC,CPR,Natrona County International Airport,SLC,Salt Lake City International Airport,42.90836,-106.46447,40.78839,-111.97777,891,47,3.831649831649832,0.052749719416386,5.27,0.0662069495447307,6.62,6.038221740309028,3.831649831649832,1.0056823705117668,5.63,2,-4.675966926055019,1.219727547066553
BIL-MSP,BIL,Billings Logan International Airport,MSP,Minneapolis-Saint Paul International Airport,45.80766,-108.54286,44.88055,-93.21692,704,39,3.1974431818181817,0.0553977272727272,5.54,0.0716555808443136,7.17,4.770940634318244,3.1974431818181817,0.8392239322357432,5.62,2,-4.713803600655138,1.13605840072993
MSP-DIK,MSP,Minneapolis-Saint Paul International Airport,DIK,Dickinson Theodore Roosevelt Regional Airport,44.88055,-93.21692,46.79739,-102.80195,649,36,3.201848998459168,0.0554699537750385,5.55,0.0729119986633219,7.29,4.398210897262131,3.201848998459168,0.8403803145562121,5.6,2,-4.715925708440992,1.0994033263705643
ITO-OGG,ITO,Hilo International Airport,OGG,Kahului Airport,19.72026,-155.04847,20.89865,-156.43046,729,39,3.50480109739369,0.0534979423868312,5.35,0.0694946767175249,6.95,4.940363242071022,3.50480109739369,0.9198953011531996,5.54,2,-4.72151462268255,1.1418037286618659
GTF-SLC,GTF,Great Falls International Airport,SLC,Salt Lake City International Airport,47.482,-111.37069,40.78839,-111.97777,963,45,6.487019730010384,0.0467289719626168,4.67,0.0598410978352099,5.98,6.526158850637029,6.487019730010384,1.702629850396426,5.47,2,-4.495659903352088,1.075034679166382
GJT-SLC,GJT,Grand Junction Regional Airport (Walker Field),SLC,Salt Lake City International Airport,39.12241,-108.52673,40.78839,-111.97777,673,34,4.794947994056463,0.050520059435364,5.05,0.068060914616854,6.81,4.560856600704798,4.794947994056463,1.2585165338730877,5.41,2,-4.644297020589454,1.015747012416824
SAT-SLC,SAT,San Antonio International Airport,SLC,Salt Lake City International Airport,29.53369,-98.46978,40.78839,-111.97777,588,28,4.113945578231292,0.0476190476190476,4.76,0.067748672963413,6.77,3.984819734345351,4.113945578231292,1.0797757423179244,5.22,2,-4.794229848396362,1.050217300138831
SLC-CPR,SLC,Salt Lake City International Airport,CPR,Natrona County International Airport,40.78839,-111.97777,42.90836,-106.46447,892,41,2.4596412556053813,0.0459641255605381,4.6,0.0600918215713993,6.01,6.044998644619138,2.4596412556053813,0.6455751327048245,5.21,2,-5.0045894768500885,1.4078584505560279
EUG-SLC,EUG,Eugene Airport (Mahlon Sweet Field),SLC,Salt Lake City International Airport,44.12326,-123.21869,40.78839,-111.97777,680,30,4.070588235294117,0.0441176470588235,4.41,0.062321906408754,6.23,4.6082949308755765,4.070588235294117,1.0683958622819207,5.05,2,-4.8834158842230195,1.147371086139771
LWS-SLC,LWS,Lewiston-Nez Perce County Airport,SLC,Salt Lake City International Airport,46.3745,-117.01539,40.78839,-111.97777,641,27,2.9282371294851792,0.0421216848673947,4.21,0.0615534237501054,6.16,4.343995662781241,2.9282371294851792,0.7685661757178948,4.9,2,-5.065148080942869,1.245527145754262
SLC-LWS,SLC,Salt Lake City International Airport,LWS,Lewiston-Nez Perce County Airport,40.78839,-111.97777,46.3745,-117.01539,639,25,3.13302034428795,0.0391236306729264,3.91,0.0590136495248012,5.9,4.330441854161019,3.13302034428795,0.8223150509942125,4.75,2,-5.112930344214895,1.2541616303181848
RDM-SLC,RDM,Redmond Municipal Airport (Roberts Field),SLC,Salt Lake City International Airport,44.25407,-121.14996,40.78839,-111.97777,648,25,3.208333333333333,0.0385802469135802,3.86,0.0583035922444226,5.83,4.391433992952019,3.208333333333333,0.842082239720035,4.72,2,-5.117394617946738,1.257634304380214
SLC-RDM,SLC,Salt Lake City International Airport,RDM,Redmond Municipal Airport (Roberts Field),40.78839,-111.97777,44.25407,-121.14996,648,25,2.0046296296296298,0.0385802469135802,3.86,0.0583035922444226,5.83,4.391433992952019,2.0046296296296298,0.5261495090891416,4.67,2,-5.26037564188251,1.3677407002644266
SFO-LAX,SFO,San Francisco International Airport,LAX,Los Angeles International Airport,37.619,-122.37484,33.94254,-118.40807,14756,3891,15.97865275142315,0.2636893467064245,26.37,0.263167143712899,26.32,100.0,15.97865275142315,4.193872113234423,41.42,3,11.185374440604335,10.164772009843515
LAX-SFO,LAX,Los Angeles International Airport,SFO,San Francisco International Airport,33.94254,-118.40807,37.619,-122.37484,14431,3685,15.95232485621232,0.2553530593860439,25.54,0.2548765457985568,25.49,97.79750609921388,15.95232485621232,4.18696190451767,40.37,3,10.627297297076858,9.792775042979091
LAS-LAX,LAS,McCarran International Airport,LAX,Los Angeles International Airport,36.08036,-115.15233,33.94254,-118.40807,10589,2881,16.095287562564927,0.2720747945981679,27.21,0.2712705666572016,27.13,71.76063973976687,16.095287562564927,4.224484924557723,34.85,3,8.766352215195093,6.580737564334205
LAX-JFK,LAX,Los Angeles International Airport,JFK,John F. Kennedy International Airport (New York International Airport),33.94254,-118.40807,40.63975,-73.77893,12942,2294,12.238602997991038,0.177252356668212,17.73,0.1773202796349354,17.73,87.70669558145839,12.238602997991038,3.2122317580028965,33.05,3,6.151087739030895,8.174400900771175
JFK-LAX,JFK,John F. Kennedy International Airport (New York International Airport),LAX,Los Angeles International Airport,40.63975,-73.77893,33.94254,-118.40807,12948,2287,10.961692925548348,0.1766295953042941,17.66,0.1767022598864828,17.67,87.74735700731907,10.961692925548348,2.8770847573617706,32.97,3,5.97779381861314,8.29052134694958
ORD-LGA,ORD,Chicago O'Hare International Airport,LGA,LaGuardia Airport (Marine Air Terminal),41.9796,-87.90446,40.77724,-73.87261,10014,2511,17.604254044337928,0.2507489514679449,25.07,0.2501098563376338,25.01,67.86391976145298,17.604254044337928,4.6205391192488,32.67,3,7.791527772548942,5.845277435411552
LAX-LAS,LAX,Los Angeles International Airport,LAS,McCarran International Airport,33.94254,-118.40807,36.08036,-115.15233,10463,2301,13.270094619134092,0.2199178056006881,21.99,0.2195977550884056,21.96,70.90674979669286,13.270094619134092,3.4829644669643285,31.43,3,6.439614420823837,6.468728698079312
ORD-LAX,ORD,Chicago O'Hare International Airport,LAX,Los Angeles International Airport,41.9796,-87.90446,33.94254,-118.40807,8604,2209,16.083217108321712,0.2567410506741051,25.67,0.2559295826055639,25.59,58.30848468419626,16.083217108321712,4.221316826331158,30.56,3,6.908662557858144,4.801401577435606
LGA-ORD,LGA,LaGuardia Airport (Marine Air Terminal),ORD,Chicago O'Hare International Airport,40.77724,-73.87261,41.9796,-87.90446,10091,2096,15.382320879992072,0.2077098404518878,20.77,0.207497898832188,20.75,68.38574139333153,15.382320879992072,4.037354561677709,30.15,3,6.020933073909263,5.922960995298687
LAS-SFO,LAS,McCarran International Airport,SFO,San Francisco International Airport,36.08036,-115.15233,37.619,-122.37484,8606,2102,16.986869625842434,0.2442481989309783,24.42,0.2435804143118341,24.36,58.32203849281649,16.986869625842434,4.458495964788041,29.87,3,6.587686222862786,4.693551508350586
ORD-SFO,ORD,Chicago O'Hare International Airport,SFO,San Francisco International Airport,41.9796,-87.90446,37.619,-122.37484,8050,2066,17.22136645962733,0.2566459627329192,25.66,0.2557805014722489,25.58,54.55407969639469,17.22136645962733,4.5200436901909,29.66,3,6.680450229762808,4.222037437524714
ORD-DEN,ORD,Chicago O'Hare International Airport,DEN,Denver International Airport,41.9796,-87.90446,39.85841,-104.667,6022,1839,22.49435403520425,0.3053802723347725,30.54,0.3034320625610631,30.34,40.81051775548929,22.49435403520425,5.904029930499803,29.29,3,7.52478491589227,1.9155626656452847
ORD-DFW,ORD,Chicago O'Hare International Airport,DFW,Dallas/Fort Worth International Airport,41.9796,-87.90446,32.89595,-97.0372,8145,1991,18.07513812154696,0.2444444444444444,24.44,0.2437369420253278,24.37,55.19788560585525,18.07513812154696,4.744130740563506,29.13,3,6.427851741825085,4.207757301698315
ATL-LGA,ATL,Hartsfield-Jackson Atlanta International Airport,LGA,LaGuardia Airport (Marine Air Terminal),33.64044,-84.42694,40.77724,-73.87261,8627,1972,15.18500057957575,0.2285846760171554,22.86,0.2280979817805463,22.81,58.464353483328814,15.18500057957575,3.985564456581562,28.9,3,5.846189170170963,4.841238626857942
ORD-MSP,ORD,Chicago O'Hare International Airport,MSP,Minneapolis-Saint Paul International Airport,41.9796,-87.90446,44.88055,-93.21692,6834,1895,18.419959028387478,0.2772900204858062,27.73,0.2759750630226172,27.6,46.31336405529954,18.419959028387478,4.834634915587264,28.86,3,6.702855685730328,3.059029530553297
PHX-LAX,PHX,Phoenix Sky Harbor International Airport,LAX,Los Angeles International Airport,33.43417,-112.00806,33.94254,-118.40807,7988,1932,13.328617926890336,0.2418627941912869,24.19,0.2411734776210222,24.12,54.1339116291678,13.328617926890336,3.498324915194313,28.53,3,5.679963150231561,4.506882961774038
LAX-PHX,LAX,Los Angeles International Airport,PHX,Phoenix Sky Harbor International Airport,33.94254,-118.40807,33.43417,-112.00806,7916,1891,13.528297119757454,0.2388832743810005,23.89,0.2382249360028478,23.82,53.64597451883979,13.528297119757454,3.5507341521673106,28.24,3,5.55685081578864,4.425746761197366
OAK-LAX,OAK,Oakland International Airport,LAX,Los Angeles International Airport,37.72129,-122.22072,33.94254,-118.40807,6631,1823,15.003468556778769,0.2749208264213542,27.49,0.2736014094486448,27.36,44.937652480346976,15.003468556778769,3.93791825637238,28.24,3,6.083926175102215,3.1939862087232394
SJC-LAX,SJC,Norman Y. Mineta San José International Airport,LAX,Los Angeles International Airport,37.36186,-121.92901,33.94254,-118.40807,6631,1801,14.746041321067713,0.2716030764590559,27.16,0.2703329500815374,27.03,44.937652480346976,14.746041321067713,3.870352052773677,28.03,3,5.945646556204961,3.2203026654261775
IAH-LAX,IAH,George Bush Intercontinental Airport,LAX,Los Angeles International Airport,29.98047,-95.33972,33.94254,-118.40807,4798,1519,20.87411421425594,0.3165902459358066,31.66,0.3139263142096423,31.39,32.51558687991326,20.87411421425594,5.478770134975313,27.78,3,6.803267194301701,0.8848419615242564
DFW-ORD,DFW,Dallas/Fort Worth International Airport,ORD,Chicago O'Hare International Airport,32.89595,-97.0372,41.9796,-87.90446,8405,1811,15.306008328375968,0.215466983938132,21.55,0.2151218209287276,21.51,56.959880726484144,15.306008328375968,4.01732502057112,27.75,3,5.27307597212925,4.625097632088375
LGA-ATL,LGA,LaGuardia Airport (Marine Air Terminal),ATL,Hartsfield-Jackson Atlanta International Airport,40.77724,-73.87261,33.64044,-84.42694,8624,1752,15.148886827458256,0.2031539888682745,20.32,0.2029586298714842,20.3,58.44402277039848,15.148886827458256,3.9760857814851063,27.39,3,4.962982668192044,4.786134656162855
JFK-SFO,JFK,John F. Kennedy International Airport (New York International Airport),SFO,San Francisco International Airport,40.63975,-73.77893,37.619,-122.37484,9140,1738,12.5972647702407,0.1901531728665207,19.02,0.1901094249998731,19.01,61.94090539441584,12.5972647702407,3.3063687060999216,27.39,3,4.508316047088366,5.3814752258671135
MIA-LGA,MIA,Miami International Airport,LGA,LaGuardia Airport (Marine Air Terminal),25.79325,-80.29056,40.77724,-73.87261,6654,1722,15.763450556056508,0.2587917042380523,25.88,0.2577155888360716,25.77,45.09352127947953,15.763450556056508,4.13738859739016,27.36,3,5.668634374771478,3.157844686103852
SFO-LAS,SFO,San Francisco International Airport,LAS,McCarran International Airport,37.619,-122.37484,36.08036,-115.15233,8748,1743,12.404778235025148,0.1992455418381344,19.92,0.1990970939193974,19.91,59.28435890485226,12.404778235025148,3.255847305780879,27.26,3,4.57430709495655,5.125104722182747
LAX-ORD,LAX,Los Angeles International Airport,ORD,Chicago O'Hare International Airport,33.94254,-118.40807,41.9796,-87.90446,8945,1718,12.84628283957518,0.1920626048071548,19.21,0.1919968034271783,19.2,60.61940905394416,12.84628283957518,3.3717277794160583,27.18,3,4.491723538172972,5.216290013811861
LGA-BOS,LGA,LaGuardia Airport (Marine Air Terminal),BOS,Gen. Edward Lawrence Logan International Airport,40.77724,-73.87261,42.36435,-71.00518,7242,1725,15.024855012427508,0.2381938690969345,23.82,0.2374844847451414,23.75,49.07834101382488,15.024855012427508,3.943531499324805,27.11,3,5.2859724183864305,3.729033335648993
MCO-JFK,MCO,Orlando International Airport,JFK,John F. Kennedy International Airport (New York International Airport),28.42889,-81.31603,40.63975,-73.77893,5702,1574,23.05085934759733,0.2760434935110487,27.6,0.2744934655289259,27.45,38.64190837625373,23.05085934759733,6.050094316954681,27.04,3,6.447988839286187,1.6333458542099706
MSP-ORD,MSP,Minneapolis-Saint Paul International Airport,ORD,Chicago O'Hare International Airport,44.88055,-93.21692,41.9796,-87.90446,6753,1673,17.845253961202427,0.2477417444098919,24.77,0.246842417481224,24.68,45.76443480618054,17.845253961202427,4.683793690604312,26.95,3,5.620116874074357,3.059835528568679
BOS-LGA,BOS,Gen. Edward Lawrence Logan International Airport,LGA,LaGuardia Airport (Marine Air Terminal),42.36435,-71.00518,40.77724,-73.87261,7229,1698,15.9306958085489,0.2348872596486374,23.49,0.2342217337970839,23.42,48.99024125779344,15.9306958085489,4.181284989120447,26.93,3,5.276051845850641,3.635404213666832
SAN-SFO,SAN,San Diego International Airport (Lindbergh Field),SFO,San Francisco International Airport,32.73356,-117.18966,37.619,-122.37484,7446,1675,14.996105291431642,0.2249529948965887,22.5,0.2244382569571731,22.44,50.46082949308756,14.996105291431642,3.9359856407957055,26.67,3,4.9709843212082925,3.8955188526050897
SFO-JFK,SFO,San Francisco International Airport,JFK,John F. Kennedy International Airport (New York International Airport),37.619,-122.37484,40.63975,-73.77893,9143,1606,13.377556600678114,0.1756535054139779,17.57,0.1757666436220738,17.58,61.96123610734616,13.377556600678114,3.511169711464072,26.56,3,4.093183885270839,5.268566512729966
ORD-BOS,ORD,Chicago O'Hare International Airport,BOS,Gen. Edward Lawrence Logan International Airport,41.9796,-87.90446,42.36435,-71.00518,7058,1640,15.842873335222444,0.2323604420515727,23.24,0.2317143178260447,23.17,47.83139062076444,15.842873335222444,4.158234471186993,26.48,3,5.075132486878548,3.5025923053579318
SEA-SFO,SEA,Seattle-Tacoma International Airport,SFO,San Francisco International Airport,47.44898,-122.30931,37.619,-122.37484,7425,1640,14.542087542087542,0.2208754208754208,22.09,0.2204134334882163,22.04,50.318514502575226,14.542087542087542,3.8168208771883303,26.38,3,4.7695008083704264,3.918793693922603
LGA-FLL,LGA,LaGuardia Airport (Marine Air Terminal),FLL,Fort Lauderdale-Hollywood International Airport,40.77724,-73.87261,26.07258,-80.15275,5635,1504,18.65891748003549,0.2669032830523514,26.69,0.2654945225804408,26.55,38.18785578747628,18.65891748003549,4.897353669300654,26.21,3,5.597174655591366,1.9972354443998048
DEN-LAX,DEN,Denver International Airport,LAX,Los Angeles International Airport,39.85841,-104.667,33.94254,-118.40807,6218,1567,15.3504342232229,0.2520102926986169,25.2,0.2509672502372314,25.1,42.13879100027108,15.3504342232229,4.028985360425958,26.2,3,5.118745608072204,2.8304805332434997
LAX-OAK,LAX,Los Angeles International Airport,OAK,Oakland International Airport,33.94254,-118.40807,37.72129,-122.22072,6634,1598,13.444226710883328,0.240880313536328,24.09,0.2400669864863124,24.01,44.95798319327732,13.444226710883328,3.528668428053367,26.17,3,4.801849124188326,3.3673394026169188
DFW-LAX,DFW,Dallas/Fort Worth International Airport,LAX,Los Angeles International Airport,32.89595,-97.0372,33.94254,-118.40807,7163,1603,14.948206058913865,0.2237889152589697,22.38,0.2232701482856709,22.33,48.5429655733261,14.948206058913865,3.92341366375692,26.12,3,4.753241626047753,3.6709185507427233
DEN-DFW,DEN,Denver International Airport,DFW,Dallas/Fort Worth International Airport,39.85841,-104.667,32.89595,-97.0372,6604,1572,16.380829800121138,0.2380375529981829,23.8,0.2372629903041211,23.73,44.75467606397397,16.380829800121138,4.299430393732582,26.07,3,5.0391003688907885,3.0764704828762324
ORD-IAH,ORD,Chicago O'Hare International Airport,IAH,George Bush Intercontinental Airport,41.9796,-87.90446,29.98047,-95.33972,4540,1339,20.101541850220265,0.2949339207048458,29.49,0.2925885963359543,29.26,30.76714556790458,20.101541850220265,5.275995236278284,26.04,3,5.878004858117454,0.7985482997904839
DEN-SFO,DEN,Denver International Airport,SFO,San Francisco International Airport,39.85841,-104.667,37.619,-122.37484,5810,1508,16.471772805507744,0.259552495697074,25.96,0.2583098285954024,25.83,39.37381404174573,16.471772805507744,4.323299948952164,25.99,3,5.223958828047967,2.3652477060934047
SMF-LAX,SMF,Sacramento International Airport,LAX,Los Angeles International Airport,38.69542,-121.59077,33.94254,-118.40807,6012,1528,14.144211576846308,0.2541583499667332,25.42,0.2530450076895988,25.3,40.742748712388185,14.144211576846308,3.712391489985908,25.92,3,4.909126324657952,2.7619700082861613
SFO-ORD,SFO,San Francisco International Airport,ORD,Chicago O'Hare International Airport,37.619,-122.37484,41.9796,-87.90446,8017,1567,12.897592615691655,0.1954596482474741,19.55,0.195344472957845,19.53,54.330441854161016,12.897592615691655,3.3851949122550278,25.81,3,4.075152913207212,4.512191248500416
DEN-PHX,DEN,Denver International Airport,PHX,Phoenix Sky Harbor International Airport,39.85841,-104.667,33.43417,-112.00806,7824,1572,12.059815950920246,0.200920245398773,20.09,0.2007333527257481,20.07,53.02249932230957,12.059815950920246,3.165306023863581,25.77,3,4.046296127927317,4.446975291076065
ATL-MCO,ATL,Hartsfield-Jackson Atlanta International Airport,MCO,Orlando International Airport,33.64044,-84.42694,28.42889,-81.31603,8908,1523,10.233947013920073,0.1709699146834306,17.1,0.1711379981126585,17.11,60.36866359447005,10.233947013920073,2.6860753317375514,25.76,3,3.4247364706608767,5.372311786603576
FLL-LGA,FLL,Fort Lauderdale-Hollywood International Airport,LGA,LaGuardia Airport (Marine Air Terminal),26.07258,-80.15275,40.77724,-73.87261,5611,1463,17.31046159329888,0.2607378363927998,26.07,0.2594311131148359,25.94,38.02521008403361,17.31046159329888,4.543428239710992,25.75,3,5.228425204408023,2.1148883596890684
ATL-ORD,ATL,Hartsfield-Jackson Atlanta International Airport,ORD,Chicago O'Hare International Airport,33.64044,-84.42694,41.9796,-87.90446,7091,1550,15.30771400366662,0.2185869411930616,21.86,0.2181353201222122,21.81,48.0550284629981,15.30771400366662,4.0177727043744405,25.7,3,4.579780152320618,3.5809311247663067
SEA-LAX,SEA,Seattle-Tacoma International Airport,LAX,Los Angeles International Airport,47.44898,-122.30931,33.94254,-118.40807,8614,1527,9.387392616670535,0.1772695611794752,17.73,0.1773710221481326,17.74,58.37625372729737,9.387392616670535,2.4638825765539467,25.61,3,3.380135963504256,5.249769967298988
ORD-ATL,ORD,Chicago O'Hare International Airport,ATL,Hartsfield-Jackson Atlanta International Airport,41.9796,-87.90446,33.64044,-84.42694,6984,1516,16.764891179839633,0.2170675830469645,21.71,0.2166305882268249,21.66,47.32989970181621,16.764891179839633,4.40023390546972,25.49,3,4.638385855429936,3.362503174048119
PHX-DEN,PHX,Phoenix Sky Harbor International Airport,DEN,Denver International Airport,33.43417,-112.00806,39.85841,-104.667,7797,1535,11.851866102347056,0.196870591253046,19.69,0.1967343405089056,19.67,52.83952290593656,11.851866102347056,3.1107260111147133,25.48,3,3.870506990805292,4.44124347919781
DEN-ORD,DEN,Denver International Airport,ORD,Chicago O'Hare International Airport,39.85841,-104.667,41.9796,-87.90446,5970,1458,17.671524288107204,0.2442211055276382,24.42,0.2432637705105153,24.33,40.45811873136351,17.671524288107204,4.63819535120924,25.41,3,4.987664636025747,2.42173411250405
DFW-DEN,DFW,Dallas/Fort Worth International Airport,DEN,Denver International Airport,32.89595,-97.0372,39.85841,-104.667,6503,1491,14.8382285099185,0.2292787944025834,22.93,0.2286250321064407,22.86,44.07020872865275,14.8382285099185,3.89454816533294,25.32,3,4.5107973001751445,3.14318231282835
DCA-BOS,DCA,Ronald Reagan Washington National Airport,BOS,Gen. Edward Lawrence Logan International Airport,38.85208,-77.03772,42.36435,-71.00518,8143,1496,11.707356011298048,0.1837160751565762,18.37,0.1837451276232959,18.37,55.18433179723502,11.707356011298048,3.072796853359068,25.28,3,3.6076331913556605,4.700634297673178
ORD-LAS,ORD,Chicago O'Hare International Airport,LAS,McCarran International Airport,41.9796,-87.90446,36.08036,-115.15233,4642,1297,17.562903920723826,0.2794054286945282,27.94,0.2774380191899679,27.74,31.45838980753592,17.562903920723826,4.609686068431451,25.2,3,5.181440421342202,1.184049734046737
LAX-SJC,LAX,Los Angeles International Airport,SJC,Norman Y. Mineta San José International Airport,33.94254,-118.40807,37.36186,-121.92901,6639,1494,12.327910829944267,0.2250338906461816,22.5,0.2244563120639305,22.45,44.99186771482787,12.327910829944267,3.2356721338436403,25.2,3,4.16054023793254,3.48722281670928
ORD-EWR,ORD,Chicago O'Hare International Airport,EWR,Newark Liberty International Airport,41.9796,-87.90446,40.6925,-74.16866,4193,1201,21.94085380395898,0.2864297638922012,28.64,0.284092962263878,28.41,28.415559772296017,21.94085380395898,5.758754279254325,25.01,3,5.6016196728376,0.35151336539468836
DEN-IAH,DEN,Denver International Airport,IAH,George Bush Intercontinental Airport,39.85841,-104.667,29.98047,-95.33972,5185,1348,16.347540983606557,0.2599807135969141,26.0,0.2585829871331747,25.86,35.13824884792627,16.347540983606557,4.290693171550277,24.94,3,4.811879270571787,1.837230806876567
IAH-ORD,IAH,George Bush Intercontinental Airport,ORD,Chicago O'Hare International Airport,29.98047,-95.33972,41.9796,-87.90446,4648,1270,18.4645008605852,0.273235800344234,27.32,0.2714008186602418,27.14,31.499051233396585,18.4645008605852,4.846325685192965,24.89,3,5.107943946417736,1.1307704364810827
ORD-DCA,ORD,Chicago O'Hare International Airport,DCA,Ronald Reagan Washington National Airport,41.9796,-87.90446,38.85208,-77.03772,6285,1431,15.564200477326969,0.2276849642004773,22.77,0.227033842912894,22.7,42.59284358904852,15.564200477326969,4.0850919887997295,24.88,3,4.410011857757221,2.9011490822825228
SFO-SEA,SFO,San Francisco International Airport,SEA,Seattle-Tacoma International Airport,37.619,-122.37484,47.44898,-122.30931,7521,1453,12.217258343305412,0.1931923946283739,19.32,0.1930994734285301,19.31,50.96909731634589,12.217258343305412,3.2066294864318667,24.81,3,3.63035771774679,4.194464680138419
LAX-SMF,LAX,Los Angeles International Airport,SMF,Sacramento International Airport,33.94254,-118.40807,38.69542,-121.59077,6007,1413,13.525553520892291,0.2352255701681371,23.52,0.2344213340427097,23.44,40.70886419083762,13.525553520892291,3.5500140474782915,24.77,3,4.233986364042847,2.8485034770557105
BOS-ORD,BOS,Gen. Edward Lawrence Logan International Airport,ORD,Chicago O'Hare International Airport,42.36435,-71.00518,41.9796,-87.90446,7054,1439,13.502126453076269,0.2039977317833853,20.4,0.2037477057588521,20.37,47.80428300352399,13.502126453076269,3.543865210781173,24.7,3,3.8644383926980073,3.7196348381768805
BOS-DCA,BOS,Gen. Edward Lawrence Logan International Airport,DCA,Ronald Reagan Washington National Airport,42.36435,-71.00518,38.85208,-77.03772,8138,1409,10.11894814450725,0.1731383632342099,17.31,0.1732958347898553,17.33,55.15044727568446,10.11894814450725,2.6558919014454725,24.58,3,3.0569653215885095,4.826719894205242
LGA-MIA,LGA,LaGuardia Airport (Marine Air Terminal),MIA,Miami International Airport,40.77724,-73.87261,25.79325,-80.29056,6692,1414,13.72444710101614,0.2112970711297071,21.13,0.2109262495581313,21.09,45.35104364326376,13.72444710101614,3.6022170868808767,24.53,3,3.9133235644919586,3.41263655279452
DAL-HOU,DAL,Dallas Love Field,HOU,William P. Hobby Airport,32.84711,-96.85177,29.64542,-95.27889,6626,1414,12.432538484757018,0.2134017506791427,21.34,0.2129959986617347,21.3,44.90376795879642,12.432538484757018,3.2631334605661464,24.5,3,3.789782877141811,3.477309169919871
DEN-LAS,DEN,Denver International Airport,LAS,McCarran International Airport,39.85841,-104.667,36.08036,-115.15233,6769,1392,12.611168562564632,0.2056433742059388,20.56,0.2053590168872948,20.54,45.87286527514232,12.611168562564632,3.3100179954237885,24.29,3,3.6452097044115206,3.5789376720864676
HOU-DAL,HOU,William P. Hobby Airport,DAL,Dallas Love Field,29.64542,-95.27889,32.84711,-96.85177,6646,1385,12.827565452904002,0.208396027685826,20.84,0.2080656814406801,20.81,45.039306044998646,12.827565452904002,3.3668150795023637,24.25,3,3.686786166415379,3.4606614727540674
ATL-PHL,ATL,Hartsfield-Jackson Atlanta International Airport,PHL,Philadelphia International Airport,33.64044,-84.42694,39.87195,-75.24114,7139,1382,12.66283793248354,0.1935845356492506,19.36,0.1934812939630927,19.35,48.38031986988344,12.66283793248354,3.3235795098382,24.2,3,3.4743002142592783,3.862886030817102
MCO-ATL,MCO,Orlando International Airport,ATL,Hartsfield-Jackson Atlanta International Airport,28.42889,-81.31603,33.64044,-84.42694,8902,1290,9.79746124466412,0.1449112558975511,14.49,0.1453689276826069,14.54,60.32800216860937,9.79746124466412,2.571512137707118,24.19,3,2.462346350631727,5.339742017204791
LAX-SEA,LAX,Los Angeles International Airport,SEA,Seattle-Tacoma International Airport,33.94254,-118.40807,47.44898,-122.30931,8558,1329,8.201215237204954,0.1552932928254265,15.53,0.1556492361976008,15.56,57.99674708593115,8.201215237204954,2.152549931024922,24.16,3,2.44912642697509,5.271733968794138
LAX-HNL,LAX,Los Angeles International Airport,HNL,Honolulu International Airport,33.94254,-118.40807,21.31869,-157.92241,5650,1314,16.01575221238938,0.2325663716814159,23.26,0.2317584499128396,23.18,38.28950935212795,16.01575221238938,4.203609504564142,24.11,3,4.223839974731292,2.3319665972596946
PHL-ATL,PHL,Philadelphia International Airport,ATL,Hartsfield-Jackson Atlanta International Airport,39.87195,-75.24114,33.64044,-84.42694,7129,1369,13.123018656193016,0.1920325431336793,19.2,0.1919506276108491,19.2,48.31255082678233,13.123018656193016,3.4443618520191643,24.11,3,3.471985916689459,3.8133966916812403
ATL-FLL,ATL,Hartsfield-Jackson Atlanta International Airport,FLL,Fort Lauderdale-Hollywood International Airport,33.64044,-84.42694,26.07258,-80.15275,8059,1347,9.951730983993052,0.1671423253505397,16.71,0.1673748114963633,16.74,54.61507183518569,9.951730983993052,2.612002882937809,24.09,3,2.790617788959695,4.776514836741364
LAX-DEN,LAX,Los Angeles International Airport,DEN,Denver International Airport,33.94254,-118.40807,39.85841,-104.667,6245,1351,13.195036028823058,0.2163330664531625,21.63,0.2158567513000517,21.59,42.32176741664408,13.195036028823058,3.4632640495598577,24.05,3,3.7431797957175963,3.1016169450694275
MIA-JFK,MIA,Miami International Airport,JFK,John F. Kennedy International Airport (New York International Airport),25.79325,-80.29056,40.63975,-73.77893,3846,1077,20.37857514300572,0.2800312012480499,28.0,0.2776510610742088,27.77,26.06397397668745,20.37857514300572,5.348707386615674,23.98,3,4.991423115109388,0.21446341260617877
DTW-LGA,DTW,Detroit Metropolitan Airport,LGA,LaGuardia Airport (Marine Air Terminal),42.21206,-83.34884,40.77724,-73.87261,4603,1193,17.7177927438627,0.2591787964371062,25.92,0.2576251513924789,25.76,31.194090539441586,17.7177927438627,4.650339302851101,23.95,3,4.566974022994837,1.213989739320846
DFW-ATL,DFW,Dallas/Fort Worth International Airport,ATL,Hartsfield-Jackson Atlanta International Airport,32.89595,-97.0372,33.64044,-84.42694,7582,1328,12.648509628066472,0.1751516750197837,17.52,0.175294335719712,17.53,51.38248847926268,12.648509628066472,3.3198188000174467,23.86,3,3.114954290014409,4.1900823272667225
SFO-SAN,SFO,San Francisco International Airport,SAN,San Diego International Airport (Lindbergh Field),37.619,-122.37484,32.73356,-117.18966,7419,1332,11.554252594689313,0.1795390214314597,17.95,0.1796264246573783,17.96,50.27785307671455,11.554252594689313,3.032612229577247,23.8,3,3.0384554003699344,4.173140374203462
ATL-TPA,ATL,Hartsfield-Jackson Atlanta International Airport,TPA,Tampa International Airport,33.64044,-84.42694,27.97547,-82.53325,7684,1319,10.627667881311815,0.1716553878188443,17.17,0.1718410954520591,17.18,52.07373271889401,10.627667881311815,2.789414142076592,23.74,3,2.8142681402745384,4.447318460606161
IAH-DEN,IAH,George Bush Intercontinental Airport,DEN,Denver International Airport,29.98047,-95.33972,39.85841,-104.667,4869,1206,16.90182789073732,0.2476894639556377,24.77,0.2464502086936663,24.65,32.99674708593115,16.90182789073732,4.436175299406121,23.7,3,4.297873103225922,1.557391928893851
LAS-DEN,LAS,McCarran International Airport,DEN,Denver International Airport,36.08036,-115.15233,39.85841,-104.667,6752,1307,13.340343601895734,0.1935722748815166,19.36,0.1934633810564547,19.35,45.75765790187042,13.340343601895734,3.501402520182608,23.57,3,3.3297898465340094,3.5061872771519584
JFK-BOS,JFK,John F. Kennedy International Airport (New York International Airport),BOS,Gen. Edward Lawrence Logan International Airport,40.63975,-73.77893,42.36435,-71.00518,5340,1236,17.16179775280899,0.2314606741573033,23.15,0.2306270380512551,23.06,36.1886690159935,17.16179775280899,4.504408859004984,23.56,3,4.130866502975816,1.976321319587979
ORD-MCO,ORD,Chicago O'Hare International Airport,MCO,Orlando International Airport,41.9796,-87.90446,28.42889,-81.31603,4738,1180,16.71274799493457,0.2490502321654706,24.91,0.2477492945429574,24.77,32.108972621306584,16.71274799493457,4.386548030166554,23.55,3,4.231719057453484,1.4597861910196188
JFK-FLL,JFK,John F. Kennedy International Airport (New York International Airport),FLL,Fort Lauderdale-Hollywood International Airport,40.63975,-73.77893,26.07258,-80.15275,4672,1169,17.790239726027398,0.2502140410958904,25.02,0.2488707223383965,24.89,31.66169693683925,17.790239726027398,4.669354258799842,23.55,3,4.352265117272071,1.300903610957697
PHL-BOS,PHL,Philadelphia International Airport,BOS,Gen. Edward Lawrence Logan International Airport,39.87195,-75.24114,42.36435,-71.00518,5669,1259,14.455988710530958,0.2220850238137237,22.21,0.221461446871005,22.15,38.41827053402006,14.455988710530958,3.794222758669543,23.46,3,3.7231503580449483,2.514503916158422
LAX-DFW,LAX,Los Angeles International Airport,DFW,Dallas/Fort Worth International Airport,33.94254,-118.40807,32.89595,-97.0372,7161,1278,12.393380812735652,0.1784666945957268,17.85,0.1785719717668128,17.86,48.52941176470589,12.393380812735652,3.252855856361064,23.34,3,2.958920990186661,3.9049921645584056
PHX-SFO,PHX,Phoenix Sky Harbor International Airport,SFO,San Francisco International Airport,33.43417,-112.00806,37.619,-122.37484,5303,1224,14.223458419762398,0.2308127475014142,23.08,0.2299853945953781,23.0,35.93792355651938,14.223458419762398,3.733191186289343,23.34,3,3.739113867238453,2.2168550088299988
JFK-MCO,JFK,John F. Kennedy International Airport (New York International Airport),MCO,Orlando International Airport,40.63975,-73.77893,28.42889,-81.31603,5708,1243,14.369131044148563,0.2177645409950946,21.78,0.2172195397725255,21.72,38.6825698021144,14.369131044148563,3.771425470905135,23.27,3,3.601569350114231,2.563855549785809
SNA-SFO,SNA,John Wayne Airport (Orange County Airport),SFO,San Francisco International Airport,33.67566,-117.86822,37.619,-122.37484,4598,1142,14.88929969551979,0.2483688560243584,24.84,0.2470436541078816,24.7,31.160206017891028,14.88929969551979,3.9079526759894474,23.2,3,3.904836179835254,1.5113189426721079
CLT-LGA,CLT,Charlotte Douglas International Airport,LGA,LaGuardia Airport (Marine Air Terminal),35.21401,-80.94313,40.77724,-73.87261,3827,1031,16.67938332897831,0.2694016200679383,26.94,0.2672806434934627,26.73,25.935212794795337,16.67938332897831,4.377790899994307,23.18,3,4.230964940321628,0.5902771331235058
OGG-HNL,OGG,Kahului Airport,HNL,Honolulu International Airport,20.89865,-156.43046,21.31869,-157.92241,9034,1141,6.176444542838167,0.1263006420190391,12.63,0.1269554507333948,12.7,61.22255353754405,6.176444542838167,1.6211140532383643,23.17,3,1.4520673793503531,5.709554080205922
BOS-JFK,BOS,Gen. Edward Lawrence Logan International Airport,JFK,John F. Kennedy International Airport (New York International Airport),42.36435,-71.00518,40.63975,-73.77893,5341,1199,17.311364912937652,0.2244897959183673,22.45,0.223784430619156,22.38,36.195445920303605,17.311364912937652,4.543665331479699,23.16,3,3.934758683960765,1.9829623264447873
MCO-ORD,MCO,Orlando International Airport,ORD,Chicago O'Hare International Airport,28.42889,-81.31603,41.9796,-87.90446,4728,1138,18.69035532994924,0.2406937394247039,24.07,0.2395631911762278,23.96,32.04120357820548,18.69035532994924,4.90560507347749,23.12,3,4.208363343331832,1.3010810180253694
EWR-MCO,EWR,Newark Liberty International Airport,MCO,Orlando International Airport,40.6925,-74.16866,28.42889,-81.31603,5095,1179,15.884200196270854,0.2314033366045142,23.14,0.230531489316425,23.05,34.528327460016264,15.884200196270854,4.169081416344056,23.09,3,3.824426040081029,1.893387915999851
DEN-SLC,DEN,Denver International Airport,SLC,Salt Lake City International Airport,39.85841,-104.667,40.78839,-111.97777,6352,1259,11.10469143576826,0.198205289672544,19.82,0.1980178374145735,19.8,43.04689617782597,11.10469143576826,2.9146171747423257,23.08,3,2.980232220309559,3.401369926235738
ORD-PHL,ORD,Chicago O'Hare International Airport,PHL,Philadelphia International Airport,41.9796,-87.90446,39.87195,-75.24114,5142,1178,16.424931933099963,0.2290937378451964,22.91,0.2282737670734124,22.83,34.84684196259149,16.424931933099963,4.31100575671915,23.06,3,3.848342788595818,1.8892020813976917
PHL-MCO,PHL,Philadelphia International Airport,MCO,Orlando International Airport,39.87195,-75.24114,28.42889,-81.31603,5181,1184,15.43582320015441,0.2285273113298591,22.85,0.227724121757021,22.77,35.111141230685824,15.43582320015441,4.0513971653948575,23.05,3,3.7367270030626463,2.0136579267073067
DFW-SFO,DFW,Dallas/Fort Worth International Airport,SFO,San Francisco International Airport,32.89595,-97.0372,37.619,-122.37484,4865,1153,16.201233299075025,0.2369989722507708,23.7,0.2359740356493108,23.6,32.9696394686907,16.201233299075025,4.252292204481634,23.04,3,3.8884950830714407,1.6561283692699633
FLL-JFK,FLL,Fort Lauderdale-Hollywood International Airport,JFK,John F. Kennedy International Airport (New York International Airport),26.07258,-80.15275,40.63975,-73.77893,4655,1121,19.223200859291087,0.2408163265306122,24.08,0.2396658437431815,23.97,31.546489563567366,19.223200859291087,5.04545954312102,23.03,3,4.229343831693091,1.1915256329154598
ORD-MKE,ORD,Chicago O'Hare International Airport,MKE,General Mitchell International Airport,41.9796,-87.90446,42.94722,-87.89658,5058,1175,14.487939897192566,0.2323052589956504,23.23,0.2314096717717774,23.14,34.277582000542154,14.487939897192566,3.802608896900936,23.02,3,3.662940841512052,1.9877078300596462
SLC-DEN,SLC,Salt Lake City International Airport,DEN,Denver International Airport,40.78839,-111.97777,39.85841,-104.667,6672,1250,10.851768585131897,0.1873501199040767,18.74,0.187331820289254,18.73,45.21550555706153,10.851768585131897,2.848233224444067,22.97,3,2.7867890629052097,3.67842180822497
MCO-PHL,MCO,Orlando International Airport,PHL,Philadelphia International Airport,28.42889,-81.31603,39.87195,-75.24114,5166,1176,15.230739450251646,0.2276422764227642,22.76,0.2268536055827626,22.69,35.009487666034154,15.230739450251646,3.9975694095148673,22.97,3,3.6772058731184947,2.0227767936585304
LGA-DTW,LGA,LaGuardia Airport (Marine Air Terminal),DTW,Detroit Metropolitan Airport,40.77724,-73.87261,42.21206,-83.34884,4628,1120,16.097666378565254,0.2420051858254105,24.2,0.2408229879439145,24.08,31.36351314719436,16.097666378565254,4.225109285712665,22.92,3,3.8756865046071733,1.4505251911137205
EWR-SFO,EWR,Newark Liberty International Airport,SFO,San Francisco International Airport,40.6925,-74.16866,37.619,-122.37484,5438,1186,15.163663111438028,0.2180948878264067,21.81,0.217517350487329,21.75,36.85280563838438,15.163663111438028,3.9799640712435767,22.86,3,3.5412534824920447,2.275017768816069
SFO-DEN,SFO,San Francisco International Airport,DEN,Denver International Airport,37.619,-122.37484,39.85841,-104.667,5490,1187,14.40655737704918,0.2162112932604735,21.62,0.2156728241500587,21.57,37.20520466251017,14.40655737704918,3.781248655393485,22.81,3,3.4253308142975434,2.3905714567737526
DFW-MIA,DFW,Dallas/Fort Worth International Airport,MIA,Miami International Airport,32.89595,-97.0372,25.79325,-80.29056,3951,1020,17.302961275626423,0.2581624905087319,25.82,0.2563838773139541,25.64,26.775548929249123,17.302961275626423,4.541459652395387,22.76,3,4.0600433344699205,0.6963689596465977
PHL-ORD,PHL,Philadelphia International Airport,ORD,Chicago O'Hare International Airport,39.87195,-75.24114,41.9796,-87.90446,5146,1153,15.520015546055188,0.2240575204041974,22.41,0.2233341759433526,22.33,34.87394957983193,15.520015546055188,4.073494893977739,22.73,3,3.5885721718495946,1.990889076057985
LAX-IAH,LAX,Los Angeles International Airport,IAH,George Bush Intercontinental Airport,33.94254,-118.40807,29.98047,-95.33972,4573,1100,15.142794664334136,0.2405423135797069,24.05,0.2393775063126103,23.94,30.99078341013825,15.142794664334136,3.974486788539143,22.71,3,3.684633074225762,1.4981127578724223
DCA-ORD,DCA,Ronald Reagan Washington National Airport,ORD,Chicago O'Hare International Airport,38.85208,-77.03772,41.9796,-87.90446,6277,1202,15.111199617651744,0.1914927513143221,19.15,0.1914083561233853,19.14,42.53862835456764,15.111199617651744,3.966194125367912,22.71,3,3.19673240404668,2.985876740924483
ATL-DFW,ATL,Hartsfield-Jackson Atlanta International Airport,DFW,Dallas/Fort Worth International Airport,33.64044,-84.42694,32.89595,-97.0372,7569,1184,11.162901307966706,0.1564275333597569,15.64,0.1568145895160813,15.68,51.29438872323123,11.162901307966706,2.9298953564217074,22.67,3,2.3060445196798267,4.306249892438856
DEN-MSP,DEN,Denver International Airport,MSP,Minneapolis-Saint Paul International Airport,39.85841,-104.667,44.88055,-93.21692,6005,1201,11.890424646128226,0.2,20.0,0.1997724958229038,19.98,40.6953103822174,11.890424646128226,3.120846363813183,22.63,3,2.927428456661898,3.05946516447177
SEA-ANC,SEA,Seattle-Tacoma International Airport,ANC,Ted Stevens Anchorage International Airport,47.44898,-122.30931,61.17432,-149.99619,6843,1212,8.501972818939063,0.1771153003068829,17.71,0.1772448634594308,17.72,46.37435619409054,8.501972818939063,2.231488928855397,22.56,3,2.2723599584763856,4.027821120527482
CLT-EWR,CLT,Charlotte Douglas International Airport,EWR,Newark Liberty International Airport,35.21401,-80.94313,40.6925,-74.16866,4369,1061,16.207827878233005,0.2428473334859235,24.28,0.2415777773548507,24.16,29.60829493087558,16.207827878233005,4.25402306515302,22.54,3,3.7497655905444245,1.2212226183770212
MKE-ORD,MKE,General Mitchell International Airport,ORD,Chicago O'Hare International Airport,42.94722,-87.89658,41.9796,-87.90446,5034,1121,16.309296781883194,0.2226857369884783,22.27,0.221973332099499,22.2,34.11493629709948,16.309296781883194,4.280655323328922,22.49,3,3.571690726827325,1.8324895817877591
LAS-SAN,LAS,McCarran International Airport,SAN,San Diego International Airport (Lindbergh Field),36.08036,-115.15233,32.73356,-117.18966,4416,1068,13.431385869565217,0.2418478260869565,24.18,0.2406136153673224,24.06,29.926809433450803,13.431385869565217,3.5252981284948075,22.45,3,3.4203152438523783,1.5190319189990253
MCO-EWR,MCO,Orlando International Airport,EWR,Newark Liberty International Airport,28.42889,-81.31603,40.6925,-74.16866,5098,1116,16.849352687328363,0.2189093762259709,21.89,0.2182783930355575,21.83,34.5486581729466,16.849352687328363,4.4224022801386775,22.4,3,3.559610637431865,1.8467775983638948
MCO-LGA,MCO,Orlando International Airport,LGA,LaGuardia Airport (Marine Air Terminal),28.42889,-81.31603,40.77724,-73.87261,4144,1014,19.321428571428573,0.2446911196911197,24.47,0.2433108122051904,24.33,28.083491461100568,19.321428571428573,5.071241094863142,22.38,3,4.0288430743454935,0.739433377009393
SLC-LAX,SLC,Salt Lake City International Airport,LAX,Los Angeles International Airport,40.78839,-111.97777,33.94254,-118.40807,5986,1175,11.688773805546274,0.1962913464751086,19.63,0.1961240695035866,19.61,40.56654920032529,11.688773805546274,3.067919634001647,22.37,3,2.774727867623402,3.0703072859132394
LGA-MCO,LGA,LaGuardia Airport (Marine Air Terminal),MCO,Orlando International Airport,40.77724,-73.87261,28.42889,-81.31603,4149,1013,17.238129669799953,0.2441552181248493,24.42,0.2427891473285074,24.28,28.11737598265113,17.238129669799953,4.524443482887127,22.28,3,3.77042916633029,0.9366500583516525
CLT-ATL,CLT,Charlotte Douglas International Airport,ATL,Hartsfield-Jackson Atlanta International Airport,35.21401,-80.94313,33.64044,-84.42694,6852,1164,10.977378867483946,0.169877408056042,16.99,0.1701109158513849,17.01,46.43534833288154,10.977378867483946,2.8812018024892248,22.25,3,2.3364893221032137,3.8111890272456037
ATL-DCA,ATL,Hartsfield-Jackson Atlanta International Airport,DCA,Ronald Reagan Washington National Airport,33.64044,-84.42694,38.85208,-77.03772,6951,1162,10.520069054812256,0.1671701913393756,16.72,0.1674388153451748,16.74,47.10626185958255,10.520069054812256,2.7611729802656844,22.23,3,2.247382625162189,3.9255509302316693
BWI-BOS,BWI,Baltimore-Washington International Airport,BOS,Gen. Edward Lawrence Logan International Airport,39.1754,-76.6682,42.36435,-71.00518,4717,1076,14.945516217935127,0.2281110875556497,22.81,0.2272391710605829,22.72,31.966657630794256,14.945516217935127,3.9227076687493776,22.21,3,3.37714846895394,1.682355173640015
IAH-SFO,IAH,George Bush Intercontinental Airport,SFO,San Francisco International Airport,29.98047,-95.33972,37.619,-122.37484,3738,945,18.46923488496522,0.2528089887640449,25.28,0.2510711534650412,25.11,25.33206831119544,18.46923488496522,4.847568211276961,22.13,3,3.9031224432634803,0.4351928545772354
DFW-LGA,DFW,Dallas/Fort Worth International Airport,LGA,LaGuardia Airport (Marine Air Terminal),32.89595,-97.0372,40.77724,-73.87261,4724,1075,12.970575783234548,0.2275613886536833,22.76,0.2267021324624436,22.67,32.01409596096504,12.970575783234548,3.404350599274159,22.12,3,3.1325929385327336,1.8706764869992782
ORD-CLE,ORD,Chicago O'Hare International Airport,CLE,Cleveland Hopkins International Airport,41.9796,-87.90446,41.41089,-81.8494,4178,1006,16.831019626615607,0.2407850646242221,24.08,0.2395070329590528,23.95,28.313906207644347,16.831019626615607,4.417590453179949,22.11,3,3.6402335390837752,1.0136066515688338
LGA-DCA,LGA,LaGuardia Airport (Marine Air Terminal),DCA,Ronald Reagan Washington National Airport,40.77724,-73.87261,38.85208,-77.03772,4347,1035,13.101449275362318,0.238095238095238,23.81,0.2369262619741012,23.69,29.459203036053133,13.101449275362318,3.4387005972079576,22.09,3,3.2251073370362433,1.5072481762045233
DAL-AUS,DAL,Dallas Love Field,AUS,Austin-Bergstrom International Airport,32.84711,-96.85177,30.19453,-97.66987,4225,1015,14.73869822485207,0.2402366863905325,24.02,0.2389852224274747,23.9,28.63242071021957,14.73869822485207,3.868424730932301,22.08,3,3.4062025063755828,1.2470837896663243
DEN-SEA,DEN,Denver International Airport,SEA,Seattle-Tacoma International Airport,39.85841,-104.667,47.44898,-122.30931,5649,1133,11.766153301469286,0.2005664719419366,20.06,0.2003150264391769,20.03,38.28273244781784,11.766153301469286,3.0882292129840647,22.05,3,2.7203797909775123,2.7950847438815303
DTW-ORD,DTW,Detroit Metropolitan Airport,ORD,Chicago O'Hare International Airport,42.21206,-83.34884,41.9796,-87.90446,4480,1032,17.247098214285714,0.2303571428571428,23.04,0.2293910670303118,22.94,30.36053130929791,17.247098214285714,4.526797431571054,22.03,3,3.5708831017989446,1.2691410816497701
EWR-ORD,EWR,Newark Liberty International Airport,ORD,Chicago O'Hare International Airport,40.6925,-74.16866,41.9796,-87.90446,4040,977,18.37970297029703,0.2418316831683168,24.18,0.2404857698064802,24.05,27.37869341284901,18.37970297029703,4.824069021075336,22.0,3,3.7668561866820505,0.7523646242356449
FLL-ATL,FLL,Fort Lauderdale-Hollywood International Airport,ATL,Hartsfield-Jackson Atlanta International Airport,26.07258,-80.15275,33.64044,-84.42694,8037,1061,8.867985566753763,0.1320144332462361,13.2,0.1326792536559946,13.27,54.46597994036324,8.867985566753763,2.3275552668645045,21.93,3,1.4602415111631306,4.814276779182331
LAS-PHX,LAS,McCarran International Airport,PHX,Phoenix Sky Harbor International Airport,36.08036,-115.15233,33.43417,-112.00806,5899,1124,11.153754873707408,0.1905407696219698,19.05,0.1904669256540803,19.05,39.97695852534562,11.153754873707408,2.927494717508506,21.86,3,2.47938980193674,3.0638029726155436
JFK-SJU,JFK,John F. Kennedy International Airport (New York International Airport),SJU,Luis Muñoz Marín International Airport,40.63975,-73.77893,18.43942,-66.00183,4734,1046,14.223700887198984,0.2209547950992818,22.1,0.2202339857258643,22.02,32.08186500406614,14.223700887198984,3.7332548260364793,21.79,3,3.0870161973737873,1.7884535976282412
DCA-LGA,DCA,Ronald Reagan Washington National Airport,LGA,LaGuardia Airport (Marine Air Terminal),38.85208,-77.03772,40.77724,-73.87261,4351,1009,13.481728338313031,0.2319007124798897,23.19,0.2308719584360431,23.09,29.48631065329357,13.481728338313031,3.53851137488531,21.76,3,3.090635178009304,1.5024613062135428
LAX-SLC,LAX,Los Angeles International Airport,SLC,Salt Lake City International Airport,33.94254,-118.40807,40.78839,-111.97777,5981,1114,10.885972245443906,0.1862564788496906,18.63,0.1862540843609321,18.63,40.532664678774736,10.885972245443906,2.857210563108637,21.74,3,2.3611101373825467,3.1577128706568547
TPA-ATL,TPA,Tampa International Airport,ATL,Hartsfield-Jackson Atlanta International Airport,27.97547,-82.53325,33.64044,-84.42694,7666,1055,9.245499608661625,0.1376206626663188,13.76,0.1382450536954453,13.82,51.951748441312006,9.245499608661625,2.4266403172340216,21.64,3,1.5008660305474655,4.53635527830968
EWR-IAH,EWR,Newark Liberty International Airport,IAH,George Bush Intercontinental Airport,40.6925,-74.16866,29.98047,-95.33972,3574,895,16.27728035814214,0.2504196978175713,25.04,0.2486693214476941,24.87,24.22065600433722,16.27728035814214,4.272252062504498,21.62,3,3.467239338488362,0.5096258506656549
EWR-BOS,EWR,Newark Liberty International Airport,BOS,Gen. Edward Lawrence Logan International Airport,40.6925,-74.16866,42.36435,-71.00518,4785,1033,14.61630094043887,0.2158829676071055,21.59,0.2152735080857375,21.53,32.42748712388181,14.61630094043887,3.8362994594327744,21.6,3,3.0126632132948004,1.8118654925343243
ORD-DTW,ORD,Chicago O'Hare International Airport,DTW,Detroit Metropolitan Airport,41.9796,-87.90446,42.21206,-83.34884,4524,1004,15.832007073386384,0.2219274977895667,22.19,0.2211529167385008,22.12,30.6587150989428,15.832007073386384,4.15538243395968,21.56,3,3.1790305752158123,1.4690295633138217
DCA-ATL,DCA,Ronald Reagan Washington National Airport,ATL,Hartsfield-Jackson Atlanta International Airport,38.85208,-77.03772,33.64044,-84.42694,6938,1076,12.142836552320553,0.1550879215912366,15.51,0.1555287136969065,15.55,47.0181621035511,12.142836552320553,3.18709620795815,21.56,3,2.0383426220193788,3.772290026130319
EWR-LAX,EWR,Newark Liberty International Airport,LAX,Los Angeles International Airport,40.6925,-74.16866,33.94254,-118.40807,4958,1043,14.429608713190802,0.2103670835014118,21.04,0.2098875221429079,20.99,33.59989156953104,14.429608713190802,3.787298874853229,21.56,3,2.92753406379874,1.9849305890544766
BWI-ATL,BWI,Baltimore-Washington International Airport,ATL,Hartsfield-Jackson Atlanta International Airport,39.1754,-76.6682,33.64044,-84.42694,6327,1088,12.84431800221274,0.1719614351193298,17.2,0.1721815912554579,17.22,42.87747357007319,12.84431800221274,3.3712120740715856,21.56,3,2.3342118866168797,3.2567250651117026
MSP-DEN,MSP,Minneapolis-Saint Paul International Airport,DEN,Denver International Airport,44.88055,-93.21692,39.85841,-104.667,6003,1091,10.956688322505414,0.1817424621022822,18.17,0.1818140401439993,18.18,40.681756573597184,10.956688322505414,2.875771213256014,21.51,3,2.2377211943368898,3.1766649722512357
BWI-FLL,BWI,Baltimore-Washington International Airport,FLL,Fort Lauderdale-Hollywood International Airport,39.1754,-76.6682,26.07258,-80.15275,4223,969,14.560028415818138,0.2294577314705186,22.95,0.2284550282208716,22.85,28.61886690159935,14.560028415818138,3.8215297679312696,21.44,3,3.0666028010424142,1.3095035645443913
SFO-IAH,SFO,San Francisco International Airport,IAH,George Bush Intercontinental Airport,37.619,-122.37484,29.98047,-95.33972,3702,903,15.788492706645057,0.2439222042139384,24.39,0.2424016536030584,24.24,25.088099756031447,15.788492706645057,4.143961340326786,21.44,3,3.3041143922492773,0.6970487258605427
CLT-ORD,CLT,Charlotte Douglas International Airport,ORD,Chicago O'Hare International Airport,35.21401,-80.94313,41.9796,-87.90446,4929,1030,13.94643944004869,0.208967336173666,20.9,0.2085128429108825,20.85,33.403361344537814,13.94643944004869,3.660482792663698,21.41,3,2.810187990320037,2.0113654819462004
CVG-ORD,CVG,Cincinnati/Northern Kentucky International Airport,ORD,Chicago O'Hare International Airport,39.04614,-84.66217,41.9796,-87.90446,4292,965,16.991146318732525,0.2248369058713886,22.48,0.2239551655279663,22.4,29.086473298997017,16.991146318732525,4.459618456360243,21.38,3,3.259904036839734,1.1637812830345435
ORD-BNA,ORD,Chicago O'Hare International Airport,BNA,Nashville International Airport,41.9796,-87.90446,36.12448,-86.67818,3826,907,15.829587036069002,0.2370622059592263,23.71,0.2357644133975619,23.58,25.928435890485225,15.829587036069002,4.154747253561418,21.25,3,3.189641026070324,0.8310436457272989
PHX-LAS,PHX,Phoenix Sky Harbor International Airport,LAS,McCarran International Airport,33.43417,-112.00806,36.08036,-115.15233,5930,1065,10.03558178752108,0.1795952782462057,17.96,0.1797033311772517,17.97,40.18704255895907,10.03558178752108,2.634010967853302,21.22,3,2.0195859266738863,3.2103412200048846
BOS-SFO,BOS,Gen. Edward Lawrence Logan International Airport,SFO,San Francisco International Airport,42.36435,-71.00518,37.619,-122.37484,4131,943,14.413943355119825,0.2282740256596465,22.83,0.2272774963362865,22.73,27.99539170506912,14.413943355119825,3.7831872323149143,21.2,3,2.9558247018794708,1.2533435758920282
SAN-LAX,SAN,San Diego International Airport (Lindbergh Field),LAX,Los Angeles International Airport,32.73356,-117.18966,33.94254,-118.40807,4774,1007,12.39882697947214,0.2109342270632593,21.09,0.2104249255229438,21.04,32.35294117647059,12.39882697947214,3.254285296449381,21.2,3,2.5924800656232803,2.024816740089376
MIA-ORD,MIA,Miami International Airport,ORD,Chicago O'Hare International Airport,25.79325,-80.29056,41.9796,-87.90446,4460,975,13.955381165919285,0.218609865470852,21.86,0.2178971682014974,21.79,30.22499322309569,13.955381165919285,3.6628297023410186,21.18,3,2.817826618174209,1.603230577100172
ATL-LAX,ATL,Hartsfield-Jackson Atlanta International Airport,LAX,Los Angeles International Airport,33.64044,-84.42694,33.94254,-118.40807,6204,1058,9.511283043197936,0.170535138620245,17.05,0.1707822155772252,17.08,42.04391433992952,9.511283043197936,2.4963997488708496,21.13,3,1.8239497389420298,3.474695234878604
PHX-SAN,PHX,Phoenix Sky Harbor International Airport,SAN,San Diego International Airport (Lindbergh Field),33.43417,-112.00806,32.73356,-117.18966,5532,1045,9.367498192335503,0.1889009399855387,18.89,0.1888514003904169,18.89,37.48983464353483,9.367498192335503,2.458660942870211,21.08,3,2.006443694096196,2.9539263978176162
SFO-DFW,SFO,San Francisco International Airport,DFW,Dallas/Fort Worth International Airport,37.619,-122.37484,32.89595,-97.0372,4851,994,14.6998556998557,0.2049062049062049,20.49,0.2045265778628212,20.45,32.874762808349146,14.6998556998557,3.858229842481811,21.07,3,2.729578759090721,1.896013039143663
ORD-PHX,ORD,Chicago O'Hare International Airport,PHX,Phoenix Sky Harbor International Airport,41.9796,-87.90446,33.43417,-112.00806,4781,992,13.465592972181552,0.2074879732273583,20.75,0.2070500075801737,20.71,32.400379506641364,13.465592972181552,3.534276370651326,21.06,3,2.6212191829339173,1.9447398112906629
ATL-EWR,ATL,Hartsfield-Jackson Atlanta International Airport,EWR,Newark Liberty International Airport,33.64044,-84.42694,40.6925,-74.16866,5446,1023,14.13973558575101,0.1878442893867058,18.78,0.1878130340784039,18.78,36.90702087286528,14.13973558575101,3.7112166891734937,21.05,3,2.487762208839166,2.4552446175902536
JFK-MIA,JFK,John F. Kennedy International Airport (New York International Airport),MIA,Miami International Airport,40.63975,-73.77893,25.79325,-80.29056,3849,892,16.12652637048584,0.2317485061054819,23.17,0.2305928303364973,23.06,26.08430468961778,16.12652637048584,4.232684086741691,20.99,3,3.083745544739619,0.8504190473703674
CLT-BOS,CLT,Charlotte Douglas International Airport,BOS,Gen. Edward Lawrence Logan International Airport,35.21401,-80.94313,42.36435,-71.00518,3842,896,13.06663196251952,0.2332118688183238,23.32,0.2320170185182212,23.2,26.036866359447004,13.06663196251952,3.4295621948870134,20.94,3,2.758953938591198,1.1172653728807624
DEN-ATL,DEN,Denver International Airport,ATL,Hartsfield-Jackson Atlanta International Airport,39.85841,-104.667,33.64044,-84.42694,5535,1023,11.555194218608852,0.1848238482384823,18.48,0.1848466880210875,18.48,37.51016535646517,11.555194218608852,3.0328593749629533,20.92,3,2.1384430607919804,2.766459383352079
ATL-CLT,ATL,Hartsfield-Jackson Atlanta International Airport,CLT,Charlotte Douglas International Airport,33.64044,-84.42694,35.21401,-80.94313,6846,1003,8.46099912357581,0.1465089103125913,14.65,0.1470790508204474,14.71,46.39468690702087,8.46099912357581,2.220734678103887,20.76,3,1.2745035504423299,4.049312538172708
LAX-ATL,LAX,Los Angeles International Airport,ATL,Hartsfield-Jackson Atlanta International Airport,33.94254,-118.40807,33.64044,-84.42694,6178,1019,9.362091291680157,0.1649401100679831,16.49,0.1652773314748053,16.53,41.86771482786663,9.362091291680157,2.457241808839936,20.75,3,1.6140001450894683,3.478047119505613
SAN-PHX,SAN,San Diego International Airport (Lindbergh Field),PHX,Phoenix Sky Harbor International Airport,32.73356,-117.18966,33.43417,-112.00806,5542,1010,10.709852038975098,0.182244677011909,18.22,0.1823132022330429,18.23,37.55760368663594,10.709852038975098,2.8109847871325715,20.75,3,1.9626551954191076,2.8555662028196043
BOS-PHL,BOS,Gen. Edward Lawrence Logan International Airport,PHL,Philadelphia International Airport,42.36435,-71.00518,39.87195,-75.24114,5654,1004,11.791121330031835,0.1775733993632826,17.76,0.1777217738962162,17.77,38.3166169693684,11.791121330031835,3.0947825013206915,20.71,3,2.00959677415789,2.850441784729607
ORD-CVG,ORD,Chicago O'Hare International Airport,CVG,Cincinnati/Northern Kentucky International Airport,41.9796,-87.90446,39.04614,-84.66217,4199,914,13.661347939985712,0.2176708740176232,21.77,0.2169367497089621,21.69,28.456221198156683,13.661347939985712,3.5856556272928377,20.67,3,2.596065123263309,1.4260782706050765
CLT-PHL,CLT,Charlotte Douglas International Airport,PHL,Philadelphia International Airport,35.21401,-80.94313,39.87195,-75.24114,3674,856,13.00244964616222,0.2329885683179096,23.3,0.2317464459456354,23.17,24.898346435348333,13.00244964616222,3.412716442562263,20.64,3,2.6395646905956145,0.9867427756770086
ORD-MIA,ORD,Chicago O'Hare International Airport,MIA,Miami International Airport,41.9796,-87.90446,25.79325,-80.29056,4467,928,15.80098500111932,0.2077456906201029,20.77,0.207271970001933,20.73,30.272431553266465,15.80098500111932,4.1472401577741,20.63,3,2.717114270048009,1.4847557440825554
SAN-LAS,SAN,San Diego International Airport (Lindbergh Field),LAS,McCarran International Airport,32.73356,-117.18966,36.08036,-115.15233,4411,937,11.419179324416232,0.2124234867377012,21.24,0.2118401877629856,21.18,29.89292491190024,11.419179324416232,2.9971599276683025,20.63,3,2.302240479725372,1.8225623217794387
ATL-DEN,ATL,Hartsfield-Jackson Atlanta International Airport,DEN,Denver International Airport,33.64044,-84.42694,39.85841,-104.667,5428,991,11.847089167280766,0.1825718496683861,18.26,0.1826358695728705,18.26,36.78503659528328,11.847089167280766,3.109472222383403,20.62,3,2.043144180279782,2.6654321563309797
BOS-EWR,BOS,Gen. Edward Lawrence Logan International Airport,EWR,Newark Liberty International Airport,42.36435,-71.00518,40.6925,-74.16866,4796,953,14.615929941618017,0.1987072560467055,19.87,0.1984499769196953,19.84,32.502033071293035,14.615929941618017,3.8362020844141775,20.6,3,2.4984147453490104,1.8831709789144193
HNL-OGG,HNL,Honolulu International Airport,OGG,Kahului Airport,21.31869,-157.92241,20.89865,-156.43046,9014,763,4.369203461282449,0.0846461060572442,8.46,0.0857593907174487,8.58,61.08701545134183,4.369203461282449,1.1467725620163909,20.59,3,-0.22973798925194777,5.7460834215025205
SFO-EWR,SFO,San Francisco International Airport,EWR,Newark Liberty International Airport,37.619,-122.37484,40.6925,-74.16866,5428,986,12.433124539425204,0.1816507000736919,18.17,0.1817313833210615,18.17,36.78503659528328,12.433124539425204,3.26328728068903,20.59,3,2.084476127777746,2.614110459263856
PHX-SEA,PHX,Phoenix Sky Harbor International Airport,SEA,Seattle-Tacoma International Airport,33.43417,-112.00806,47.44898,-122.30931,6228,995,8.741008349389853,0.1597623635195889,15.98,0.1601787432046188,16.02,42.206560043372185,8.741008349389853,2.2942279132256838,20.51,3,1.4042212388344233,3.5780512141813485
SEA-DEN,SEA,Seattle-Tacoma International Airport,DEN,Denver International Airport,47.44898,-122.30931,39.85841,-104.667,5594,988,10.401859134787273,0.1766178047908473,17.66,0.1767845252895729,17.68,37.91000271076173,10.401859134787273,2.730146754537342,20.5,3,1.781711021759661,2.9358882727144042
ATL-BWI,ATL,Hartsfield-Jackson Atlanta International Airport,BWI,Baltimore-Washington International Airport,33.64044,-84.42694,39.1754,-76.6682,6331,984,9.543358079292371,0.1554256831464223,15.54,0.1559028280203433,15.59,42.90458118731363,9.543358079292371,2.504818393515058,20.46,3,1.415838208161131,3.5838957983594106
DFW-AUS,DFW,Dallas/Fort Worth International Airport,AUS,Austin-Bergstrom International Airport,32.89595,-97.0372,30.19453,-97.66987,4950,947,12.548686868686868,0.1913131313131313,19.13,0.1912101162373917,19.12,33.54567633505015,12.548686868686868,3.293618600705215,20.35,3,2.1199755897778694,2.215832980538267
EWR-FLL,EWR,Newark Liberty International Airport,FLL,Fort Lauderdale-Hollywood International Airport,40.6925,-74.16866,26.07258,-80.15275,3650,828,15.12958904109589,0.2268493150684931,22.68,0.2257629565330208,22.58,24.735700731905663,15.12958904109589,3.97102074569446,20.33,3,2.7004246346890275,0.8051747069172451
ORD-CLT,ORD,Chicago O'Hare International Airport,CLT,Charlotte Douglas International Airport,41.9796,-87.90446,35.21401,-80.94313,5035,949,11.758490566037736,0.188480635551142,18.85,0.1884344862704631,18.84,34.1217132014096,11.758490566037736,3.0862179963353635,20.3,3,1.9895946104134203,2.361911957494147
DFW-MCO,DFW,Dallas/Fort Worth International Airport,MCO,Orlando International Airport,32.89595,-97.0372,28.42889,-81.31603,4067,875,13.810917137939514,0.2151462994836488,21.51,0.2144495049193252,21.44,27.56166982922201,13.810917137939514,3.624912634629793,20.3,3,2.458088746688236,1.3195517781508668
LAX-SAN,LAX,Los Angeles International Airport,SAN,San Diego International Airport (Lindbergh Field),33.94254,-118.40807,32.73356,-117.18966,4772,935,10.805741827326068,0.1959346186085498,19.59,0.1957329817321075,19.57,32.339387367850364,10.805741827326068,2.83615271058427,20.25,3,1.9493945378009954,2.223946294900014
DFW-LAS,DFW,Dallas/Fort Worth International Airport,LAS,McCarran International Airport,32.89595,-97.0372,36.08036,-115.15233,4596,915,12.661227154046998,0.1990861618798955,19.91,0.1988098566862922,19.88,31.146652209270805,12.661227154046998,3.323156733345669,20.21,3,2.1617722961727073,1.9067029942201097
LGA-DFW,LGA,LaGuardia Airport (Marine Air Terminal),DFW,Dallas/Fort Worth International Airport,40.77724,-73.87261,32.89595,-97.0372,4724,919,13.430990685859442,0.1945385266723116,19.45,0.1943638240047322,19.44,32.01409596096504,13.430990685859442,3.5251944057373863,20.2,3,2.192308768187744,1.9520460359763507
LAS-OAK,LAS,McCarran International Airport,OAK,Oakland International Airport,36.08036,-115.15233,37.72129,-122.22072,3751,834,13.187683284457478,0.2223407091442282,22.23,0.2213999187221054,22.14,25.42016806722689,13.187683284457478,3.461334195395664,20.16,3,2.4017556230996613,1.0883518283668665
ORD-SEA,ORD,Chicago O'Hare International Airport,SEA,Seattle-Tacoma International Airport,41.9796,-87.90446,47.44898,-122.30931,4257,881,13.257458303969932,0.2069532534648813,20.7,0.2064748879960588,20.65,28.849281648143126,13.257458303969932,3.479647848811006,20.12,3,2.266729684941873,1.5560782993037874
DFW-IAH,DFW,Dallas/Fort Worth International Airport,IAH,George Bush Intercontinental Airport,32.89595,-97.0372,29.98047,-95.33972,4229,874,14.591629226767555,0.2066682430834712,20.67,0.2061933672900965,20.62,28.659528327460016,14.591629226767555,3.82982394403348,20.11,3,2.399641819024343,1.4136305068747448
PHX-ORD,PHX,Phoenix Sky Harbor International Airport,ORD,Chicago O'Hare International Airport,33.43417,-112.00806,41.9796,-87.90446,4771,907,14.660029343953047,0.1901068958289666,19.01,0.1900248587556617,19.0,32.332610463540256,14.660029343953047,3.847776730696338,20.06,3,2.230382207736124,1.891468612915342
MIA-DFW,MIA,Miami International Airport,DFW,Dallas/Fort Worth International Airport,25.79325,-80.29056,32.89595,-97.0372,3946,844,13.957171819564117,0.213887480993411,21.39,0.2132009607016382,21.32,26.74166440769856,13.957171819564117,3.663299690174308,20.03,3,2.3667000643497293,1.2158077281822846
SFO-PHX,SFO,San Francisco International Airport,PHX,Phoenix Sky Harbor International Airport,37.619,-122.37484,33.43417,-112.00806,5290,935,10.544234404536862,0.1767485822306238,17.67,0.1769222795916193,17.69,35.84982380048793,10.544234404536862,2.7675155917419585,19.99,3,1.6302960272902978,2.6990863620533436
DFW-SAT,DFW,Dallas/Fort Worth International Airport,SAT,San Antonio International Airport,32.89595,-97.0372,29.53369,-98.46978,5005,922,11.164035964035964,0.1842157842157842,18.42,0.184252906366078,18.43,33.91840607210626,11.164035964035964,2.930193166413639,19.98,3,1.7730964058132879,2.4077135586283265
LAS-ORD,LAS,McCarran International Airport,ORD,Chicago O'Hare International Airport,36.08036,-115.15233,41.9796,-87.90446,4611,887,14.192799826501844,0.1923660811103882,19.24,0.1922333022710312,19.22,31.248305773922475,14.192799826501844,3.7251443114178064,19.9,3,2.1503799451880465,1.804213008431456
IAH-ATL,IAH,George Bush Intercontinental Airport,ATL,Hartsfield-Jackson Atlanta International Airport,29.98047,-95.33972,33.64044,-84.42694,4291,860,14.99510603588907,0.2004194826380797,20.04,0.20009362035956,20.01,29.079696394686906,14.99510603588907,3.935723368999756,19.87,3,2.299517595506803,1.4530112260724901
LAS-JFK,LAS,McCarran International Airport,JFK,John F. Kennedy International Airport (New York International Airport),36.08036,-115.15233,40.63975,-73.77893,3995,829,15.196495619524406,0.2075093867334167,20.75,0.2069868344319482,20.7,27.07373271889401,15.196495619524406,3.988581527434227,19.79,3,2.3566509362259316,1.171987604255351
CLT-IAH,CLT,Charlotte Douglas International Airport,IAH,George Bush Intercontinental Airport,35.21401,-80.94313,29.98047,-95.33972,3787,809,14.761816741484024,0.2136255611301822,21.36,0.2129176966809436,21.29,25.66413662239089,14.761816741484024,3.8744925830666728,19.77,3,2.3570862397170145,1.0178237496447475
PHL-DFW,PHL,Philadelphia International Airport,DFW,Dallas/Fort Worth International Airport,39.87195,-75.24114,32.89595,-97.0372,3857,816,14.553279751101892,0.2115633912367124,21.16,0.2109201635074117,21.09,26.138519924098677,14.553279751101892,3.81975846485614,19.76,3,2.315173569201598,1.1022513211226126
MIA-ATL,MIA,Miami International Airport,ATL,Hartsfield-Jackson Atlanta International Airport,25.79325,-80.29056,33.64044,-84.42694,5588,913,11.33715103793844,0.1633858267716535,16.34,0.1637853528478952,16.38,37.86934128490106,11.33715103793844,2.97563019368463,19.74,3,1.4768966204616212,2.877441343145184
SEA-PHX,SEA,Seattle-Tacoma International Airport,PHX,Phoenix Sky Harbor International Airport,47.44898,-122.30931,33.43417,-112.00806,6215,912,8.852131938857603,0.1467417538213998,14.67,0.1473651760884921,14.74,42.11846028734074,8.852131938857603,2.3233942096739115,19.72,3,0.9948677457341892,3.5781122847692495
DTW-ATL,DTW,Detroit Metropolitan Airport,ATL,Hartsfield-Jackson Atlanta International Airport,42.21206,-83.34884,33.64044,-84.42694,5270,907,10.98842504743833,0.1721062618595825,17.21,0.1723670553070443,17.24,35.714285714285715,10.98842504743833,2.884101062319772,19.71,3,1.530977791434776,2.6569328948234454
DFW-PHL,DFW,Dallas/Fort Worth International Airport,PHL,Philadelphia International Airport,32.89595,-97.0372,39.87195,-75.24114,3857,811,13.142338605133524,0.210267046927664,21.03,0.2096565799845408,20.97,26.138519924098677,13.142338605133524,3.449432704759455,19.63,3,2.110945199941353,1.2376005990119476
MCO-SJU,MCO,Orlando International Airport,SJU,Luis Muñoz Marín International Airport,28.42889,-81.31603,18.43942,-66.00183,3804,808,12.359095688748686,0.2124079915878023,21.24,0.2117343972845358,21.17,25.779343995662774,12.359095688748686,3.2438571361545105,19.63,3,2.0468426985841934,1.2573652413066176
BOS-LAX,BOS,Gen. Edward Lawrence Logan International Airport,LAX,Los Angeles International Airport,42.36435,-71.00518,33.94254,-118.40807,4356,858,11.37534435261708,0.1969696969696969,19.7,0.196726006956649,19.67,29.520195174844133,11.37534435261708,2.985654685726268,19.63,3,1.8057896587715672,1.849026900012881
LAX-EWR,LAX,Los Angeles International Airport,EWR,Newark Liberty International Airport,33.94254,-118.40807,40.6925,-74.16866,4954,885,12.753330641905531,0.1786435203875656,17.86,0.1787912716657752,17.88,33.57278395229059,12.753330641905531,3.347330877140559,19.62,3,1.7614457749858512,2.243070232987606
LAS-SEA,LAS,McCarran International Airport,SEA,Seattle-Tacoma International Airport,36.08036,-115.15233,47.44898,-122.30931,5490,896,10.815482695810564,0.1632058287795992,16.32,0.1636155790695578,16.36,37.20520466251017,10.815482695810564,2.838709368979151,19.54,3,1.3551086179965066,2.855796202812237
ATL-DTW,ATL,Hartsfield-Jackson Atlanta International Airport,DTW,Detroit Metropolitan Airport,33.64044,-84.42694,42.21206,-83.34884,5281,890,10.310736602916114,0.1685286877485324,16.85,0.168855433376478,16.89,35.78883166169693,10.310736602916114,2.706230079505542,19.49,3,1.3464604379349512,2.737343118294386
IAH-DFW,IAH,George Bush Intercontinental Airport,DFW,Dallas/Fort Worth International Airport,29.98047,-95.33972,32.89595,-97.0372,4184,820,14.926625239005736,0.1959847036328872,19.6,0.1957542219885219,19.58,28.354567633505013,14.926625239005736,3.9177494065631855,19.42,3,2.097587688062925,1.3961964647742033
CLT-BWI,CLT,Charlotte Douglas International Airport,BWI,Baltimore-Washington International Airport,35.21401,-80.94313,39.1754,-76.6682,3650,778,12.235068493150685,0.2131506849315068,21.32,0.2124296231996875,21.24,24.735700731905663,12.235068493150685,3.2113040664437493,19.41,3,1.9615948624249675,1.1430174425379145
OAK-SAN,OAK,Oakland International Airport,SAN,San Diego International Airport (Lindbergh Field),37.72129,-122.22072,32.73356,-117.18966,3761,789,11.235309758043076,0.2097846317468758,20.98,0.2091714807041771,20.92,25.487937110328,11.235309758043076,2.948900198961437,19.37,3,1.8137186605686804,1.3397765522017384
MSY-ATL,MSY,Louis Armstrong New Orleans International Airport,ATL,Hartsfield-Jackson Atlanta International Airport,29.99339,-90.25803,33.64044,-84.42694,6079,868,9.594176673795031,0.1427866425398914,14.28,0.1434877952741265,14.35,41.19680130116563,9.594176673795031,2.518156607295284,19.29,3,0.8864937468882744,3.4229586276160977
ATL-JAX,ATL,Hartsfield-Jackson Atlanta International Airport,JAX,Jacksonville International Airport,33.64044,-84.42694,30.49406,-81.68786,5575,876,8.929686098654708,0.1571300448430493,15.71,0.1576407201760049,15.76,37.781241528869614,8.929686098654708,2.3437496321928366,19.25,3,0.9884082286665524,3.1043562729470593
ORD-CMH,ORD,Chicago O'Hare International Airport,CMH,Port Columbus International Airport,41.9796,-87.90446,39.99799,-82.89188,3683,759,13.985609557426011,0.2060819983708933,20.61,0.2055540806235337,20.56,24.95933857413933,13.985609557426011,3.670763663366408,19.13,3,1.9861629539466814,1.0462329314543246
CLT-DFW,CLT,Charlotte Douglas International Airport,DFW,Dallas/Fort Worth International Airport,35.21401,-80.94313,32.89595,-97.0372,4313,816,11.543936934848134,0.1891954555993508,18.92,0.1891255578968566,18.91,29.22878828950935,11.543936934848134,3.0299047073092216,19.11,3,1.570203028627183,1.8347345461943725
FLL-EWR,FLL,Fort Lauderdale-Hollywood International Airport,EWR,Newark Liberty International Airport,26.07258,-80.15275,40.6925,-74.16866,3638,747,15.137713029136888,0.2053326003298515,20.53,0.2048183753340899,20.48,24.65437788018433,15.137713029136888,3.9731530260201806,19.05,3,2.072631229035041,0.9102649508277804
EWR-ATL,EWR,Newark Liberty International Airport,ATL,Hartsfield-Jackson Atlanta International Airport,40.6925,-74.16866,33.64044,-84.42694,5456,841,12.042888563049852,0.1541422287390029,15.41,0.154717618250329,15.47,36.97478991596639,12.042888563049852,3.160863139908098,19.0,3,1.201370899093677,2.7432713998736924
SFO-SLC,SFO,San Francisco International Airport,SLC,Salt Lake City International Airport,37.619,-122.37484,40.78839,-111.97777,3519,735,13.48820687695368,0.2088661551577152,20.89,0.2082373824257607,20.82,23.847926267281107,13.48820687695368,3.540211778728,18.99,3,1.9082036599429435,0.9488591804005029
IAD-LAX,IAD,Washington Dulles International Airport,LAX,Los Angeles International Airport,38.94453,-77.45581,33.94254,-118.40807,3920,774,12.572704081632653,0.1974489795918367,19.74,0.1971669370643851,19.72,26.56546489563567,12.572704081632653,3.299922331137179,18.97,3,1.7070759729113598,1.4034121364343122
ATL-IAH,ATL,Hartsfield-Jackson Atlanta International Airport,IAH,George Bush Intercontinental Airport,33.64044,-84.42694,29.98047,-95.33972,4168,789,12.888195777351248,0.189299424184261,18.93,0.1892247157916654,18.92,28.24613716454324,12.888195777351248,3.382728550485892,18.92,3,1.6486959469340563,1.601707399054986
PDX-SFO,PDX,Portland International Airport,SFO,San Francisco International Airport,45.58872,-122.5975,37.619,-122.37484,4525,812,12.113370165745856,0.1794475138121547,17.94,0.179591586378125,17.96,30.665492003252915,12.113370165745856,3.179362248227259,18.92,3,1.4683047178498132,1.9818973449376844
LAS-DFW,LAS,McCarran International Airport,DFW,Dallas/Fort Worth International Airport,36.08036,-115.15233,32.89595,-97.0372,4563,806,13.91913214990138,0.1766381766381766,17.66,0.1768413225388865,17.68,30.923014367037137,13.91913214990138,3.653315524908499,18.89,3,1.6192363369416234,1.8560935890092845
SEA-LAS,SEA,Seattle-Tacoma International Airport,LAS,McCarran International Airport,47.44898,-122.30931,36.08036,-115.15233,5480,842,8.620437956204379,0.1536496350364963,15.36,0.1542313775983562,15.42,37.137435619409054,8.620437956204379,2.262582140736057,18.88,3,0.7934874319319506,3.0750178524021847
DEN-SAN,DEN,Denver International Airport,SAN,San Diego International Airport (Lindbergh Field),39.85841,-104.667,32.73356,-117.18966,4283,798,10.983422834461823,0.1863180014008872,18.63,0.1863132756100452,18.63,29.025481160206017,10.983422834461823,2.8827881455280377,18.87,3,1.4014066036598614,1.8762056777560114
BOS-BWI,BOS,Gen. Edward Lawrence Logan International Airport,BWI,Baltimore-Washington International Airport,42.36435,-71.00518,39.1754,-76.6682,4729,819,11.273842249947135,0.1731867202368365,17.32,0.1734543563882435,17.35,32.047980482515584,11.273842249947135,2.959013713896886,18.87,3,1.296854030219986,2.2325111781179454
PHX-SLC,PHX,Phoenix Sky Harbor International Airport,SLC,Salt Lake City International Airport,33.43417,-112.00806,40.78839,-111.97777,5955,832,8.307136859781696,0.1397145256087321,13.97,0.1404807740708221,14.05,40.35646516671185,8.307136859781696,2.180350881832466,18.85,3,0.5721643889885469,3.4619254582956858
ATL-MSY,ATL,Hartsfield-Jackson Atlanta International Airport,MSY,Louis Armstrong New Orleans International Airport,33.64044,-84.42694,29.99339,-90.25803,6058,826,8.381809177946517,0.1363486299108616,13.63,0.1371567208507353,13.72,41.054486310653296,8.381809177946517,2.1999499154715267,18.83,3,0.5281420452705476,3.530938501766801
HOU-ATL,HOU,William P. Hobby Airport,ATL,Hartsfield-Jackson Atlanta International Airport,29.64542,-95.27889,33.64044,-84.42694,4385,799,11.871379703534778,0.182212086659065,18.22,0.1822990160532504,18.23,29.71672539983736,11.871379703534778,3.115847691216477,18.83,3,1.44235361693081,1.888383906788948
ATL-BOS,ATL,Hartsfield-Jackson Atlanta International Airport,BOS,Gen. Edward Lawrence Logan International Airport,33.64044,-84.42694,42.36435,-71.00518,5066,823,9.9498618239242,0.1624555862613501,16.25,0.1629134895468114,16.29,34.331797235023046,9.9498618239242,2.6115122897438847,18.75,3,0.9991461809805301,2.6342003439397055
DFW-PHX,DFW,Dallas/Fort Worth International Airport,PHX,Phoenix Sky Harbor International Airport,32.89595,-97.0372,33.43417,-112.00806,4447,795,11.54193838542838,0.1787722059815606,17.88,0.178933601715159,17.89,30.136893467064247,11.54193838542838,3.0293801536557425,18.72,3,1.3359855092034119,1.978905783761675
SLC-PHX,SLC,Salt Lake City International Airport,PHX,Phoenix Sky Harbor International Airport,40.78839,-111.97777,33.43417,-112.00806,5946,818,8.589640094180963,0.1375714766229397,13.76,0.13837431144539,13.84,40.29547302792085,8.589640094180963,2.254498712383455,18.72,3,0.5339034555073323,3.433675371316156
JFK-LAS,JFK,John F. Kennedy International Airport (New York International Airport),LAS,McCarran International Airport,40.63975,-73.77893,36.08036,-115.15233,4008,763,12.937874251497004,0.1903692614770459,19.04,0.1902656005352551,19.03,27.16183247492545,12.937874251497004,3.395767520077954,18.72,3,1.5953654601384017,1.4709817600404091
CLE-ORD,CLE,Cleveland Hopkins International Airport,ORD,Chicago O'Hare International Airport,41.41089,-81.8494,41.9796,-87.90446,4372,784,13.459515096065871,0.1793229643183897,17.93,0.1794747511178059,17.95,29.62862564380591,13.459515096065871,3.532681127576345,18.71,3,1.5385612997346214,1.745883152962949
SJU-JFK,SJU,Luis Muñoz Marín International Airport,JFK,John F. Kennedy International Airport (New York International Airport),18.43942,-66.00183,40.63975,-73.77893,4734,797,13.668356569497254,0.1683565694972539,16.84,0.1687238491929723,16.87,32.08186500406614,13.668356569497254,3.5874951625977043,18.68,3,1.4364421879393816,2.0347908792706293
BOS-ATL,BOS,Gen. Edward Lawrence Logan International Airport,ATL,Hartsfield-Jackson Atlanta International Airport,42.36435,-71.00518,33.64044,-84.42694,5044,801,11.1558287073751,0.158802537668517,15.88,0.1593334150464284,15.93,34.1827053402006,11.1558287073751,2.9280390308071125,18.54,3,1.0174619796162718,2.5201626388545204
SFO-BOS,SFO,San Francisco International Airport,BOS,Gen. Edward Lawrence Logan International Airport,37.619,-122.37484,42.36435,-71.00518,4202,760,12.225368871965731,0.1808662541646835,18.09,0.1809881652716941,18.1,28.476551911087014,12.225368871965731,3.20875823411174,18.46,3,1.3417800430281261,1.725780775573524
ANC-SEA,ANC,Ted Stevens Anchorage International Airport,SEA,Seattle-Tacoma International Airport,61.17432,-149.99619,47.44898,-122.30931,6834,744,6.03921568627451,0.1088674275680421,10.89,0.1099814085663149,11.0,46.31336405529954,6.03921568627451,1.5850959806494775,18.42,3,-0.2429519718707763,4.282675970571278
SFO-SNA,SFO,San Francisco International Airport,SNA,John Wayne Airport (Orange County Airport),37.619,-122.37484,33.67566,-117.86822,4587,782,9.824286025724875,0.1704817963810769,17.05,0.1708152521866499,17.08,31.085660070479804,9.824286025724875,2.578552762657448,18.41,3,0.9638602398043224,2.2724518571914336
LGA-CLT,LGA,LaGuardia Airport (Marine Air Terminal),CLT,Charlotte Douglas International Airport,40.77724,-73.87261,35.21401,-80.94313,3914,733,12.391670924885029,0.1872764435360245,18.73,0.1872474058293044,18.72,26.524803469775005,12.391670924885029,3.2524070668989573,18.35,3,1.3843347720211125,1.4655329380910718
SFO-PDX,SFO,San Francisco International Airport,PDX,Portland International Airport,37.619,-122.37484,45.58872,-122.5975,4548,770,11.306948109058927,0.1693051890941073,16.93,0.1696667570995757,16.97,30.821360802385477,11.306948109058927,2.967702915763498,18.33,3,1.0826489639838082,2.1127572458751636
PHX-DFW,PHX,Phoenix Sky Harbor International Airport,DFW,Dallas/Fort Worth International Airport,33.43417,-112.00806,32.89595,-97.0372,4438,764,11.125281658404688,0.1721496169445696,17.21,0.1724572690610022,17.25,30.075901328273247,11.125281658404688,2.9200214326521485,18.31,3,1.0854966926121747,2.038358798905329
MDW-ATL,MDW,Chicago Midway International Airport,ATL,Hartsfield-Jackson Atlanta International Airport,41.78598,-87.75242,33.64044,-84.42694,4905,777,10.768603465851172,0.1584097859327217,15.84,0.15896325414562,15.9,33.24071564109515,10.768603465851172,2.826405109147289,18.27,3,0.8854561158305457,2.4582000566549667
ATL-LAS,ATL,Hartsfield-Jackson Atlanta International Airport,LAS,McCarran International Airport,33.64044,-84.42694,36.08036,-115.15233,4495,764,11.119688542825362,0.1699666295884316,17.0,0.1703179732315186,17.03,30.462184873949575,11.119688542825362,2.918553423313744,18.27,3,1.0505386407559163,2.0888557850140264
SAN-DEN,SAN,San Diego International Airport (Lindbergh Field),DEN,Denver International Airport,32.73356,-117.18966,39.85841,-104.667,4566,767,9.924003504161192,0.1679807271134472,16.8,0.1683692856834179,16.84,30.94334507996747,9.924003504161192,2.604725329176166,18.23,3,0.8894228289563255,2.2576083066328985
ATL-MIA,ATL,Hartsfield-Jackson Atlanta International Airport,MIA,Miami International Airport,33.64044,-84.42694,25.79325,-80.29056,5589,780,8.229200214707461,0.1395598497047772,13.96,0.1403781133764858,14.04,37.87611818921117,8.229200214707461,2.159895069477024,18.22,3,0.3684593831586729,3.2204404331191925
MCO-DFW,MCO,Orlando International Airport,DFW,Dallas/Fort Worth International Airport,28.42889,-81.31603,32.89595,-97.0372,4055,728,14.100369913686809,0.1795314426633785,17.95,0.1796897922981535,17.97,27.48034697750068,14.100369913686809,3.700884491781314,18.21,3,1.441444021165565,1.4519652595674268
HNL-LAX,HNL,Honolulu International Airport,LAX,Los Angeles International Airport,21.31869,-157.92241,33.94254,-118.40807,5647,752,12.09385514432442,0.1331680538338941,13.32,0.1340892791019363,13.41,38.26917863919761,12.09385514432442,3.1742401953607406,18.09,3,0.6567466413185848,2.920897287444932
AUS-DAL,AUS,Austin-Bergstrom International Airport,DAL,Dallas Love Field,30.19453,-97.66987,32.84711,-96.85177,4219,734,11.068262621474284,0.1739748755629296,17.4,0.1742558664039889,17.43,28.591759284358904,11.068262621474284,2.905055806161229,18.04,3,1.0110424523819945,1.8751492527547724
KOA-HNL,KOA,Kona International Airport at Keahole,HNL,Honolulu International Airport,19.73877,-156.04563,21.31869,-157.92241,6895,681,5.100072516316171,0.0987672226250906,9.88,0.1000158809147717,10.0,46.72675521821632,5.100072516316171,1.338601710319205,17.88,3,-0.6552748184055249,4.411574976713087
ATL-MDW,ATL,Hartsfield-Jackson Atlanta International Airport,MDW,Chicago Midway International Airport,33.64044,-84.42694,41.78598,-87.75242,4900,741,9.861632653061225,0.1512244897959183,15.12,0.1519222173997656,15.19,33.2068311195446,9.861632653061225,2.5883550270501905,17.8,3,0.5562438190910127,2.5629759240881227
JAX-ATL,JAX,Jacksonville International Airport,ATL,Hartsfield-Jackson Atlanta International Airport,30.49406,-81.68786,33.64044,-84.42694,5563,725,9.283659895739708,0.1303253640122236,13.03,0.131310451527252,13.13,37.69991867714828,9.283659895739708,2.4366561406140965,17.67,3,0.19155267266609388,3.129485905861617
ATL-MSP,ATL,Hartsfield-Jackson Atlanta International Airport,MSP,Minneapolis-Saint Paul International Airport,33.64044,-84.42694,44.88055,-93.21692,5153,727,7.860857752765379,0.1410828643508635,14.11,0.1419400508278751,14.19,34.92138791000271,7.860857752765379,2.063217257943669,17.55,3,0.14320343539262348,2.9535450944394523
RDU-ATL,RDU,Raleigh-Durham International Airport,ATL,Hartsfield-Jackson Atlanta International Airport,35.87764,-78.78747,33.64044,-84.42694,5137,699,10.183570177146194,0.1360716371423009,13.61,0.1370271313726996,13.7,34.81295744104093,10.183570177146194,2.6728530648677675,17.32,3,0.25710006449773154,2.745393803591266
AUS-DFW,AUS,Austin-Bergstrom International Airport,DFW,Dallas/Fort Worth International Airport,30.19453,-97.66987,32.89595,-97.0372,4943,689,11.505968035605909,0.1393890349989884,13.94,0.1403155040648082,14.03,33.49823800487937,11.505968035605909,3.0199391169569307,17.25,3,0.41587781907948984,2.482708862981346
